race_id,race_date,race_number,track,distance,horse,jockey,trainer,weight,finish_position,recent_form,track_form,distance_form,jockey_form,trainer_form,weight_score,agf_score,history_count,hp
2026-08-22-Ankara 75. Yıl Hipodromu-1,2026-08-22,1,Ankara 75. Yıl Hipodromu,1400.0,BEŞİRHAT,MEHMET TAHA COŞKUN,RAMAZAN KAYA,57.0,1,0.0,50.0,50.0,50.0,50.0,88.0,0.0,0,42.0
2026-08-22-Ankara 75. Yıl Hipodromu-1,2026-08-22,1,Ankara 75. Yıl Hipodromu,1400.0,CEO ENDER,MÜSLÜM ÇELİK,ARZU KILIÇ,55.0,6,0.0,50.0,50.0,50.0,50.0,80.0,0.0,0,37.0
2026-08-22-Ankara 75. Yıl Hipodromu-1,2026-08-22,1,Ankara 75. Yıl Hipodromu,1400.0,DERTSAÇANKIZ,HIŞMAN ÇİZİK,HASAN YILDIRIM,55.0,2,0.0,50.0,50.0,50.0,50.0,80.0,0.0,0,43.0
2026-08-22-Ankara 75. Yıl Hipodromu-1,2026-08-22,1,Ankara 75. Yıl Hipodromu,1400.0,KIZIM BİNDAL,ERCAN ÇANKAYA,MERT KORKMAZ,55.0,4,0.0,50.0,50.0,50.0,50.0,80.0,0.0,0,40.0
2026-08-22-Ankara 75. Yıl Hipodromu-1,2026-08-22,1,Ankara 75. Yıl Hipodromu,1400.0,MAHPAREM,SALİH ÇELİK,MEHMET ÇELİK,55.0,7,0.0,50.0,50.0,50.0,50.0,80.0,0.0,0,21.0
2026-08-22-Ankara 75. Yıl Hipodromu-1,2026-08-22,1,Ankara 75. Yıl Hipodromu,1400.0,ÇÖL KASIRGASI,VEDAT ABİŞ,İSMAİL ÇEÇAN,55.0,3,0.0,50.0,50.0,50.0,50.0,80.0,0.0,0,29.0
2026-08-22-Ankara 75. Yıl Hipodromu-1,2026-08-22,1,Ankara 75. Yıl Hipodromu,1400.0,ÖZBEK PRENSESİ,MEHMET NURİ SUNKAR,MEHMET DEMİROL,55.0,8,0.0,50.0,50.0,50.0,50.0,80.0,0.0,0,33.0
2026-08-22-Ankara 75. Yıl Hipodromu-1,2026-08-22,1,Ankara 75. Yıl Hipodromu,1400.0,ŞEHVER SULTAN,ERAY ÇİZİK,SERHAT POLAT,55.0,5,0.0,50.0,50.0,50.0,50.0,80.0,0.0,0,43.0
2026-08-22-Ankara 75. Yıl Hipodromu-2,2026-08-22,2,Ankara 75. Yıl Hipodromu,2100.0,ALAMETİ FARİKA,İSMAİL YILDIRIM,İSMAİL ÇEÇAN,59.5,6,0.0,50.0,50.0,50.0,50.0,98.0,8.18,0,71.0
2026-08-22-Ankara 75. Yıl Hipodromu-2,2026-08-22,2,Ankara 75. Yıl Hipodromu,2100.0,BARBOOM,ERAY ÇİZİK,İBRAHİM BEKİROĞULLARI,52.0,3,0.0,50.0,50.0,50.0,50.0,68.0,19.56,0,50.0
2026-08-22-Ankara 75. Yıl Hipodromu-2,2026-08-22,2,Ankara 75. Yıl Hipodromu,2100.0,FEMALE WARRIOR,MERT ALİ SOLMAZ,VEDAT YILDIRIM,51.0,2,0.0,50.0,50.0,50.0,50.0,64.0,14.37,0,44.0
2026-08-22-Ankara 75. Yıl Hipodromu-2,2026-08-22,2,Ankara 75. Yıl Hipodromu,2100.0,HEARTS PATH,ENES ATLAMAZ,İSMET AKKILIÇ,57.0,5,0.0,50.0,50.0,50.0,50.0,88.0,10.56,0,68.0
2026-08-22-Ankara 75. Yıl Hipodromu-2,2026-08-22,2,Ankara 75. Yıl Hipodromu,2100.0,MY LADY BUG,VEDAT ABİŞ,VEDAT YILDIRIM,56.0,4,0.0,50.0,50.0,50.0,50.0,84.0,20.04,0,60.0
2026-08-22-Ankara 75. Yıl Hipodromu-2,2026-08-22,2,Ankara 75. Yıl Hipodromu,2100.0,ROSAS DEL ROSEDAL,MEHMET ALİ AKGÖBEK,HÜSEYİN SUNKAR,57.5,7,0.0,50.0,50.0,50.0,50.0,90.0,6.1,0,63.0
2026-08-22-Ankara 75. Yıl Hipodromu-2,2026-08-22,2,Ankara 75. Yıl Hipodromu,2100.0,SEQUOIA,MÜCAHİT BAYIR,SAVAŞ GÜRKAN,50.0,1,0.0,50.0,50.0,50.0,50.0,60.0,17.67,0,42.0
2026-08-22-Ankara 75. Yıl Hipodromu-2,2026-08-22,2,Ankara 75. Yıl Hipodromu,2100.0,SILENT RUNNER,MEHMET KESKİN,ÖMER FARUK TAN,51.0,8,0.0,50.0,50.0,50.0,50.0,64.0,3.52,0,41.0
2026-08-22-Ankara 75. Yıl Hipodromu-3,2026-08-22,3,Ankara 75. Yıl Hipodromu,1400.0,ACACIUS,MERT ALİ SOLMAZ,VEDAT YILDIRIM,57.0,7,0.0,50.0,50.0,50.0,50.0,88.0,4.65,0,0.0
2026-08-22-Ankara 75. Yıl Hipodromu-3,2026-08-22,3,Ankara 75. Yıl Hipodromu,1400.0,BABA OCAĞI,VEDAT ABİŞ,UĞUR KULAK,57.0,6,0.0,50.0,50.0,50.0,50.0,88.0,22.51,0,0.0
2026-08-22-Ankara 75. Yıl Hipodromu-3,2026-08-22,3,Ankara 75. Yıl Hipodromu,1400.0,BYAL KLADENETS,BURHAN KILINÇ,YÜCEL ŞİMŞEK,57.0,4,0.0,50.0,50.0,50.0,50.0,88.0,7.8,0,0.0
2026-08-22-Ankara 75. Yıl Hipodromu-3,2026-08-22,3,Ankara 75. Yıl Hipodromu,1400.0,CLASSY MAN,MEHMET AKYAVUZ,İSMET AKKILIÇ,57.0,5,0.0,50.0,50.0,50.0,50.0,88.0,3.41,0,0.0
2026-08-22-Ankara 75. Yıl Hipodromu-3,2026-08-22,3,Ankara 75. Yıl Hipodromu,1400.0,DRAGON IS FATHER,NİZAMETTİN DEMİR,MERT KORKMAZ,57.0,3,0.0,50.0,50.0,50.0,50.0,88.0,1.64,0,0.0
2026-08-22-Ankara 75. Yıl Hipodromu-3,2026-08-22,3,Ankara 75. Yıl Hipodromu,1400.0,GIANT WAVE,ERCAN ÇANKAYA,İBRAHİM BEKİROĞULLARI,57.0,2,0.0,50.0,50.0,50.0,50.0,88.0,12.92,0,0.0
2026-08-22-Ankara 75. Yıl Hipodromu-3,2026-08-22,3,Ankara 75. Yıl Hipodromu,1400.0,HEGEMONYA,GÖKHAN KOCAKAYA,CANER AKGÜL,57.0,1,0.0,50.0,50.0,50.0,50.0,88.0,44.98,0,0.0
2026-08-22-Ankara 75. Yıl Hipodromu-3,2026-08-22,3,Ankara 75. Yıl Hipodromu,1400.0,OSMAN HAN,FATİH SULTAN MEHMET SANSAR,ADNAN POLAT,57.0,8,0.0,50.0,50.0,50.0,50.0,88.0,2.09,0,0.0
2026-08-22-Ankara 75. Yıl Hipodromu-4,2026-08-22,4,Ankara 75. Yıl Hipodromu,1300.0,KINZHAL,VEDAT ABİŞ,İBRAHİM BEKİROĞULLARI,55.0,2,0.0,50.0,50.0,50.0,50.0,80.0,33.22,0,52.0
2026-08-22-Ankara 75. Yıl Hipodromu-4,2026-08-22,4,Ankara 75. Yıl Hipodromu,1300.0,LA MUNECA,HIŞMAN ÇİZİK,HÜSEYİN SUNKAR,54.0,5,0.0,50.0,50.0,50.0,50.0,76.0,4.35,0,41.0
2026-08-22-Ankara 75. Yıl Hipodromu-4,2026-08-22,4,Ankara 75. Yıl Hipodromu,1300.0,QUEEN ÇINAR,AHMET ÇELİK,MEHMET ARICI,55.0,3,0.0,50.0,50.0,50.0,50.0,80.0,24.26,0,51.0
2026-08-22-Ankara 75. Yıl Hipodromu-4,2026-08-22,4,Ankara 75. Yıl Hipodromu,1300.0,SISTINE GALLOP,GÖKHAN KOCAKAYA,CANER AKGÜL,54.0,1,0.0,50.0,50.0,50.0,50.0,76.0,25.88,0,44.0
2026-08-22-Ankara 75. Yıl Hipodromu-4,2026-08-22,4,Ankara 75. Yıl Hipodromu,1300.0,TOM RAIDER,ÖZCAN YILDIRIM,SEİT KAN,59.0,4,0.0,50.0,50.0,50.0,50.0,96.0,12.28,0,62.0
2026-08-22-Ankara 75. Yıl Hipodromu-5,2026-08-22,5,Ankara 75. Yıl Hipodromu,1600.0,FAST PILOT,FATİH SULTAN MEHMET SANSAR,AYHAN POLAT,52.5,3,0.0,50.0,50.0,50.0,50.0,70.0,3.55,0,88.0
2026-08-22-Ankara 75. Yıl Hipodromu-5,2026-08-22,5,Ankara 75. Yıl Hipodromu,1600.0,GEL OGLİM,HIŞMAN ÇİZİK,SALİH BECENE,57.5,4,0.0,50.0,50.0,50.0,50.0,90.0,8.49,0,98.0
2026-08-22-Ankara 75. Yıl Hipodromu-5,2026-08-22,5,Ankara 75. Yıl Hipodromu,1600.0,MAGIC SELECTRA,VEDAT ABİŞ,HAKAN YÜZBAŞI,58.5,2,0.0,50.0,50.0,50.0,50.0,94.0,18.02,0,100.0
2026-08-22-Ankara 75. Yıl Hipodromu-5,2026-08-22,5,Ankara 75. Yıl Hipodromu,1600.0,TULUMAR,AHMET ÇELİK,HÜSEYİN TEKİNALP,61.0,5,0.0,50.0,50.0,50.0,50.0,96.0,15.82,0,105.0
2026-08-22-Ankara 75. Yıl Hipodromu-5,2026-08-22,5,Ankara 75. Yıl Hipodromu,1600.0,WHIZBANG,GÖKHAN KOCAKAYA,ENVER MUTLU,53.5,1,0.0,50.0,50.0,50.0,50.0,74.0,54.13,0,99.0
2026-08-22-Ankara 75. Yıl Hipodromu-6,2026-08-22,6,Ankara 75. Yıl Hipodromu,1400.0,EL VERDUGO,ÖZCAN YILDIRIM,SERHAT POLAT,58.5,7,0.0,50.0,50.0,50.0,50.0,94.0,14.28,0,66.0
2026-08-22-Ankara 75. Yıl Hipodromu-6,2026-08-22,6,Ankara 75. Yıl Hipodromu,1400.0,FORGIVE AND FORGET,FATİH SULTAN MEHMET SANSAR,CUMA DEMİR,52.0,5,0.0,50.0,50.0,50.0,50.0,68.0,2.24,0,49.0
2026-08-22-Ankara 75. Yıl Hipodromu-6,2026-08-22,6,Ankara 75. Yıl Hipodromu,1400.0,GECENİN ATEŞİ,MEHMET KESKİN,ÖMER FARUK TAN,58.0,4,0.0,50.0,50.0,50.0,50.0,92.0,29.59,0,65.0
2026-08-22-Ankara 75. Yıl Hipodromu-6,2026-08-22,6,Ankara 75. Yıl Hipodromu,1400.0,GENERAL SHERMAN,MÜSLÜM ÇELİK,UMUT ÇİÇEK,53.0,1,0.0,50.0,50.0,50.0,50.0,72.0,22.3,0,55.0
2026-08-22-Ankara 75. Yıl Hipodromu-6,2026-08-22,6,Ankara 75. Yıl Hipodromu,1400.0,ONE PAGE,HIŞMAN ÇİZİK,ERGÜN ÇETİNKURT,58.5,3,0.0,50.0,50.0,50.0,50.0,94.0,12.15,0,66.0
2026-08-22-Ankara 75. Yıl Hipodromu-6,2026-08-22,6,Ankara 75. Yıl Hipodromu,1400.0,SECRET MAN,MEHMET AKYAVUZ,ERDAL AKYAVUZ,60.5,2,0.0,50.0,50.0,50.0,50.0,98.0,8.89,0,70.0
2026-08-22-Ankara 75. Yıl Hipodromu-6,2026-08-22,6,Ankara 75. Yıl Hipodromu,1400.0,SIRIUS BLACK,SERHAT ÇELİK,MEHMET DEMİROL,60.0,8,0.0,50.0,50.0,50.0,50.0,100.0,7.59,0,75.0
2026-08-22-Ankara 75. Yıl Hipodromu-6,2026-08-22,6,Ankara 75. Yıl Hipodromu,1400.0,TURBO FANI,MÜCAHİT BAYIR,YUNUS TUNCAY,54.5,6,0.0,50.0,50.0,50.0,50.0,78.0,2.96,0,58.0
2026-08-22-Ankara 75. Yıl Hipodromu-7,2026-08-22,7,Ankara 75. Yıl Hipodromu,2000.0,BİNBİR FATİH,MEHMET KESKİN,ÇETİN ARSLAN,51.0,6,0.0,50.0,50.0,50.0,50.0,64.0,2.48,0,68.0
2026-08-22-Ankara 75. Yıl Hipodromu-7,2026-08-22,7,Ankara 75. Yıl Hipodromu,2000.0,CİHANA BEDEL,MEHMET NURİ SUNKAR,ÇETİN ARSLAN,62.5,11,0.0,50.0,50.0,50.0,50.0,90.0,3.14,0,90.0
2026-08-22-Ankara 75. Yıl Hipodromu-7,2026-08-22,7,Ankara 75. Yıl Hipodromu,2000.0,HIZLI İBRAHİM,MÜSLÜM ÇELİK,İSMAİL ÇEÇAN,52.0,4,0.0,50.0,50.0,50.0,50.0,68.0,13.41,0,71.0
2026-08-22-Ankara 75. Yıl Hipodromu-7,2026-08-22,7,Ankara 75. Yıl Hipodromu,2000.0,KETHÜDA,VEDAT ABİŞ,HİKMET TURAN,53.0,3,0.0,50.0,50.0,50.0,50.0,72.0,18.61,0,76.0
2026-08-22-Ankara 75. Yıl Hipodromu-7,2026-08-22,7,Ankara 75. Yıl Hipodromu,2000.0,LİDERKATI,MEHMET AKYAVUZ,CASIM KATI,56.0,12,0.0,50.0,50.0,50.0,50.0,84.0,2.29,0,82.0
2026-08-22-Ankara 75. Yıl Hipodromu-7,2026-08-22,7,Ankara 75. Yıl Hipodromu,2000.0,MUHAFIZ,MEHMET TAHA COŞKUN,YAKUP MİSDİK,60.0,1,0.0,50.0,50.0,50.0,50.0,100.0,11.72,0,91.0
2026-08-22-Ankara 75. Yıl Hipodromu-7,2026-08-22,7,Ankara 75. Yıl Hipodromu,2000.0,NUSRET OĞLU,AHMET ÇELİK,MEHMET ALİ CANPOLATLI,59.0,2,0.0,50.0,50.0,50.0,50.0,96.0,19.88,0,88.0
2026-08-22-Ankara 75. Yıl Hipodromu-7,2026-08-22,7,Ankara 75. Yıl Hipodromu,2000.0,PUSAT BEYİ,MEHMET ALİ AKGÖBEK,MEHMET ARSLAN,54.5,10,0.0,50.0,50.0,50.0,50.0,78.0,0.81,0,74.0
2026-08-22-Ankara 75. Yıl Hipodromu-7,2026-08-22,7,Ankara 75. Yıl Hipodromu,2000.0,SİDAR BEY,İSMAİL YILDIRIM,MEHMET DEMİROL,60.0,9,0.0,50.0,50.0,50.0,50.0,100.0,4.12,0,89.0
2026-08-22-Ankara 75. Yıl Hipodromu-7,2026-08-22,7,Ankara 75. Yıl Hipodromu,2000.0,TAÇYİĞİT,SERHAT ÇELİK,MEHMET DEMİROL,58.5,5,0.0,50.0,50.0,50.0,50.0,94.0,9.68,0,88.0
2026-08-22-Ankara 75. Yıl Hipodromu-7,2026-08-22,7,Ankara 75. Yıl Hipodromu,2000.0,YILMA TAY,ERCAN ÇANKAYA,YUSUF AKBULUT,60.0,8,0.0,50.0,50.0,50.0,50.0,100.0,10.42,0,90.0
2026-08-22-Ankara 75. Yıl Hipodromu-7,2026-08-22,7,Ankara 75. Yıl Hipodromu,2000.0,İSKİT ALP,MERT GÖKALP ARSLAN,AYCAN POLAT,54.0,7,0.0,50.0,50.0,50.0,50.0,76.0,3.43,0,73.0
2026-08-22-Diyarbakır Hipodromu-1,2026-08-22,1,Diyarbakır Hipodromu,1200.0,AVDANCI,FERİT YARDIMCI,İBRAHİM ATMACA,55.0,6,0.0,50.0,50.0,50.0,50.0,80.0,12.56,0,0.0
2026-08-22-Diyarbakır Hipodromu-1,2026-08-22,1,Diyarbakır Hipodromu,1200.0,FIRATHAN AĞASI,LEVENT TAPTIK,MEHMET KAYA,55.0,3,0.0,50.0,50.0,50.0,50.0,80.0,4.95,0,21.0
2026-08-22-Diyarbakır Hipodromu-1,2026-08-22,1,Diyarbakır Hipodromu,1200.0,HARŞENA,SAMİ KAPLAN,ABDULKADİR AKIL,55.0,8,0.0,50.0,50.0,50.0,50.0,80.0,1.27,0,0.0
2026-08-22-Diyarbakır Hipodromu-1,2026-08-22,1,Diyarbakır Hipodromu,1200.0,IŞIKALP,İSA AKYAVUZ,MEHMET ALTIN,55.0,4,0.0,50.0,50.0,50.0,50.0,80.0,6.22,0,20.0
2026-08-22-Diyarbakır Hipodromu-1,2026-08-22,1,Diyarbakır Hipodromu,1200.0,KRAL LAMİ,AZİZ AKDEMİR,ERCAN ALTIN,57.0,2,0.0,50.0,50.0,50.0,50.0,88.0,27.9,0,0.0
2026-08-22-Diyarbakır Hipodromu-1,2026-08-22,1,Diyarbakır Hipodromu,1200.0,MESUTBEYİ,REMZİ DOĞAN,MEHMET ALTIN,57.0,10,0.0,50.0,50.0,50.0,50.0,88.0,1.38,0,0.0
2026-08-22-Diyarbakır Hipodromu-1,2026-08-22,1,Diyarbakır Hipodromu,1200.0,MİRAÇHAT,AHMET HASAN BAYAR,MEHMET ALİ SUBAY,55.0,9,0.0,50.0,50.0,50.0,50.0,80.0,0.8,0,0.0
2026-08-22-Diyarbakır Hipodromu-1,2026-08-22,1,Diyarbakır Hipodromu,1200.0,TİGRİS HANIM,İSA KATAR,ELİF AÇMAZ,55.0,5,0.0,50.0,50.0,50.0,50.0,80.0,5.34,0,26.0
2026-08-22-Diyarbakır Hipodromu-1,2026-08-22,1,Diyarbakır Hipodromu,1200.0,URFA KAPLANI,MUSTAFA IŞIK,RESUL KAYA,56.0,7,0.0,50.0,50.0,50.0,50.0,84.0,4.13,0,26.0
2026-08-22-Diyarbakır Hipodromu-1,2026-08-22,1,Diyarbakır Hipodromu,1200.0,ÇİZİKKARDEŞLER,ABDULLAH ÇANKAYA,VELİ ÇİZİK,55.0,11,0.0,50.0,50.0,50.0,50.0,80.0,16.68,0,0.0
2026-08-22-Diyarbakır Hipodromu-1,2026-08-22,1,Diyarbakır Hipodromu,1200.0,ÇİĞDEMGELİN,NECMİ ALTIN,HASAN TEKİNALP,55.0,1,0.0,50.0,50.0,50.0,50.0,80.0,18.78,0,27.0
2026-08-22-Diyarbakır Hipodromu-2,2026-08-22,2,Diyarbakır Hipodromu,1800.0,ARAMİTH,HAKİM YÖNDEN,ELİF AÇMAZ,60.0,10,0.0,50.0,50.0,50.0,50.0,100.0,4.46,0,69.0
2026-08-22-Diyarbakır Hipodromu-2,2026-08-22,2,Diyarbakır Hipodromu,1800.0,ASALTIN,İSA KATAR,SÜLEYMAN KARAKEÇİLİ,58.0,11,0.0,50.0,50.0,50.0,50.0,92.0,10.08,0,81.0
2026-08-22-Diyarbakır Hipodromu-2,2026-08-22,2,Diyarbakır Hipodromu,1800.0,CALIBRATION,FERİT YARDIMCI,MEHMET KAYA,56.0,2,0.0,50.0,50.0,50.0,50.0,84.0,10.58,0,81.0
2026-08-22-Diyarbakır Hipodromu-2,2026-08-22,2,Diyarbakır Hipodromu,1800.0,DAR SOKAK,MUSTAFA IŞIK,HALİL TÜRKMAN,62.0,3,0.0,50.0,50.0,50.0,50.0,92.0,4.67,0,91.0
2026-08-22-Diyarbakır Hipodromu-2,2026-08-22,2,Diyarbakır Hipodromu,1800.0,DAYWALKER,AHMET HASAN BAYAR,HAKAN ATAKAYA,56.0,5,0.0,50.0,50.0,50.0,50.0,84.0,5.46,0,68.0
2026-08-22-Diyarbakır Hipodromu-2,2026-08-22,2,Diyarbakır Hipodromu,1800.0,IRISH MILLIONS,MEHMET EMİN DOĞAN,ORHAN GÖRMEZ,57.0,9,0.0,50.0,50.0,50.0,50.0,88.0,2.85,0,57.0
2026-08-22-Diyarbakır Hipodromu-2,2026-08-22,2,Diyarbakır Hipodromu,1800.0,KING OVA,ABDULLAH ÇANKAYA,RESUL KAYA,62.0,8,0.0,50.0,50.0,50.0,50.0,92.0,2.87,0,85.0
2026-08-22-Diyarbakır Hipodromu-2,2026-08-22,2,Diyarbakır Hipodromu,1800.0,MOONFAIRY,NECMİ ALTIN,ORHAN GÖRMEZ,54.0,7,0.0,50.0,50.0,50.0,50.0,76.0,11.42,0,82.0
2026-08-22-Diyarbakır Hipodromu-2,2026-08-22,2,Diyarbakır Hipodromu,1800.0,PIRATE OF THE SEA,AZİZ AKDEMİR,MEHRİBAN ÇİÇEK,60.0,12,0.0,50.0,50.0,50.0,50.0,100.0,2.63,0,87.0
2026-08-22-Diyarbakır Hipodromu-2,2026-08-22,2,Diyarbakır Hipodromu,1800.0,SEEK AND DESTROY,REMZİ DOĞAN,ELİF AÇMAZ,56.5,1,0.0,50.0,50.0,50.0,50.0,86.0,23.3,0,77.0
2026-08-22-Diyarbakır Hipodromu-2,2026-08-22,2,Diyarbakır Hipodromu,1800.0,SELANİK PRENSİ,İSA AKYAVUZ,MEHMET ALTIN,57.0,6,0.0,50.0,50.0,50.0,50.0,88.0,16.74,0,78.0
2026-08-22-Diyarbakır Hipodromu-2,2026-08-22,2,Diyarbakır Hipodromu,1800.0,SPEEDING BULLET,SAMİ KAPLAN,HASAN TEKİNALP,56.0,4,0.0,50.0,50.0,50.0,50.0,84.0,1.96,0,63.0
2026-08-22-Diyarbakır Hipodromu-3,2026-08-22,3,Diyarbakır Hipodromu,1200.0,APOLACYPSE,ABDULLAH ÇANKAYA,ELİF AÇMAZ,61.5,10,0.0,50.0,50.0,50.0,50.0,94.0,3.29,0,52.0
2026-08-22-Diyarbakır Hipodromu-3,2026-08-22,3,Diyarbakır Hipodromu,1200.0,BLACK STONE,MEHMET EMİN DOĞAN,VELİ ÇİZİK,58.0,13,0.0,50.0,50.0,50.0,50.0,92.0,2.53,0,45.0
2026-08-22-Diyarbakır Hipodromu-3,2026-08-22,3,Diyarbakır Hipodromu,1200.0,COME AND SEE,İSA AKYAVUZ,KADİR TAŞDEMİR,55.0,8,0.0,50.0,50.0,50.0,50.0,80.0,12.42,0,48.0
2026-08-22-Diyarbakır Hipodromu-3,2026-08-22,3,Diyarbakır Hipodromu,1200.0,COOL POWER,AHMET HASAN BAYAR,VELİ ÇİZİK,61.0,4,0.0,50.0,50.0,50.0,50.0,96.0,1.77,0,51.0
2026-08-22-Diyarbakır Hipodromu-3,2026-08-22,3,Diyarbakır Hipodromu,1200.0,DARK SOUL,REMZİ DOĞAN,MEHMET ASLAN,56.0,15,0.0,50.0,50.0,50.0,50.0,84.0,1.48,0,41.0
2026-08-22-Diyarbakır Hipodromu-3,2026-08-22,3,Diyarbakır Hipodromu,1200.0,LAST ISLANDER,HAKİM YÖNDEN,KADİR TAŞDEMİR,52.0,12,0.0,50.0,50.0,50.0,50.0,68.0,0.85,0,26.0
2026-08-22-Diyarbakır Hipodromu-3,2026-08-22,3,Diyarbakır Hipodromu,1200.0,LATİF AĞA,MUHAMMED BARAN ÇAKMAK,RESUL KAYA,54.5,11,0.0,50.0,50.0,50.0,50.0,78.0,2.03,0,40.0
2026-08-22-Diyarbakır Hipodromu-3,2026-08-22,3,Diyarbakır Hipodromu,1200.0,MONOMOY GIRL,İLKER AKIN,ZEKERİYA AKDEMİR,59.0,2,0.0,50.0,50.0,50.0,50.0,96.0,3.01,0,53.0
2026-08-22-Diyarbakır Hipodromu-3,2026-08-22,3,Diyarbakır Hipodromu,1200.0,MY IRON,MUSTAFA IŞIK,HASAN TEKİNALP,63.0,9,0.0,50.0,50.0,50.0,50.0,88.0,2.57,0,55.0
2026-08-22-Diyarbakır Hipodromu-3,2026-08-22,3,Diyarbakır Hipodromu,1200.0,OĞUZ BAŞKAN,AZİZ AKDEMİR,MEHMET KAYA,61.0,14,0.0,50.0,50.0,50.0,50.0,96.0,8.78,0,51.0
2026-08-22-Diyarbakır Hipodromu-3,2026-08-22,3,Diyarbakır Hipodromu,1200.0,QUEEN OF VICTORY,LEVENT TAPTIK,MEHRİBAN ÇİÇEK,55.5,1,0.0,50.0,50.0,50.0,50.0,82.0,11.62,0,49.0
2026-08-22-Diyarbakır Hipodromu-3,2026-08-22,3,Diyarbakır Hipodromu,1200.0,RAHAT OLL,SAMİ KAPLAN,ZEKERİYA AKDEMİR,54.0,5,0.0,50.0,50.0,50.0,50.0,76.0,9.12,0,46.0
2026-08-22-Diyarbakır Hipodromu-3,2026-08-22,3,Diyarbakır Hipodromu,1200.0,RÜZGAR AGAH,FERİT YARDIMCI,VELİ ÇİZİK,54.5,3,0.0,50.0,50.0,50.0,50.0,78.0,27.63,0,47.0
2026-08-22-Diyarbakır Hipodromu-3,2026-08-22,3,Diyarbakır Hipodromu,1200.0,TEK OZANIM,NECMİ ALTIN,SÜLEYMAN KARAKEÇİLİ,57.0,6,0.0,50.0,50.0,50.0,50.0,88.0,8.03,0,43.0
2026-08-22-Diyarbakır Hipodromu-3,2026-08-22,3,Diyarbakır Hipodromu,1200.0,VOICE OF REASON,ÇETİN CANPOLAT,MEHMET KAYA,52.0,7,0.0,50.0,50.0,50.0,50.0,68.0,4.86,0,28.0
2026-08-22-Diyarbakır Hipodromu-4,2026-08-22,4,Diyarbakır Hipodromu,1700.0,ACCOUNTANT GIRL,MUSTAFA IŞIK,ERCAN ALTIN,61.0,9,0.0,50.0,50.0,50.0,50.0,96.0,4.03,0,32.0
2026-08-22-Diyarbakır Hipodromu-4,2026-08-22,4,Diyarbakır Hipodromu,1700.0,DREAM ASIYA,AHMET HASAN BAYAR,ZEKERİYA AKDEMİR,58.0,7,0.0,50.0,50.0,50.0,50.0,92.0,6.27,0,35.0
2026-08-22-Diyarbakır Hipodromu-4,2026-08-22,4,Diyarbakır Hipodromu,1700.0,ELELE,FERİT YARDIMCI,MEHRİBAN ÇİÇEK,55.0,1,0.0,50.0,50.0,50.0,50.0,80.0,23.36,0,41.0
2026-08-22-Diyarbakır Hipodromu-4,2026-08-22,4,Diyarbakır Hipodromu,1700.0,HAS PRENSES,REMZİ DOĞAN,ERCAN ALTIN,57.0,8,0.0,50.0,50.0,50.0,50.0,88.0,10.89,0,0.0
2026-08-22-Diyarbakır Hipodromu-4,2026-08-22,4,Diyarbakır Hipodromu,1700.0,LA LLEVO AL CİELO,AZİZ AKDEMİR,MAHMUT DOĞAN,55.0,6,0.0,50.0,50.0,50.0,50.0,80.0,18.06,0,34.0
2026-08-22-Diyarbakır Hipodromu-4,2026-08-22,4,Diyarbakır Hipodromu,1700.0,LADY SCREAM,SAMİ KAPLAN,HASAN TEKİNALP,61.0,5,0.0,50.0,50.0,50.0,50.0,96.0,5.6,0,38.0
2026-08-22-Diyarbakır Hipodromu-4,2026-08-22,4,Diyarbakır Hipodromu,1700.0,LUCKY ANGEL,NECMİ ALTIN,MURAT DOĞAN,58.0,3,0.0,50.0,50.0,50.0,50.0,92.0,8.88,0,38.0
2026-08-22-Diyarbakır Hipodromu-4,2026-08-22,4,Diyarbakır Hipodromu,1700.0,LUXUARY,ÇETİN CANPOLAT,SÜLEYMAN KARAKEÇİLİ,58.0,2,0.0,50.0,50.0,50.0,50.0,92.0,5.72,0,31.0
2026-08-22-Diyarbakır Hipodromu-4,2026-08-22,4,Diyarbakır Hipodromu,1700.0,NOVA SUN,İSA KATAR,KADİR TAŞDEMİR,55.0,10,0.0,50.0,50.0,50.0,50.0,80.0,2.69,0,32.0
2026-08-22-Diyarbakır Hipodromu-4,2026-08-22,4,Diyarbakır Hipodromu,1700.0,REALISTIC GIRL,İSA AKYAVUZ,ERCAN ALTIN,58.0,4,0.0,50.0,50.0,50.0,50.0,92.0,14.51,0,40.0
2026-08-22-Diyarbakır Hipodromu-5,2026-08-22,5,Diyarbakır Hipodromu,1700.0,AKGOLD DATÇA,BATUHAN OKANDE,MURAT DOĞAN,60.5,7,0.0,50.0,50.0,50.0,50.0,98.0,4.66,0,40.0
2026-08-22-Diyarbakır Hipodromu-5,2026-08-22,5,Diyarbakır Hipodromu,1700.0,EYBERK,MUHAMMED BARAN ÇAKMAK,ELİF AÇMAZ,58.0,3,0.0,50.0,50.0,50.0,50.0,92.0,22.81,0,37.0
2026-08-22-Diyarbakır Hipodromu-5,2026-08-22,5,Diyarbakır Hipodromu,1700.0,FATMA HANIM,İLKER AKIN,MEHMET KAYA,59.5,2,0.0,50.0,50.0,50.0,50.0,98.0,5.26,0,42.0
2026-08-22-Diyarbakır Hipodromu-5,2026-08-22,5,Diyarbakır Hipodromu,1700.0,HENAKIZ,LEVENT TAPTIK,MEHMET KAYA,59.5,8,0.0,50.0,50.0,50.0,50.0,98.0,5.92,0,38.0
2026-08-22-Diyarbakır Hipodromu-5,2026-08-22,5,Diyarbakır Hipodromu,1700.0,KRALİÇEANNA,CANER YILDIRIM,MAHMUT DOĞAN,56.5,5,0.0,50.0,50.0,50.0,50.0,86.0,9.37,0,36.0
2026-08-22-Diyarbakır Hipodromu-5,2026-08-22,5,Diyarbakır Hipodromu,1700.0,PRINCESS GIRL,YUSUF TEKİN,HASAN TEKİNALP,57.5,6,0.0,50.0,50.0,50.0,50.0,90.0,9.92,0,36.0
2026-08-22-Diyarbakır Hipodromu-5,2026-08-22,5,Diyarbakır Hipodromu,1700.0,SON AKTAŞ,HAKİM YÖNDEN,MEHMET KAYA,62.0,4,0.0,50.0,50.0,50.0,50.0,92.0,26.38,0,43.0
2026-08-22-Diyarbakır Hipodromu-5,2026-08-22,5,Diyarbakır Hipodromu,1700.0,TAYTUNGA,ÇETİN CANPOLAT,MEHMET KAYA,56.0,1,0.0,50.0,50.0,50.0,50.0,84.0,15.69,0,33.0
2026-08-22-Diyarbakır Hipodromu-6,2026-08-22,6,Diyarbakır Hipodromu,1200.0,ARAPÇELİK,İSA KATAR,MEHMET ALİ SUBAY,59.0,9,0.0,50.0,50.0,50.0,50.0,96.0,3.54,0,73.0
2026-08-22-Diyarbakır Hipodromu-6,2026-08-22,6,Diyarbakır Hipodromu,1200.0,GAYECAN,SAMİ KAPLAN,BAHATTİN DEMİRKAPU,57.0,13,0.0,50.0,50.0,50.0,50.0,88.0,4.78,0,66.0
2026-08-22-Diyarbakır Hipodromu-6,2026-08-22,6,Diyarbakır Hipodromu,1200.0,HIZLI BERATIM,HAKİM YÖNDEN,HASAN TEKİNALP,52.0,6,0.0,50.0,50.0,50.0,50.0,68.0,0.85,0,33.0
2026-08-22-Diyarbakır Hipodromu-6,2026-08-22,6,Diyarbakır Hipodromu,1200.0,HIZLI MEHMET,NECMİ ALTIN,ELİF AÇMAZ,59.0,1,0.0,50.0,50.0,50.0,50.0,96.0,7.57,0,66.0
2026-08-22-Diyarbakır Hipodromu-6,2026-08-22,6,Diyarbakır Hipodromu,1200.0,KARAŞİMŞEK,MUSTAFA IŞIK,HAKAN ATAKAYA,56.0,7,0.0,50.0,50.0,50.0,50.0,84.0,8.84,0,74.0
2026-08-22-Diyarbakır Hipodromu-6,2026-08-22,6,Diyarbakır Hipodromu,1200.0,KAŞIKÇIBEYİ,FERİT YARDIMCI,MEHMET GÜNDÜZ,59.0,3,0.0,50.0,50.0,50.0,50.0,96.0,50.51,0,95.0
2026-08-22-Diyarbakır Hipodromu-6,2026-08-22,6,Diyarbakır Hipodromu,1200.0,KÜÇÜK BOZTEPE,AHMET HASAN BAYAR,MEHMET ALİ SUBAY,57.0,10,0.0,50.0,50.0,50.0,50.0,88.0,1.66,0,63.0
2026-08-22-Diyarbakır Hipodromu-6,2026-08-22,6,Diyarbakır Hipodromu,1200.0,MELİHTAY,İSA AKYAVUZ,HAKAN ATAKAYA,56.0,5,0.0,50.0,50.0,50.0,50.0,84.0,8.16,0,71.0
2026-08-22-Diyarbakır Hipodromu-6,2026-08-22,6,Diyarbakır Hipodromu,1200.0,PRENSES DİLARA,AZİZ AKDEMİR,MEHMET ASLAN,57.0,2,0.0,50.0,50.0,50.0,50.0,88.0,3.62,0,75.0
2026-08-22-Diyarbakır Hipodromu-6,2026-08-22,6,Diyarbakır Hipodromu,1200.0,TARGUTAY,ABDULLAH ÇANKAYA,SÜLEYMAN KARAKEÇİLİ,56.0,8,0.0,50.0,50.0,50.0,50.0,84.0,1.72,0,72.0
2026-08-22-Diyarbakır Hipodromu-6,2026-08-22,6,Diyarbakır Hipodromu,1200.0,YEDİKARDEŞLER,LEVENT TAPTIK,MEHMET KAYA,58.0,14,0.0,50.0,50.0,50.0,50.0,92.0,1.23,0,65.0
2026-08-22-Diyarbakır Hipodromu-6,2026-08-22,6,Diyarbakır Hipodromu,1200.0,YOLKIRAN,REMZİ DOĞAN,MEHMET ALTIN,61.0,11,0.0,50.0,50.0,50.0,50.0,96.0,2.64,0,60.0
2026-08-22-Diyarbakır Hipodromu-6,2026-08-22,6,Diyarbakır Hipodromu,1200.0,ÖMERİNOĞLU,İLKER AKIN,ELİF AÇMAZ,57.0,4,0.0,50.0,50.0,50.0,50.0,88.0,3.57,0,56.0
2026-08-22-Diyarbakır Hipodromu-6,2026-08-22,6,Diyarbakır Hipodromu,1200.0,ÖZARAS,ÇETİN CANPOLAT,BAHATTİN DEMİRKAPU,56.0,12,0.0,50.0,50.0,50.0,50.0,84.0,0.61,0,59.0
2026-08-24-Bursa Osmangazi Hipodromu-1,2026-08-24,1,Bursa Osmangazi Hipodromu,2200.0,ALLER GÜLÜ,ONUR YILDIZ,EKREM ÇİLEK,62.5,10,0.0,50.0,50.0,50.0,50.0,90.0,2.83,0,58.0
2026-08-24-Bursa Osmangazi Hipodromu-1,2026-08-24,1,Bursa Osmangazi Hipodromu,2200.0,CÜDA,ZÜLFÜKAR KARABULUT,MELEK ÖZGÜL,53.0,4,0.0,50.0,50.0,50.0,50.0,72.0,1.32,0,39.0
2026-08-24-Bursa Osmangazi Hipodromu-1,2026-08-24,1,Bursa Osmangazi Hipodromu,2200.0,DAĞ YONCASI,SADIK ALTAY,TUNCAY ATEŞ,51.0,3,0.0,50.0,50.0,50.0,50.0,64.0,6.62,0,37.0
2026-08-24-Bursa Osmangazi Hipodromu-1,2026-08-24,1,Bursa Osmangazi Hipodromu,2200.0,DEKÇİ BEY,EFE AKPINAR,MEHMET DEMİR,60.0,6,0.0,50.0,50.0,50.0,50.0,100.0,3.55,0,59.0
2026-08-24-Bursa Osmangazi Hipodromu-1,2026-08-24,1,Bursa Osmangazi Hipodromu,2200.0,ERMERHAN,EREN KADİRLER,KAZIM ŞENGEL,51.0,12,0.0,50.0,50.0,50.0,50.0,64.0,0.57,0,27.0
2026-08-24-Bursa Osmangazi Hipodromu-1,2026-08-24,1,Bursa Osmangazi Hipodromu,2200.0,MEN DAKKA DUKKA,MUHAMMED MİR BİLGİN,MÜLAYİM ANAT,60.0,2,0.0,50.0,50.0,50.0,50.0,100.0,43.78,0,58.0
2026-08-24-Bursa Osmangazi Hipodromu-1,2026-08-24,1,Bursa Osmangazi Hipodromu,2200.0,SANCAR EFESİ,ONUR ATMACA,KAZIM ŞENGEL,52.0,1,0.0,50.0,50.0,50.0,50.0,68.0,10.85,0,42.0
2026-08-24-Bursa Osmangazi Hipodromu-1,2026-08-24,1,Bursa Osmangazi Hipodromu,2200.0,SILPAHAR,RECEP KETME,SARVEN ZADİK ATİLLA MİNASOĞLU,58.0,7,0.0,50.0,50.0,50.0,50.0,92.0,5.0,0,58.0
2026-08-24-Bursa Osmangazi Hipodromu-1,2026-08-24,1,Bursa Osmangazi Hipodromu,2200.0,YAKUP ABİ,BEKİR MERT MIRIK,FERHAT ALTIN,52.0,5,0.0,50.0,50.0,50.0,50.0,68.0,24.59,0,42.0
2026-08-24-Bursa Osmangazi Hipodromu-1,2026-08-24,1,Bursa Osmangazi Hipodromu,2200.0,ÇAĞDAŞIM,DENİZ BUDAK,EKREM TURAN,51.0,9,0.0,50.0,50.0,50.0,50.0,64.0,0.21,0,29.0
2026-08-24-Bursa Osmangazi Hipodromu-1,2026-08-24,1,Bursa Osmangazi Hipodromu,2200.0,ÖZGÜR ODİN,DOĞUKAN KONUK,MURAT ALTIN,57.0,11,0.0,50.0,50.0,50.0,50.0,88.0,0.41,0,53.0
2026-08-24-Bursa Osmangazi Hipodromu-1,2026-08-24,1,Bursa Osmangazi Hipodromu,2200.0,İHTİMAL,RÜZGAR YILDIZ,TEKİN BİRİCİK,50.0,8,0.0,50.0,50.0,50.0,50.0,60.0,0.27,0,8.0
2026-08-24-Bursa Osmangazi Hipodromu-2,2026-08-24,2,Bursa Osmangazi Hipodromu,1400.0,ARCANE SOVEREIGN,ONUR ÖZTÜRK,AHMET ÖCAL,55.0,1,0.0,50.0,50.0,50.0,50.0,80.0,26.73,0,0.0
2026-08-24-Bursa Osmangazi Hipodromu-2,2026-08-24,2,Bursa Osmangazi Hipodromu,1400.0,KÖSTENCELİ BEY,GÖRKEM ÖZÇELİK,İBRAHİM KIZILDAĞ,60.0,4,0.0,50.0,50.0,50.0,50.0,100.0,42.18,0,37.0
2026-08-24-Bursa Osmangazi Hipodromu-2,2026-08-24,2,Bursa Osmangazi Hipodromu,1400.0,LADY GALA,NURETTİN ŞEN,KAZIM ŞENGEL,55.0,6,0.0,50.0,50.0,50.0,50.0,80.0,1.62,0,0.0
2026-08-24-Bursa Osmangazi Hipodromu-2,2026-08-24,2,Bursa Osmangazi Hipodromu,1400.0,MADAME ADA,MUHAMMED MİR BİLGİN,EMİR CİHAN BAYDAN,55.0,5,0.0,50.0,50.0,50.0,50.0,80.0,10.6,0,17.0
2026-08-24-Bursa Osmangazi Hipodromu-2,2026-08-24,2,Bursa Osmangazi Hipodromu,1400.0,MUSHU,EFE AKPINAR,MELEK ÖZGÜL,55.0,8,0.0,50.0,50.0,50.0,50.0,80.0,1.23,0,0.0
2026-08-24-Bursa Osmangazi Hipodromu-2,2026-08-24,2,Bursa Osmangazi Hipodromu,1400.0,OTTOMAN,BEKİR MERT MIRIK,ŞAKİR ÇELİK,57.0,3,0.0,50.0,50.0,50.0,50.0,88.0,12.53,0,0.0
2026-08-24-Bursa Osmangazi Hipodromu-2,2026-08-24,2,Bursa Osmangazi Hipodromu,1400.0,PICCADILLY LINE,ONUR ATMACA,YAVUZ PETEK,55.0,2,0.0,50.0,50.0,50.0,50.0,80.0,4.09,0,0.0
2026-08-24-Bursa Osmangazi Hipodromu-2,2026-08-24,2,Bursa Osmangazi Hipodromu,1400.0,ZEALANDIA,RÜZGAR YILDIZ,ULAŞ GÖKÇE,53.0,7,0.0,50.0,50.0,50.0,50.0,72.0,1.02,0,11.0
2026-08-24-Bursa Osmangazi Hipodromu-3,2026-08-24,3,Bursa Osmangazi Hipodromu,2100.0,AYBAR FIRTINASI,ONUR YILDIZ,EKREM ÇİLEK,60.5,5,0.0,50.0,50.0,50.0,50.0,98.0,14.35,0,51.0
2026-08-24-Bursa Osmangazi Hipodromu-3,2026-08-24,3,Bursa Osmangazi Hipodromu,2100.0,EL INTOCABLE,MUHAMMED MİR BİLGİN,YUNUS TUNCAY,59.5,2,0.0,50.0,50.0,50.0,50.0,98.0,12.8,0,49.0
2026-08-24-Bursa Osmangazi Hipodromu-3,2026-08-24,3,Bursa Osmangazi Hipodromu,2100.0,FINALLY ITS TIME,EFE AKPINAR,MEHMET AKKILIÇ,60.0,7,0.0,50.0,50.0,50.0,50.0,100.0,4.32,0,66.0
2026-08-24-Bursa Osmangazi Hipodromu-3,2026-08-24,3,Bursa Osmangazi Hipodromu,2100.0,HARP,MAHMUT TURAN,YILMAZ GÜNDOĞDİ,57.0,1,0.0,50.0,50.0,50.0,50.0,88.0,53.63,0,54.0
2026-08-24-Bursa Osmangazi Hipodromu-3,2026-08-24,3,Bursa Osmangazi Hipodromu,2100.0,PROBALA,BERKANT GÖKÇE,KENAN ELALDI,61.0,6,0.0,50.0,50.0,50.0,50.0,96.0,7.72,0,66.0
2026-08-24-Bursa Osmangazi Hipodromu-3,2026-08-24,3,Bursa Osmangazi Hipodromu,2100.0,ULUBEY,BEKİR MERT MIRIK,ŞAHİN AKDUMAN,61.0,4,0.0,50.0,50.0,50.0,50.0,96.0,3.02,0,52.0
2026-08-24-Bursa Osmangazi Hipodromu-3,2026-08-24,3,Bursa Osmangazi Hipodromu,2100.0,İŞİN ASLI,TUGAY ALICI,RÜSTEM ALİ TEKELİ,56.0,3,0.0,50.0,50.0,50.0,50.0,84.0,4.15,0,42.0
2026-08-24-Bursa Osmangazi Hipodromu-4,2026-08-24,4,Bursa Osmangazi Hipodromu,1400.0,ERAFŞAR,KADİR TOKAÇOĞLU,YUSUF AKBULUT,55.0,1,0.0,50.0,50.0,50.0,50.0,80.0,26.46,0,39.0
2026-08-24-Bursa Osmangazi Hipodromu-4,2026-08-24,4,Bursa Osmangazi Hipodromu,1400.0,ERGÜNEŞ,MUSTAFA ÇİÇEK,OKTAY DEMİR,57.0,5,0.0,50.0,50.0,50.0,50.0,88.0,17.49,0,41.0
2026-08-24-Bursa Osmangazi Hipodromu-4,2026-08-24,4,Bursa Osmangazi Hipodromu,1400.0,GUREGH,MEHMET TAHA COŞKUN,MERT DEMİRTAŞ,55.0,7,0.0,50.0,50.0,50.0,50.0,80.0,5.88,0,49.0
2026-08-24-Bursa Osmangazi Hipodromu-4,2026-08-24,4,Bursa Osmangazi Hipodromu,1400.0,HEVENK,NEVZAT AVCİ,CUMA GÜNEŞ,55.0,4,0.0,50.0,50.0,50.0,50.0,80.0,5.97,0,37.0
2026-08-24-Bursa Osmangazi Hipodromu-4,2026-08-24,4,Bursa Osmangazi Hipodromu,1400.0,KINDBERO,RECEP KETME,SEYİT GÖKÇE,57.0,6,0.0,50.0,50.0,50.0,50.0,88.0,19.69,0,51.0
2026-08-24-Bursa Osmangazi Hipodromu-4,2026-08-24,4,Bursa Osmangazi Hipodromu,1400.0,PAMİRALP,ERCAN ÇANKAYA,MELEK ÖZGÜL,57.0,3,0.0,50.0,50.0,50.0,50.0,88.0,11.15,0,43.0
2026-08-24-Bursa Osmangazi Hipodromu-4,2026-08-24,4,Bursa Osmangazi Hipodromu,1400.0,ZİRVE BEYİ,ONUR ATMACA,ZEYNEP KAYA,57.0,2,0.0,50.0,50.0,50.0,50.0,88.0,13.36,0,44.0
2026-08-24-Bursa Osmangazi Hipodromu-5,2026-08-24,5,Bursa Osmangazi Hipodromu,1400.0,ABUZER BABA,RECEP KETME,MUSTAFA BAYRAKTAR,55.5,4,0.0,50.0,50.0,50.0,50.0,82.0,5.16,0,74.0
2026-08-24-Bursa Osmangazi Hipodromu-5,2026-08-24,5,Bursa Osmangazi Hipodromu,1400.0,AVCI OĞLUM,NEVZAT AVCİ,TURGAY ÇEKİCİ,62.5,3,0.0,50.0,50.0,50.0,50.0,90.0,12.65,0,81.0
2026-08-24-Bursa Osmangazi Hipodromu-5,2026-08-24,5,Bursa Osmangazi Hipodromu,1400.0,AYDINEFESİ,ERCAN ÇANKAYA,MELEK ÖZGÜL,63.0,9,0.0,50.0,50.0,50.0,50.0,88.0,11.94,0,82.0
2026-08-24-Bursa Osmangazi Hipodromu-5,2026-08-24,5,Bursa Osmangazi Hipodromu,1400.0,BER KEMAL,MERTCAN ÇELİK,VAHİT TURAN,59.5,6,0.0,50.0,50.0,50.0,50.0,98.0,12.12,0,75.0
2026-08-24-Bursa Osmangazi Hipodromu-5,2026-08-24,5,Bursa Osmangazi Hipodromu,1400.0,BEŞİR ÇAVUŞ,MEHMET TAHA COŞKUN,YUSUF KAYA,57.0,5,0.0,50.0,50.0,50.0,50.0,88.0,9.88,0,79.0
2026-08-24-Bursa Osmangazi Hipodromu-5,2026-08-24,5,Bursa Osmangazi Hipodromu,1400.0,EL FURAT,BEKİR MERT MIRIK,ABDULLAH TEMİZER,59.0,11,0.0,50.0,50.0,50.0,50.0,96.0,1.62,0,74.0
2026-08-24-Bursa Osmangazi Hipodromu-5,2026-08-24,5,Bursa Osmangazi Hipodromu,1400.0,GARİPLERBEYİ,ONUR YILDIZ,ULAŞ GÖKÇE,54.0,2,0.0,50.0,50.0,50.0,50.0,76.0,23.31,0,64.0
2026-08-24-Bursa Osmangazi Hipodromu-5,2026-08-24,5,Bursa Osmangazi Hipodromu,1400.0,GİDEROS,ERHAN AKKAYA,ULAŞ GÖKÇE,58.0,10,0.0,50.0,50.0,50.0,50.0,92.0,1.37,0,78.0
2026-08-24-Bursa Osmangazi Hipodromu-5,2026-08-24,5,Bursa Osmangazi Hipodromu,1400.0,HAVZALI,OĞUZ EREN,FERDİ KIRAN,62.0,8,0.0,50.0,50.0,50.0,50.0,92.0,1.35,0,80.0
2026-08-24-Bursa Osmangazi Hipodromu-5,2026-08-24,5,Bursa Osmangazi Hipodromu,1400.0,HIZLI EREN,MUSTAFA ÇİÇEK,FERDİ KIRAN,61.0,1,0.0,50.0,50.0,50.0,50.0,96.0,7.28,0,81.0
2026-08-24-Bursa Osmangazi Hipodromu-5,2026-08-24,5,Bursa Osmangazi Hipodromu,1400.0,MELİHİN İZİ,MUHAMMED MİR BİLGİN,ŞEVVAL ŞİMAL DEMİR,61.0,12,0.0,50.0,50.0,50.0,50.0,96.0,6.89,0,78.0
2026-08-24-Bursa Osmangazi Hipodromu-5,2026-08-24,5,Bursa Osmangazi Hipodromu,1400.0,ŞANKUT HATUN,EREN KADİRLER,KAZIM ŞENGEL,56.5,7,0.0,50.0,50.0,50.0,50.0,86.0,6.43,0,76.0
2026-08-24-Bursa Osmangazi Hipodromu-6,2026-08-24,6,Bursa Osmangazi Hipodromu,1200.0,ANGEL QUEST,CEM ALTUN,KAZIM ŞENGEL,54.0,6,0.0,50.0,50.0,50.0,50.0,76.0,1.03,0,50.0
2026-08-24-Bursa Osmangazi Hipodromu-6,2026-08-24,6,Bursa Osmangazi Hipodromu,1200.0,BIG HONEY,NEVZAT AVCİ,DURAN TEKELİ,60.0,3,0.0,50.0,50.0,50.0,50.0,100.0,12.59,0,59.0
2026-08-24-Bursa Osmangazi Hipodromu-6,2026-08-24,6,Bursa Osmangazi Hipodromu,1200.0,ERDUMAN,RECEP KETME,YUSUF AKBULUT,57.0,7,0.0,50.0,50.0,50.0,50.0,88.0,13.4,0,69.0
2026-08-24-Bursa Osmangazi Hipodromu-6,2026-08-24,6,Bursa Osmangazi Hipodromu,1200.0,KAVALA GÜCÜ,BEKİR MERT MIRIK,ŞAHİN AKDUMAN,56.0,10,0.0,50.0,50.0,50.0,50.0,84.0,2.57,0,53.0
2026-08-24-Bursa Osmangazi Hipodromu-6,2026-08-24,6,Bursa Osmangazi Hipodromu,1200.0,KIZIM BERİL,TUGAY ALICI,ŞAHİN AKDUMAN,56.0,4,0.0,50.0,50.0,50.0,50.0,84.0,12.54,0,71.0
2026-08-24-Bursa Osmangazi Hipodromu-6,2026-08-24,6,Bursa Osmangazi Hipodromu,1200.0,MAMBA FOREVER,EFE AKPINAR,CUMA GÜNEŞ,56.0,8,0.0,50.0,50.0,50.0,50.0,84.0,2.61,0,88.0
2026-08-24-Bursa Osmangazi Hipodromu-6,2026-08-24,6,Bursa Osmangazi Hipodromu,1200.0,MİKEA,MUHAMMED MİR BİLGİN,KENAN KAYALIK,56.0,5,0.0,50.0,50.0,50.0,50.0,84.0,8.03,0,66.0
2026-08-24-Bursa Osmangazi Hipodromu-6,2026-08-24,6,Bursa Osmangazi Hipodromu,1200.0,RECUERDAME,MUSTAFA ÇİÇEK,HÜSEYİN SUNKAR,54.5,2,0.0,50.0,50.0,50.0,50.0,78.0,8.07,0,70.0
2026-08-24-Bursa Osmangazi Hipodromu-6,2026-08-24,6,Bursa Osmangazi Hipodromu,1200.0,RUSHMORE,MEHMET SALİH ÇELİK,ABDULLAH TEMİZER,56.0,9,0.0,50.0,50.0,50.0,50.0,84.0,9.78,0,78.0
2026-08-24-Bursa Osmangazi Hipodromu-6,2026-08-24,6,Bursa Osmangazi Hipodromu,1200.0,İSPANOZ,ERCAN ÇANKAYA,MELEK ÖZGÜL,63.0,1,0.0,50.0,50.0,50.0,50.0,88.0,26.38,0,91.0
2026-08-24-Bursa Osmangazi Hipodromu-7,2026-08-24,7,Bursa Osmangazi Hipodromu,2200.0,AFTER BURNER,EFE AKPINAR,KENAN KAYALIK,58.5,3,0.0,50.0,50.0,50.0,50.0,94.0,0.0,0,55.0
2026-08-24-Bursa Osmangazi Hipodromu-7,2026-08-24,7,Bursa Osmangazi Hipodromu,2200.0,BULUTKAR,HALİT GÖKÇE,REŞAT KILIÇ,51.5,8,0.0,50.0,50.0,50.0,50.0,66.0,0.0,0,41.0
2026-08-24-Bursa Osmangazi Hipodromu-7,2026-08-24,7,Bursa Osmangazi Hipodromu,2200.0,CALLATIS,MÜCAHİT BAYIR,MESUT BATMAN,54.5,6,0.0,50.0,50.0,50.0,50.0,78.0,0.0,0,41.0
2026-08-24-Bursa Osmangazi Hipodromu-7,2026-08-24,7,Bursa Osmangazi Hipodromu,2200.0,ENHEDUANNA,RECEP KETME,BİLAL ŞİMŞEK,54.0,2,0.0,50.0,50.0,50.0,50.0,76.0,0.0,0,44.0
2026-08-24-Bursa Osmangazi Hipodromu-7,2026-08-24,7,Bursa Osmangazi Hipodromu,2200.0,KING OF RACE,OKAN GÖKÇE,SERHAT YARDIMCI,59.5,9,0.0,50.0,50.0,50.0,50.0,98.0,0.0,0,51.0
2026-08-24-Bursa Osmangazi Hipodromu-7,2026-08-24,7,Bursa Osmangazi Hipodromu,2200.0,LUPIN,MUHAMMED MİR BİLGİN,SERGEN GÖKÇE,55.0,4,0.0,50.0,50.0,50.0,50.0,80.0,0.0,0,42.0
2026-08-24-Bursa Osmangazi Hipodromu-7,2026-08-24,7,Bursa Osmangazi Hipodromu,2200.0,MARY BLACK,NURETTİN ŞEN,YAVUZ PETEK,58.0,1,0.0,50.0,50.0,50.0,50.0,92.0,0.0,0,48.0
2026-08-24-Bursa Osmangazi Hipodromu-7,2026-08-24,7,Bursa Osmangazi Hipodromu,2200.0,MY LIFE FIRE,EREN KADİRLER,KAZIM ŞENGEL,51.0,5,0.0,50.0,50.0,50.0,50.0,64.0,0.0,0,38.0
2026-08-24-Bursa Osmangazi Hipodromu-7,2026-08-24,7,Bursa Osmangazi Hipodromu,2200.0,WALK WITH STARS,BERKANT GÖKÇE,MUSTAFA ATAL,58.5,10,0.0,50.0,50.0,50.0,50.0,94.0,0.0,0,53.0
2026-08-24-Bursa Osmangazi Hipodromu-7,2026-08-24,7,Bursa Osmangazi Hipodromu,2200.0,YÖRÜKÇEM,ONUR ATMACA,OSMAN ALTUNTAŞ,54.0,7,0.0,50.0,50.0,50.0,50.0,76.0,0.0,0,40.0
2026-08-24-Bursa Osmangazi Hipodromu-8,2026-08-24,8,Bursa Osmangazi Hipodromu,1200.0,BLACK RAPTOR,MEHMET ÇELİK,HÜSEYİN KARABULUT,57.0,2,0.0,50.0,50.0,50.0,50.0,88.0,0.0,0,39.0
2026-08-24-Bursa Osmangazi Hipodromu-8,2026-08-24,8,Bursa Osmangazi Hipodromu,1200.0,CRIMSON POWER,SALİH ÇELİK,HÜSEYİN KARABULUT,57.0,3,0.0,50.0,50.0,50.0,50.0,88.0,0.0,0,46.0
2026-08-24-Bursa Osmangazi Hipodromu-8,2026-08-24,8,Bursa Osmangazi Hipodromu,1200.0,FELAKET,MUSTAFA ÇİÇEK,SERHAT YARDIMCI,57.0,4,0.0,50.0,50.0,50.0,50.0,88.0,0.0,0,57.0
2026-08-24-Bursa Osmangazi Hipodromu-8,2026-08-24,8,Bursa Osmangazi Hipodromu,1200.0,ONLY GIRL,MUHAMMED MİR BİLGİN,EYÜPHAN AVCI,55.0,6,0.0,50.0,50.0,50.0,50.0,80.0,0.0,0,60.0
2026-08-24-Bursa Osmangazi Hipodromu-8,2026-08-24,8,Bursa Osmangazi Hipodromu,1200.0,RATTLESNAKE,MEHMET SALİH ÇELİK,HÜSEYİN SUNKAR,57.0,1,0.0,50.0,50.0,50.0,50.0,88.0,0.0,0,69.0
2026-08-24-Bursa Osmangazi Hipodromu-8,2026-08-24,8,Bursa Osmangazi Hipodromu,1200.0,SUPER LION,MAHMUT TURAN,GALİP KILIÇ,57.0,5,0.0,50.0,50.0,50.0,50.0,88.0,0.0,0,56.0
2026-08-24-Bursa Osmangazi Hipodromu-9,2026-08-24,9,Bursa Osmangazi Hipodromu,1400.0,AZA KOP,GÖRKEM ÖZÇELİK,DAVUT SAV,55.0,2,0.0,50.0,50.0,50.0,50.0,80.0,0.0,0,29.0
2026-08-24-Bursa Osmangazi Hipodromu-9,2026-08-24,9,Bursa Osmangazi Hipodromu,1400.0,BAYHAKAN,SİNAN ÖZEN,SENİHA ŞEN,57.0,7,0.0,50.0,50.0,50.0,50.0,88.0,0.0,0,29.0
2026-08-24-Bursa Osmangazi Hipodromu-9,2026-08-24,9,Bursa Osmangazi Hipodromu,1400.0,CETRION,ERCAN ÇANKAYA,MELEK ÖZGÜL,55.0,6,0.0,50.0,50.0,50.0,50.0,80.0,0.0,0,23.0
2026-08-24-Bursa Osmangazi Hipodromu-9,2026-08-24,9,Bursa Osmangazi Hipodromu,1400.0,DEFIANT BOY,CEM ALTUN,RÜSTEM ALİ TEKELİ,57.0,9,0.0,50.0,50.0,50.0,50.0,88.0,0.0,0,0.0
2026-08-24-Bursa Osmangazi Hipodromu-9,2026-08-24,9,Bursa Osmangazi Hipodromu,1400.0,MOON ASH,TUGAY ALICI,ABDULLAH TEMİZER,55.0,1,0.0,50.0,50.0,50.0,50.0,80.0,0.0,0,16.0
2026-08-24-Bursa Osmangazi Hipodromu-9,2026-08-24,9,Bursa Osmangazi Hipodromu,1400.0,SABIRLI TINAS,KADİR TOKAÇOĞLU,YILMAZ GÜNDOĞDİ,55.0,8,0.0,50.0,50.0,50.0,50.0,80.0,0.0,0,11.0
2026-08-24-Bursa Osmangazi Hipodromu-9,2026-08-24,9,Bursa Osmangazi Hipodromu,1400.0,SHERIFF IS BACK,MUSTAFA ÇİÇEK,YILMAZ GÜNDOĞDİ,57.0,3,0.0,50.0,50.0,50.0,50.0,88.0,0.0,0,0.0
2026-08-24-Bursa Osmangazi Hipodromu-9,2026-08-24,9,Bursa Osmangazi Hipodromu,1400.0,SİLÜET,NEVZAT AVCİ,YAVUZ PETEK,61.0,4,0.0,50.0,50.0,50.0,50.0,96.0,0.0,0,51.0
2026-08-24-Bursa Osmangazi Hipodromu-9,2026-08-24,9,Bursa Osmangazi Hipodromu,1400.0,TATLI AKYÜZ,NURETTİN ŞEN,TUNCAY ATEŞ,55.0,5,0.0,50.0,50.0,50.0,50.0,80.0,0.0,0,32.0
2026-08-24-Bursa Osmangazi Hipodromu-10,2026-08-24,10,Bursa Osmangazi Hipodromu,1900.0,AKMERİÇ,BERKANT GÖKÇE,ÖMER FARUK TAŞDELEN,57.0,12,0.0,50.0,50.0,50.0,50.0,88.0,0.0,0,84.0
2026-08-24-Bursa Osmangazi Hipodromu-10,2026-08-24,10,Bursa Osmangazi Hipodromu,1900.0,ANKA ATEŞİ,SERHAT ÇELİK,ABDULLAH ATAŞ,58.0,4,0.0,50.0,50.0,50.0,50.0,92.0,0.0,0,91.0
2026-08-24-Bursa Osmangazi Hipodromu-10,2026-08-24,10,Bursa Osmangazi Hipodromu,1900.0,BALKI TAY,MUSTAFA ÇİÇEK,OKTAY DEMİR,56.0,10,0.0,50.0,50.0,50.0,50.0,84.0,0.0,0,87.0
2026-08-24-Bursa Osmangazi Hipodromu-10,2026-08-24,10,Bursa Osmangazi Hipodromu,1900.0,BARBUDA,ERCAN ÇANKAYA,MELEK ÖZGÜL,60.0,7,0.0,50.0,50.0,50.0,50.0,100.0,0.0,0,79.0
2026-08-24-Bursa Osmangazi Hipodromu-10,2026-08-24,10,Bursa Osmangazi Hipodromu,1900.0,CANASİLİM,MUHAMMED MİR BİLGİN,HÜSEYİN KARABULUT,60.0,3,0.0,50.0,50.0,50.0,50.0,100.0,0.0,0,84.0
2026-08-24-Bursa Osmangazi Hipodromu-10,2026-08-24,10,Bursa Osmangazi Hipodromu,1900.0,KAŞMİR TAY,OKAN GÖKÇE,ZEYNEP KAYA,57.0,1,0.0,50.0,50.0,50.0,50.0,88.0,0.0,0,85.0
2026-08-24-Bursa Osmangazi Hipodromu-10,2026-08-24,10,Bursa Osmangazi Hipodromu,1900.0,KÖYCÜ BEY,HÜSEYİN TURAN,YASİN TAŞKIN,59.0,9,0.0,50.0,50.0,50.0,50.0,96.0,0.0,0,88.0
2026-08-24-Bursa Osmangazi Hipodromu-10,2026-08-24,10,Bursa Osmangazi Hipodromu,1900.0,MÜZEYYEN ABLA,NEVZAT AVCİ,SALİH BAYDAN,54.0,8,0.0,50.0,50.0,50.0,50.0,76.0,0.0,0,79.0
2026-08-24-Bursa Osmangazi Hipodromu-10,2026-08-24,10,Bursa Osmangazi Hipodromu,1900.0,PRENSES DI,EREN KADİRLER,RAMAZAN COŞKUN,51.0,11,0.0,50.0,50.0,50.0,50.0,64.0,0.0,0,77.0
2026-08-24-Bursa Osmangazi Hipodromu-10,2026-08-24,10,Bursa Osmangazi Hipodromu,1900.0,SURERTAY,EFE AKPINAR,MURAT ALTIN,56.0,2,0.0,50.0,50.0,50.0,50.0,84.0,0.0,0,87.0
2026-08-24-Bursa Osmangazi Hipodromu-10,2026-08-24,10,Bursa Osmangazi Hipodromu,1900.0,SÖZÜ GEÇER,CEMAL PASO,SALİH BAYDAN,57.0,13,0.0,50.0,50.0,50.0,50.0,88.0,0.0,0,74.0
2026-08-24-Bursa Osmangazi Hipodromu-10,2026-08-24,10,Bursa Osmangazi Hipodromu,1900.0,ŞAFAK BEY,MEHMET SALİH ÇELİK,SERHAT POLAT,58.0,5,0.0,50.0,50.0,50.0,50.0,92.0,0.0,0,78.0
2026-08-24-Bursa Osmangazi Hipodromu-10,2026-08-24,10,Bursa Osmangazi Hipodromu,1900.0,ŞAHSEKİN,İSMAİL GÜN,SENER GÖKÇE,52.0,6,0.0,50.0,50.0,50.0,50.0,68.0,0.0,0,82.0
2026-08-24-Elazığ Hipodromu-1,2026-08-24,1,Elazığ Hipodromu,1200.0,ATEŞATAR,AZİZ AKDEMİR,ZEKERİYA AKDEMİR,57.0,2,0.0,50.0,50.0,50.0,50.0,88.0,9.68,0,14.0
2026-08-24-Elazığ Hipodromu-1,2026-08-24,1,Elazığ Hipodromu,1200.0,BABİTTA,ÇAĞLAR TAŞCI,MAHMUT DOĞAN,51.0,11,0.0,50.0,50.0,50.0,50.0,64.0,0.74,0,0.0
2026-08-24-Elazığ Hipodromu-1,2026-08-24,1,Elazığ Hipodromu,1200.0,BY ORMANCI,AHMET HASAN BAYAR,FİGEN BAKIR,57.0,8,0.0,50.0,50.0,50.0,50.0,88.0,1.82,0,0.0
2026-08-24-Elazığ Hipodromu-1,2026-08-24,1,Elazığ Hipodromu,1200.0,BİLDENBİR,İSA KATAR,SÜLEYMAN KARAKEÇİLİ,57.0,1,0.0,50.0,50.0,50.0,50.0,88.0,2.4,0,12.0
2026-08-24-Elazığ Hipodromu-1,2026-08-24,1,Elazığ Hipodromu,1200.0,BİLDENCAN,İSA AKYAVUZ,SALİH BECENE,57.0,4,0.0,50.0,50.0,50.0,50.0,88.0,47.75,0,25.0
2026-08-24-Elazığ Hipodromu-1,2026-08-24,1,Elazığ Hipodromu,1200.0,EMOŞUN KIZI,SAMİ KAPLAN,ARİF IŞIK,55.0,5,0.0,50.0,50.0,50.0,50.0,80.0,4.76,0,19.0
2026-08-24-Elazığ Hipodromu-1,2026-08-24,1,Elazığ Hipodromu,1200.0,GÜLPAŞA,REMZİ DOĞAN,BAHATTİN DEMİRKAPU,57.0,6,0.0,50.0,50.0,50.0,50.0,88.0,3.79,0,15.0
2026-08-24-Elazığ Hipodromu-1,2026-08-24,1,Elazığ Hipodromu,1200.0,KAUÇUKÇU,FERİT YARDIMCI,OSMAN DEMİR,57.0,3,0.0,50.0,50.0,50.0,50.0,88.0,12.42,0,27.0
2026-08-24-Elazığ Hipodromu-1,2026-08-24,1,Elazığ Hipodromu,1200.0,KOĞUN SESİ,MUHAMMED BARAN ÇAKMAK,ARİF IŞIK,53.0,12,0.0,50.0,50.0,50.0,50.0,72.0,0.5,0,10.0
2026-08-24-Elazığ Hipodromu-1,2026-08-24,1,Elazığ Hipodromu,1200.0,MALATYA ÇAPKINI,ABDULLAH ÇANKAYA,HAKAN ATAKAYA,57.0,9,0.0,50.0,50.0,50.0,50.0,88.0,1.28,0,7.0
2026-08-24-Elazığ Hipodromu-1,2026-08-24,1,Elazığ Hipodromu,1200.0,MİRZACAN,NECMİ ALTIN,RAMAZAN BARMAN,57.0,7,0.0,50.0,50.0,50.0,50.0,88.0,8.28,0,0.0
2026-08-24-Elazığ Hipodromu-1,2026-08-24,1,Elazığ Hipodromu,1200.0,ŞAH TUNALI,MEHMET ALİ AKTÜRK,SÜLEYMAN KARAKEÇİLİ,57.0,10,0.0,50.0,50.0,50.0,50.0,88.0,6.56,0,21.0
2026-08-24-Elazığ Hipodromu-2,2026-08-24,2,Elazığ Hipodromu,1800.0,CRIMENA FIRE,İLKER AKIN,BAHATTİN DEMİRKAPU,59.0,6,0.0,50.0,50.0,50.0,50.0,96.0,9.64,0,48.0
2026-08-24-Elazığ Hipodromu-2,2026-08-24,2,Elazığ Hipodromu,1800.0,DENİZ LARA,MUHAMMED BARAN ÇAKMAK,MEHMET ALTIN,52.0,3,0.0,50.0,50.0,50.0,50.0,68.0,36.88,0,40.0
2026-08-24-Elazığ Hipodromu-2,2026-08-24,2,Elazığ Hipodromu,1800.0,LEO MELO,ÇETİN CANPOLAT,MUHAMMED BULUÇ,52.5,4,0.0,50.0,50.0,50.0,50.0,70.0,3.97,0,33.0
2026-08-24-Elazığ Hipodromu-2,2026-08-24,2,Elazığ Hipodromu,1800.0,MELONI,METE GÖL,ELİF AÇMAZ,51.5,2,0.0,50.0,50.0,50.0,50.0,66.0,8.21,0,31.0
2026-08-24-Elazığ Hipodromu-2,2026-08-24,2,Elazığ Hipodromu,1800.0,MELİS HANIM,MAZLUM PİR DEMİR,MUHAMMED BULUÇ,63.0,7,0.0,50.0,50.0,50.0,50.0,88.0,13.13,0,54.0
2026-08-24-Elazığ Hipodromu-2,2026-08-24,2,Elazığ Hipodromu,1800.0,THON KHITCHIBA,HAKİM YÖNDEN,HAKAN ATAKAYA,52.5,5,0.0,50.0,50.0,50.0,50.0,70.0,18.16,0,42.0
2026-08-24-Elazığ Hipodromu-2,2026-08-24,2,Elazığ Hipodromu,1800.0,TRUST MY SPEED,ÇAĞLAR TAŞCI,MAHMUT DOĞAN,57.0,1,0.0,50.0,50.0,50.0,50.0,88.0,7.88,0,44.0
2026-08-24-Elazığ Hipodromu-3,2026-08-24,3,Elazığ Hipodromu,1200.0,ADANALI DEMİR,AZİZ AKDEMİR,İBRAHİM ATMACA,57.0,5,0.0,50.0,50.0,50.0,50.0,88.0,13.09,0,25.0
2026-08-24-Elazığ Hipodromu-3,2026-08-24,3,Elazığ Hipodromu,1200.0,ALİYE ANA,AHMET HASAN BAYAR,EYYÜP YARDIMCI,55.0,8,0.0,50.0,50.0,50.0,50.0,80.0,2.91,0,22.0
2026-08-24-Elazığ Hipodromu-3,2026-08-24,3,Elazığ Hipodromu,1200.0,DENİZİM HAN,FERİT YARDIMCI,HAKAN ATAKAYA,57.0,6,0.0,50.0,50.0,50.0,50.0,88.0,22.37,0,0.0
2026-08-24-Elazığ Hipodromu-3,2026-08-24,3,Elazığ Hipodromu,1200.0,HIZLI MARTI,İSA AKYAVUZ,MEHMET KAYA,57.0,4,0.0,50.0,50.0,50.0,50.0,88.0,11.45,0,20.0
2026-08-24-Elazığ Hipodromu-3,2026-08-24,3,Elazığ Hipodromu,1200.0,HUN DAY,NECMİ ALTIN,SALİH BECENE,57.0,1,0.0,50.0,50.0,50.0,50.0,88.0,25.19,0,19.0
2026-08-24-Elazığ Hipodromu-3,2026-08-24,3,Elazığ Hipodromu,1200.0,KİNG BEDİRHAN,MEHMET ALİ AKTÜRK,MUHAMMED BULUÇ,57.0,7,0.0,50.0,50.0,50.0,50.0,88.0,1.5,0,7.0
2026-08-24-Elazığ Hipodromu-3,2026-08-24,3,Elazığ Hipodromu,1200.0,MISRADA,ÇAĞLAR TAŞCI,HAKAN ATAKAYA,51.0,11,0.0,50.0,50.0,50.0,50.0,64.0,0.72,0,0.0
2026-08-24-Elazığ Hipodromu-3,2026-08-24,3,Elazığ Hipodromu,1200.0,RECEPPAŞA,İSA KATAR,MEHMET ALİ SUBAY,57.0,3,0.0,50.0,50.0,50.0,50.0,88.0,6.85,0,20.0
2026-08-24-Elazığ Hipodromu-3,2026-08-24,3,Elazığ Hipodromu,1200.0,RÜZGAR DELİSİ,MEHMET EMİN DOĞAN,ERCAN ALTIN,57.0,10,0.0,50.0,50.0,50.0,50.0,88.0,1.09,0,7.0
2026-08-24-Elazığ Hipodromu-3,2026-08-24,3,Elazığ Hipodromu,1200.0,UÇAN GENÇ,REMZİ DOĞAN,HAKAN ATAKAYA,57.0,9,0.0,50.0,50.0,50.0,50.0,88.0,1.38,0,0.0
2026-08-24-Elazığ Hipodromu-3,2026-08-24,3,Elazığ Hipodromu,1200.0,ÖZTÜRK PINARI,ABDULLAH ÇANKAYA,SÜLEYMAN KARAKEÇİLİ,55.0,2,0.0,50.0,50.0,50.0,50.0,80.0,11.65,0,24.0
2026-08-24-Elazığ Hipodromu-4,2026-08-24,4,Elazığ Hipodromu,2000.0,ATOM CEMİL,MEHMET EMİN DOĞAN,MAHMUT DOĞAN,58.0,4,0.0,50.0,50.0,50.0,50.0,92.0,13.16,0,69.0
2026-08-24-Elazığ Hipodromu-4,2026-08-24,4,Elazığ Hipodromu,2000.0,BERİD,FERİT YARDIMCI,MEHMET KAYA,58.0,6,0.0,50.0,50.0,50.0,50.0,92.0,7.55,0,68.0
2026-08-24-Elazığ Hipodromu-4,2026-08-24,4,Elazığ Hipodromu,2000.0,DOĞANTÜRKBEYİ,İSA AKYAVUZ,ELİF AÇMAZ,62.0,1,0.0,50.0,50.0,50.0,50.0,92.0,21.62,0,89.0
2026-08-24-Elazığ Hipodromu-4,2026-08-24,4,Elazığ Hipodromu,2000.0,EMİN AMCA,REMZİ DOĞAN,BAHATTİN DEMİRKAPU,60.0,3,0.0,50.0,50.0,50.0,50.0,100.0,6.08,0,81.0
2026-08-24-Elazığ Hipodromu-4,2026-08-24,4,Elazığ Hipodromu,2000.0,FOOT LOOS,ÇAĞLAR TAŞCI,MAHMUT DOĞAN,56.0,5,0.0,50.0,50.0,50.0,50.0,84.0,15.3,0,68.0
2026-08-24-Elazığ Hipodromu-4,2026-08-24,4,Elazığ Hipodromu,2000.0,KING DALAZ,MUHAMMED BARAN ÇAKMAK,BAVER FAHRİOĞLU,57.0,2,0.0,50.0,50.0,50.0,50.0,88.0,1.9,0,76.0
2026-08-24-Elazığ Hipodromu-4,2026-08-24,4,Elazığ Hipodromu,2000.0,KİKİ FERRO,AZİZ AKDEMİR,MEHMET ALTIN,60.0,11,0.0,50.0,50.0,50.0,50.0,100.0,3.01,0,68.0
2026-08-24-Elazığ Hipodromu-4,2026-08-24,4,Elazığ Hipodromu,2000.0,OĞLUM SALİH,ABDULLAH ÇANKAYA,SİNEM BAKIR,60.0,9,0.0,50.0,50.0,50.0,50.0,100.0,22.7,0,77.0
2026-08-24-Elazığ Hipodromu-4,2026-08-24,4,Elazığ Hipodromu,2000.0,SAKAMOTO,AHMET HASAN BAYAR,ERCAN ALTIN,56.0,10,0.0,50.0,50.0,50.0,50.0,84.0,0.58,0,18.0
2026-08-24-Elazığ Hipodromu-4,2026-08-24,4,Elazığ Hipodromu,2000.0,VERMİTHRAX,HAKİM YÖNDEN,ERCAN ALTIN,52.0,7,0.0,50.0,50.0,50.0,50.0,68.0,1.18,0,62.0
2026-08-24-Elazığ Hipodromu-4,2026-08-24,4,Elazığ Hipodromu,2000.0,ŞERDİL,NECMİ ALTIN,ZEKERİYA AKDEMİR,56.0,8,0.0,50.0,50.0,50.0,50.0,84.0,6.91,0,69.0
2026-08-24-Elazığ Hipodromu-5,2026-08-24,5,Elazığ Hipodromu,1200.0,ALELADE HEJA,SAMİ KAPLAN,EYYÜP YARDIMCI,55.0,10,0.0,50.0,50.0,50.0,50.0,80.0,0.82,0,10.0
2026-08-24-Elazığ Hipodromu-5,2026-08-24,5,Elazığ Hipodromu,1200.0,ATAKAYA HÜKÜMDARI,MUHAMMED BARAN ÇAKMAK,HAKAN ATAKAYA,54.0,5,0.0,50.0,50.0,50.0,50.0,76.0,2.23,0,14.0
2026-08-24-Elazığ Hipodromu-5,2026-08-24,5,Elazığ Hipodromu,1200.0,CANU CİGER,AZİZ AKDEMİR,SÜLEYMAN KARAKEÇİLİ,55.0,8,0.0,50.0,50.0,50.0,50.0,80.0,7.41,0,24.0
2026-08-24-Elazığ Hipodromu-5,2026-08-24,5,Elazığ Hipodromu,1200.0,EFSANE YILMAZ,MEHMET ALİ AKTÜRK,HAKAN ATAKAYA,57.0,4,0.0,50.0,50.0,50.0,50.0,88.0,1.75,0,19.0
2026-08-24-Elazığ Hipodromu-5,2026-08-24,5,Elazığ Hipodromu,1200.0,EMOHELİL,İSA AKYAVUZ,ZEKERİYA AKDEMİR,59.0,2,0.0,50.0,50.0,50.0,50.0,96.0,20.82,0,25.0
2026-08-24-Elazığ Hipodromu-5,2026-08-24,5,Elazığ Hipodromu,1200.0,HÜKÜMSÜREN,NECMİ ALTIN,ERCAN ALTIN,57.0,1,0.0,50.0,50.0,50.0,50.0,88.0,28.56,0,28.0
2026-08-24-Elazığ Hipodromu-5,2026-08-24,5,Elazığ Hipodromu,1200.0,KAHRAMAN,İSA KATAR,HAKAN ATAKAYA,57.0,9,0.0,50.0,50.0,50.0,50.0,88.0,3.54,0,10.0
2026-08-24-Elazığ Hipodromu-5,2026-08-24,5,Elazığ Hipodromu,1200.0,KIZMAZIN OĞLU,REMZİ DOĞAN,MEHMET ALTIN,57.0,7,0.0,50.0,50.0,50.0,50.0,88.0,1.99,0,0.0
2026-08-24-Elazığ Hipodromu-5,2026-08-24,5,Elazığ Hipodromu,1200.0,PRENSES FADİLE,AHMET HASAN BAYAR,ERCAN ALTIN,58.0,11,0.0,50.0,50.0,50.0,50.0,92.0,2.63,0,26.0
2026-08-24-Elazığ Hipodromu-5,2026-08-24,5,Elazığ Hipodromu,1200.0,YAZ MELTEMİ,MEHMET EMİN DOĞAN,EYYÜP YARDIMCI,55.0,3,0.0,50.0,50.0,50.0,50.0,80.0,0.96,0,19.0
2026-08-24-Elazığ Hipodromu-5,2026-08-24,5,Elazığ Hipodromu,1200.0,ÇELİKTAR,ABDULLAH ÇANKAYA,ARİF IŞIK,57.0,6,0.0,50.0,50.0,50.0,50.0,88.0,15.85,0,26.0
2026-08-24-Elazığ Hipodromu-6,2026-08-24,6,Elazığ Hipodromu,2000.0,DEMİR ATLAS,AHMET HASAN BAYAR,BAVER FAHRİOĞLU,55.5,10,0.0,50.0,50.0,50.0,50.0,82.0,1.05,0,55.0
2026-08-24-Elazığ Hipodromu-6,2026-08-24,6,Elazığ Hipodromu,2000.0,DÖRTNALBEYİ,ABDULLAH ÇANKAYA,EYYÜP YARDIMCI,61.0,12,0.0,50.0,50.0,50.0,50.0,96.0,4.18,0,89.0
2026-08-24-Elazığ Hipodromu-6,2026-08-24,6,Elazığ Hipodromu,2000.0,HİLVANLIOĞLU,İSA AKYAVUZ,ELİF AÇMAZ,60.0,3,0.0,50.0,50.0,50.0,50.0,100.0,16.99,0,91.0
2026-08-24-Elazığ Hipodromu-6,2026-08-24,6,Elazığ Hipodromu,2000.0,KARA KORSAN,AZİZ AKDEMİR,ERCAN ALTIN,56.0,2,0.0,50.0,50.0,50.0,50.0,84.0,3.51,0,74.0
2026-08-24-Elazığ Hipodromu-6,2026-08-24,6,Elazığ Hipodromu,2000.0,KRALCEVHERİ,İSA KATAR,HAKAN ATAKAYA,60.0,8,0.0,50.0,50.0,50.0,50.0,100.0,7.55,0,87.0
2026-08-24-Elazığ Hipodromu-6,2026-08-24,6,Elazığ Hipodromu,2000.0,MEYMENE,NECMİ ALTIN,ERCAN ALTIN,58.0,5,0.0,50.0,50.0,50.0,50.0,92.0,20.6,0,66.0
2026-08-24-Elazığ Hipodromu-6,2026-08-24,6,Elazığ Hipodromu,2000.0,OĞLUMBENİM,SAMİ KAPLAN,ZEKERİYA AKDEMİR,58.0,7,0.0,50.0,50.0,50.0,50.0,92.0,1.57,0,76.0
2026-08-24-Elazığ Hipodromu-6,2026-08-24,6,Elazığ Hipodromu,2000.0,SAVT,YUNUS ÇELİKBAŞ,ARİF IŞIK,55.5,11,0.0,50.0,50.0,50.0,50.0,82.0,3.53,0,68.0
2026-08-24-Elazığ Hipodromu-6,2026-08-24,6,Elazığ Hipodromu,2000.0,SEHHAR,REMZİ DOĞAN,MEHMET ALTIN,62.0,4,0.0,50.0,50.0,50.0,50.0,92.0,7.86,0,85.0
2026-08-24-Elazığ Hipodromu-6,2026-08-24,6,Elazığ Hipodromu,2000.0,TAŞTEPE,FERİT YARDIMCI,RAMAZAN BARMAN,60.0,6,0.0,50.0,50.0,50.0,50.0,100.0,13.7,0,79.0
2026-08-24-Elazığ Hipodromu-6,2026-08-24,6,Elazığ Hipodromu,2000.0,TEKİR BEYİ,MEHMET ALİ AKTÜRK,ESER YILDIRIM,60.0,9,0.0,50.0,50.0,50.0,50.0,100.0,3.33,0,57.0
2026-08-24-Elazığ Hipodromu-6,2026-08-24,6,Elazığ Hipodromu,2000.0,ÇİLOBEY,MEHMET EMİN DOĞAN,EMRAH ÇİZİK,57.0,1,0.0,50.0,50.0,50.0,50.0,88.0,16.12,0,85.0
2026-08-24-Elazığ Hipodromu-7,2026-08-24,7,Elazığ Hipodromu,1200.0,ALPERİN KIZI,MUHAMMED BARAN ÇAKMAK,FİGEN BAKIR,56.0,7,0.0,50.0,50.0,50.0,50.0,84.0,0.0,0,31.0
2026-08-24-Elazığ Hipodromu-7,2026-08-24,7,Elazığ Hipodromu,1200.0,AŞAN STAR,FERİT YARDIMCI,EYYÜP YARDIMCI,59.0,1,0.0,50.0,50.0,50.0,50.0,96.0,0.0,0,31.0
2026-08-24-Elazığ Hipodromu-7,2026-08-24,7,Elazığ Hipodromu,1200.0,DAUGHTER OF VICTOR,YUNUS ÇELİKBAŞ,VELİ ÇİZİK,59.0,2,0.0,50.0,50.0,50.0,50.0,96.0,0.0,0,32.0
2026-08-24-Elazığ Hipodromu-7,2026-08-24,7,Elazığ Hipodromu,1200.0,GODDESS OF BEAUTY,REMZİ DOĞAN,VELİ ÇİZİK,57.0,3,0.0,50.0,50.0,50.0,50.0,88.0,0.0,0,31.0
2026-08-24-Elazığ Hipodromu-7,2026-08-24,7,Elazığ Hipodromu,1200.0,LEYDİ STARK,İSA AKYAVUZ,MUHAMMED BULUÇ,59.0,6,0.0,50.0,50.0,50.0,50.0,96.0,0.0,0,32.0
2026-08-24-Elazığ Hipodromu-7,2026-08-24,7,Elazığ Hipodromu,1200.0,VOOYASUB,AZİZ AKDEMİR,İBRAHİM ATMACA,59.0,4,0.0,50.0,50.0,50.0,50.0,96.0,0.0,0,31.0
2026-08-24-Elazığ Hipodromu-7,2026-08-24,7,Elazığ Hipodromu,1200.0,ZEHRA HİRA,SAMİ KAPLAN,HASAN TEKİNALP,60.0,5,0.0,50.0,50.0,50.0,50.0,100.0,0.0,0,31.0
2026-08-24-Elazığ Hipodromu-8,2026-08-24,8,Elazığ Hipodromu,1200.0,FACE OF FREEDOM,AZİZ AKDEMİR,MUHAMMED BULUÇ,61.0,7,0.0,50.0,50.0,50.0,50.0,96.0,0.0,0,31.0
2026-08-24-Elazığ Hipodromu-8,2026-08-24,8,Elazığ Hipodromu,1200.0,GOLDEN COOGER,NECMİ ALTIN,ERCAN ALTIN,58.0,4,0.0,50.0,50.0,50.0,50.0,92.0,0.0,0,41.0
2026-08-24-Elazığ Hipodromu-8,2026-08-24,8,Elazığ Hipodromu,1200.0,GREAT HOPES,ABDULLAH ÇANKAYA,EYYÜP YARDIMCI,55.0,12,0.0,50.0,50.0,50.0,50.0,80.0,0.0,0,42.0
2026-08-24-Elazığ Hipodromu-8,2026-08-24,8,Elazığ Hipodromu,1200.0,INDEPENDENCE,YUNUS ÇELİKBAŞ,ERCAN ALTIN,55.0,9,0.0,50.0,50.0,50.0,50.0,80.0,0.0,0,24.0
2026-08-24-Elazığ Hipodromu-8,2026-08-24,8,Elazığ Hipodromu,1200.0,KNOW WORTH,MEHMET ALİ AKTÜRK,İBRAHİM ATMACA,56.0,10,0.0,50.0,50.0,50.0,50.0,84.0,0.0,0,69.0
2026-08-24-Elazığ Hipodromu-8,2026-08-24,8,Elazığ Hipodromu,1200.0,KRAL ALPER,MUHAMMED BARAN ÇAKMAK,FİGEN BAKIR,58.0,3,0.0,50.0,50.0,50.0,50.0,92.0,0.0,0,53.0
2026-08-24-Elazığ Hipodromu-8,2026-08-24,8,Elazığ Hipodromu,1200.0,MAVERICK SHADOW,REMZİ DOĞAN,MAHMUT DOĞAN,57.0,5,0.0,50.0,50.0,50.0,50.0,88.0,0.0,0,36.0
2026-08-24-Elazığ Hipodromu-8,2026-08-24,8,Elazığ Hipodromu,1200.0,NICE COLT,İLKER AKIN,MEHMET KAYA,55.0,14,0.0,50.0,50.0,50.0,50.0,80.0,0.0,0,27.0
2026-08-24-Elazığ Hipodromu-8,2026-08-24,8,Elazığ Hipodromu,1200.0,NIGHT KING,İSA KATAR,SALİH BECENE,58.0,2,0.0,50.0,50.0,50.0,50.0,92.0,0.0,0,33.0
2026-08-24-Elazığ Hipodromu-8,2026-08-24,8,Elazığ Hipodromu,1200.0,RANIL OĞLU,ÇETİN CANPOLAT,MEHMET ALTIN,54.0,13,0.0,50.0,50.0,50.0,50.0,76.0,0.0,0,23.0
2026-08-24-Elazığ Hipodromu-8,2026-08-24,8,Elazığ Hipodromu,1200.0,ROCKIN TIZWAY,AHMET HASAN BAYAR,ESER YILDIRIM,55.0,8,0.0,50.0,50.0,50.0,50.0,80.0,0.0,0,26.0
2026-08-24-Elazığ Hipodromu-8,2026-08-24,8,Elazığ Hipodromu,1200.0,SKY TURK,SAMİ KAPLAN,MEHMET ALİ SUBAY,58.0,1,0.0,50.0,50.0,50.0,50.0,92.0,0.0,0,36.0
2026-08-24-Elazığ Hipodromu-8,2026-08-24,8,Elazığ Hipodromu,1200.0,SWORD OF GOLD,ÇAĞLAR TAŞCI,MUHAMMED BULUÇ,54.0,11,0.0,50.0,50.0,50.0,50.0,76.0,0.0,0,25.0
2026-08-24-Elazığ Hipodromu-8,2026-08-24,8,Elazığ Hipodromu,1200.0,ÜNLÜSİMA,İSA AKYAVUZ,ZEKERİYA AKDEMİR,56.0,6,0.0,50.0,50.0,50.0,50.0,84.0,0.0,0,32.0
2026-08-25-Ankara 75. Yıl Hipodromu-1,2026-08-25,1,Ankara 75. Yıl Hipodromu,1200.0,AL ZEYNO,ENES ATLAMAZ,ERGÜN ÇETİNKURT,53.0,9,0.0,50.0,50.0,50.0,50.0,72.0,2.87,0,24.0
2026-08-25-Ankara 75. Yıl Hipodromu-1,2026-08-25,1,Ankara 75. Yıl Hipodromu,1200.0,ARKAZGÜLÜ,ROJHAT KURT,RAMAZAN KAYA,52.0,10,0.0,50.0,50.0,50.0,50.0,68.0,0.99,0,23.0
2026-08-25-Ankara 75. Yıl Hipodromu-1,2026-08-25,1,Ankara 75. Yıl Hipodromu,1200.0,BÜYÜK PEHLİVAN,MEHMET SALİH ÇELİK,FARUK SERİNTÜRK,57.0,3,0.0,50.0,50.0,50.0,50.0,88.0,13.65,0,0.0
2026-08-25-Ankara 75. Yıl Hipodromu-1,2026-08-25,1,Ankara 75. Yıl Hipodromu,1200.0,CANELÇİN,AYHAN KURŞUN,ŞEFİK AYDEMİR,55.0,1,0.0,50.0,50.0,50.0,50.0,80.0,20.79,0,0.0
2026-08-25-Ankara 75. Yıl Hipodromu-1,2026-08-25,1,Ankara 75. Yıl Hipodromu,1200.0,GÜNEŞMİLA,SAMETCAN YAZICIOĞLU,RAMAZAN KAYA,60.0,4,0.0,50.0,50.0,50.0,50.0,100.0,9.08,0,36.0
2026-08-25-Ankara 75. Yıl Hipodromu-1,2026-08-25,1,Ankara 75. Yıl Hipodromu,1200.0,KARANIN OĞLU,ERAY ÇİZİK,MEHMET ŞEFİK KILINÇ,57.0,11,0.0,50.0,50.0,50.0,50.0,88.0,2.7,0,0.0
2026-08-25-Ankara 75. Yıl Hipodromu-1,2026-08-25,1,Ankara 75. Yıl Hipodromu,1200.0,KING ULUDAĞ,MERT ALİ SOLMAZ,VEDAT YILDIRIM,57.0,2,0.0,50.0,50.0,50.0,50.0,88.0,22.59,0,29.0
2026-08-25-Ankara 75. Yıl Hipodromu-1,2026-08-25,1,Ankara 75. Yıl Hipodromu,1200.0,KÖYLÜHAN,ERCAN ÇANKAYA,YUSUF CAN KARATOPRAK,57.0,15,0.0,50.0,50.0,50.0,50.0,88.0,3.57,0,0.0
2026-08-25-Ankara 75. Yıl Hipodromu-1,2026-08-25,1,Ankara 75. Yıl Hipodromu,1200.0,OBA GÜZELİ,MEHMET KESKİN,RAMAZAN TAŞDELEN,55.0,12,0.0,50.0,50.0,50.0,50.0,80.0,0.7,0,0.0
2026-08-25-Ankara 75. Yıl Hipodromu-1,2026-08-25,1,Ankara 75. Yıl Hipodromu,1200.0,ONURLU TOPRAK,MENNAN BAL,YAKUP ÇAĞLAR,53.0,14,0.0,50.0,50.0,50.0,50.0,72.0,0.33,0,0.0
2026-08-25-Ankara 75. Yıl Hipodromu-1,2026-08-25,1,Ankara 75. Yıl Hipodromu,1200.0,REYONTAY,MÜSLÜM ÇELİK,YILMAZ TEKİNALP,57.0,7,0.0,50.0,50.0,50.0,50.0,88.0,11.61,0,0.0
2026-08-25-Ankara 75. Yıl Hipodromu-1,2026-08-25,1,Ankara 75. Yıl Hipodromu,1200.0,SEVERBEY,MERT UYAR,RAMAZAN KAYA,53.0,8,0.0,50.0,50.0,50.0,50.0,72.0,1.86,0,11.0
2026-08-25-Ankara 75. Yıl Hipodromu-1,2026-08-25,1,Ankara 75. Yıl Hipodromu,1200.0,TALİHLİ KIZ,FESİH ÇETİNBAŞ,MEHMET ŞEFİK KILINÇ,55.0,5,0.0,50.0,50.0,50.0,50.0,80.0,0.5,0,0.0
2026-08-25-Ankara 75. Yıl Hipodromu-1,2026-08-25,1,Ankara 75. Yıl Hipodromu,1200.0,TEKTEN SEVGİ,FATİH SULTAN MEHMET SANSAR,ÖMER FARUK ERTUĞRUL,55.0,13,0.0,50.0,50.0,50.0,50.0,80.0,0.32,0,9.0
2026-08-25-Ankara 75. Yıl Hipodromu-1,2026-08-25,1,Ankara 75. Yıl Hipodromu,1200.0,UTKANBEY,MERT GÖKALP ARSLAN,MUSTAFA ÖZYİĞİT,59.0,6,0.0,50.0,50.0,50.0,50.0,96.0,8.46,0,31.0
2026-08-25-Ankara 75. Yıl Hipodromu-2,2026-08-25,2,Ankara 75. Yıl Hipodromu,1200.0,ASLANLI OVA,ERAY ÇİZİK,MEHMET ÇELİK,58.0,5,0.0,50.0,50.0,50.0,50.0,92.0,10.03,0,47.0
2026-08-25-Ankara 75. Yıl Hipodromu-2,2026-08-25,2,Ankara 75. Yıl Hipodromu,1200.0,AĞILMUS ASLANI,MEHMET AKYAVUZ,MEHMET DEMİROL,57.0,6,0.0,50.0,50.0,50.0,50.0,88.0,5.44,0,45.0
2026-08-25-Ankara 75. Yıl Hipodromu-2,2026-08-25,2,Ankara 75. Yıl Hipodromu,1200.0,ENDER ŞOVALYE,UĞUR TEMUR,KENAN KORKMAZ,54.0,4,0.0,50.0,50.0,50.0,50.0,76.0,11.38,0,39.0
2026-08-25-Ankara 75. Yıl Hipodromu-2,2026-08-25,2,Ankara 75. Yıl Hipodromu,1200.0,GÖKTUĞBABA,MERT GÖKALP ARSLAN,CANSU ŞİMŞEK,54.0,2,0.0,50.0,50.0,50.0,50.0,76.0,15.44,0,39.0
2026-08-25-Ankara 75. Yıl Hipodromu-2,2026-08-25,2,Ankara 75. Yıl Hipodromu,1200.0,RASTGELOĞLUM,FESİH ÇETİNBAŞ,CASIM KATI,54.5,3,0.0,50.0,50.0,50.0,50.0,78.0,2.59,0,40.0
2026-08-25-Ankara 75. Yıl Hipodromu-2,2026-08-25,2,Ankara 75. Yıl Hipodromu,1200.0,ZEYDANTAY,MERT UYAR,KEMAL YILMAZ,53.0,7,0.0,50.0,50.0,50.0,50.0,72.0,1.85,0,43.0
2026-08-25-Ankara 75. Yıl Hipodromu-2,2026-08-25,2,Ankara 75. Yıl Hipodromu,1200.0,İZGİOĞLU,MERT ALİ SOLMAZ,VEDAT YILDIRIM,55.5,1,0.0,50.0,50.0,50.0,50.0,82.0,53.27,0,42.0
2026-08-25-Ankara 75. Yıl Hipodromu-3,2026-08-25,3,Ankara 75. Yıl Hipodromu,1400.0,EL RATON,ERAY ÇİZİK,MÜSLÜM DOLAK,57.0,5,0.0,50.0,50.0,50.0,50.0,88.0,11.44,0,51.0
2026-08-25-Ankara 75. Yıl Hipodromu-3,2026-08-25,3,Ankara 75. Yıl Hipodromu,1400.0,EN PASSANT,AYHAN KURŞUN,İBRAHİM BEKİROĞULLARI,57.0,1,0.0,50.0,50.0,50.0,50.0,88.0,20.64,0,47.0
2026-08-25-Ankara 75. Yıl Hipodromu-3,2026-08-25,3,Ankara 75. Yıl Hipodromu,1400.0,EQUAL GOLD,MEHMET SALİH ÇELİK,YAŞAR DEMİR,53.0,2,0.0,50.0,50.0,50.0,50.0,72.0,16.99,0,46.0
2026-08-25-Ankara 75. Yıl Hipodromu-3,2026-08-25,3,Ankara 75. Yıl Hipodromu,1400.0,ROYAL DYNASTY,VEDAT ABİŞ,OZAN BULUT,55.0,3,0.0,50.0,50.0,50.0,50.0,80.0,48.63,0,50.0
2026-08-25-Ankara 75. Yıl Hipodromu-3,2026-08-25,3,Ankara 75. Yıl Hipodromu,1400.0,SHALLOW,FESİH ÇETİNBAŞ,MÜSLÜM DOLAK,55.0,4,0.0,50.0,50.0,50.0,50.0,80.0,2.31,0,47.0
2026-08-25-Ankara 75. Yıl Hipodromu-4,2026-08-25,4,Ankara 75. Yıl Hipodromu,1400.0,DEJAME,MEHMET SALİH ÇELİK,MÜSLÜM DOLAK,58.5,10,0.0,50.0,50.0,50.0,50.0,94.0,12.0,0,73.0
2026-08-25-Ankara 75. Yıl Hipodromu-4,2026-08-25,4,Ankara 75. Yıl Hipodromu,1400.0,HIZKESEN,MERT UYAR,ERGÜN ÇETİNKURT,50.0,7,0.0,50.0,50.0,50.0,50.0,60.0,5.63,0,53.0
2026-08-25-Ankara 75. Yıl Hipodromu-4,2026-08-25,4,Ankara 75. Yıl Hipodromu,1400.0,JOYOUS GIRL,MÜCAHİT BAYIR,İSMAİL ÇEÇAN,50.0,9,0.0,50.0,50.0,50.0,50.0,60.0,2.87,0,33.0
2026-08-25-Ankara 75. Yıl Hipodromu-4,2026-08-25,4,Ankara 75. Yıl Hipodromu,1400.0,KINDNESS,MERT ALİ SOLMAZ,YAKUP MİSDİK,53.5,11,0.0,50.0,50.0,50.0,50.0,74.0,7.35,0,54.0
2026-08-25-Ankara 75. Yıl Hipodromu-4,2026-08-25,4,Ankara 75. Yıl Hipodromu,1400.0,MY BLUE HEAVEN,MÜSLÜM ÇELİK,CUMA DEMİR,52.0,4,0.0,50.0,50.0,50.0,50.0,68.0,9.77,0,51.0
2026-08-25-Ankara 75. Yıl Hipodromu-4,2026-08-25,4,Ankara 75. Yıl Hipodromu,1400.0,MİA STAR,ENES ATLAMAZ,İLKER KÖROĞLU,60.0,6,0.0,50.0,50.0,50.0,50.0,100.0,4.36,0,73.0
2026-08-25-Ankara 75. Yıl Hipodromu-4,2026-08-25,4,Ankara 75. Yıl Hipodromu,1400.0,PRINCESS HAZAL,VEDAT ABİŞ,RAMAZAN TAŞDELEN,53.0,1,0.0,50.0,50.0,50.0,50.0,72.0,14.63,0,62.0
2026-08-25-Ankara 75. Yıl Hipodromu-4,2026-08-25,4,Ankara 75. Yıl Hipodromu,1400.0,PRINCESS QALİ,FATİH SULTAN MEHMET SANSAR,YUNUS TUNCAY,57.5,3,0.0,50.0,50.0,50.0,50.0,90.0,6.35,0,62.0
2026-08-25-Ankara 75. Yıl Hipodromu-4,2026-08-25,4,Ankara 75. Yıl Hipodromu,1400.0,SIMAZE,MEHMET KESKİN,HASAN YILDIRIM,52.0,2,0.0,50.0,50.0,50.0,50.0,68.0,4.45,0,34.0
2026-08-25-Ankara 75. Yıl Hipodromu-4,2026-08-25,4,Ankara 75. Yıl Hipodromu,1400.0,VERAGORN,ÖZCAN YILDIRIM,YAKUP ÇAĞLAR,57.0,5,0.0,50.0,50.0,50.0,50.0,88.0,18.4,0,70.0
2026-08-25-Ankara 75. Yıl Hipodromu-4,2026-08-25,4,Ankara 75. Yıl Hipodromu,1400.0,ÇEVİK VAKTİ,ERAY ÇİZİK,MEHMET DEMİROL,57.0,8,0.0,50.0,50.0,50.0,50.0,88.0,10.79,0,61.0
2026-08-25-Ankara 75. Yıl Hipodromu-4,2026-08-25,4,Ankara 75. Yıl Hipodromu,1400.0,ÜNLÜ BOMBA,MERT GÖKALP ARSLAN,SEİT KAN,52.0,12,0.0,50.0,50.0,50.0,50.0,68.0,3.39,0,47.0
2026-08-25-Ankara 75. Yıl Hipodromu-5,2026-08-25,5,Ankara 75. Yıl Hipodromu,1200.0,BAKTAVORLİ,SAMETCAN YAZICIOĞLU,MEHMET AKKUŞ,53.0,10,0.0,50.0,50.0,50.0,50.0,72.0,1.39,0,20.0
2026-08-25-Ankara 75. Yıl Hipodromu-5,2026-08-25,5,Ankara 75. Yıl Hipodromu,1200.0,BÜCÜRÜK AKTAŞ,ERAY ÇİZİK,SAMET AKYAVUZ,57.0,4,0.0,50.0,50.0,50.0,50.0,88.0,1.3,0,16.0
2026-08-25-Ankara 75. Yıl Hipodromu-5,2026-08-25,5,Ankara 75. Yıl Hipodromu,1200.0,GÜNEY KAFKASYALI,VEDAT ABİŞ,MÜSLÜM DOLAK,57.0,14,0.0,50.0,50.0,50.0,50.0,88.0,19.64,0,35.0
2026-08-25-Ankara 75. Yıl Hipodromu-5,2026-08-25,5,Ankara 75. Yıl Hipodromu,1200.0,HARDAL ÇİÇEĞİM,MÜSLÜM ÇELİK,YAKUP ÇAĞLAR,55.0,5,0.0,50.0,50.0,50.0,50.0,80.0,7.29,0,32.0
2026-08-25-Ankara 75. Yıl Hipodromu-5,2026-08-25,5,Ankara 75. Yıl Hipodromu,1200.0,HAREM GÜZELİ,MEHMET SALİH ÇELİK,SERVET DOĞAN,55.0,1,0.0,50.0,50.0,50.0,50.0,80.0,21.5,0,0.0
2026-08-25-Ankara 75. Yıl Hipodromu-5,2026-08-25,5,Ankara 75. Yıl Hipodromu,1200.0,HAYDİ BİTANEM,MEHMET NURİ SUNKAR,MEHMET DEMİROL,55.0,9,0.0,50.0,50.0,50.0,50.0,80.0,0.88,0,30.0
2026-08-25-Ankara 75. Yıl Hipodromu-5,2026-08-25,5,Ankara 75. Yıl Hipodromu,1200.0,HÜRŞAFAK,MEHMET AKYAVUZ,RAMAZAN TAŞDELEN,57.0,7,0.0,50.0,50.0,50.0,50.0,88.0,10.88,0,0.0
2026-08-25-Ankara 75. Yıl Hipodromu-5,2026-08-25,5,Ankara 75. Yıl Hipodromu,1200.0,KAPIKULELİ,MERT GÖKALP ARSLAN,YAKUP MİSDİK,55.0,13,0.0,50.0,50.0,50.0,50.0,80.0,1.68,0,0.0
2026-08-25-Ankara 75. Yıl Hipodromu-5,2026-08-25,5,Ankara 75. Yıl Hipodromu,1200.0,KARAGÖZ,ROJHAT KURT,CUMA DEMİR,53.0,12,0.0,50.0,50.0,50.0,50.0,72.0,0.92,0,0.0
2026-08-25-Ankara 75. Yıl Hipodromu-5,2026-08-25,5,Ankara 75. Yıl Hipodromu,1200.0,KOPTU FIRTINA,AYHAN KURŞUN,ŞEFİK AYDEMİR,57.0,15,0.0,50.0,50.0,50.0,50.0,88.0,2.89,0,0.0
2026-08-25-Ankara 75. Yıl Hipodromu-5,2026-08-25,5,Ankara 75. Yıl Hipodromu,1200.0,MİRMET,FESİH ÇETİNBAŞ,MÜSLÜM DOLAK,57.0,11,0.0,50.0,50.0,50.0,50.0,88.0,0.73,0,22.0
2026-08-25-Ankara 75. Yıl Hipodromu-5,2026-08-25,5,Ankara 75. Yıl Hipodromu,1200.0,SAADIN CEVHERİ,MEHMET KESKİN,MEHMET AKKUŞ,55.0,8,0.0,50.0,50.0,50.0,50.0,80.0,0.48,0,9.0
2026-08-25-Ankara 75. Yıl Hipodromu-5,2026-08-25,5,Ankara 75. Yıl Hipodromu,1200.0,SERÇE KIZI,FATİH SULTAN MEHMET SANSAR,CASIM KATI,55.0,3,0.0,50.0,50.0,50.0,50.0,80.0,5.89,0,35.0
2026-08-25-Ankara 75. Yıl Hipodromu-5,2026-08-25,5,Ankara 75. Yıl Hipodromu,1200.0,ZEYTİN DİBİ,ENES ATLAMAZ,RAMAZAN KAYA,52.0,6,0.0,50.0,50.0,50.0,50.0,68.0,2.48,0,24.0
2026-08-25-Ankara 75. Yıl Hipodromu-5,2026-08-25,5,Ankara 75. Yıl Hipodromu,1200.0,ÜNAL GÖZ,ERCAN ÇANKAYA,MEHMET ŞEFİK KILINÇ,59.0,2,0.0,50.0,50.0,50.0,50.0,96.0,22.06,0,33.0
2026-08-25-Ankara 75. Yıl Hipodromu-6,2026-08-25,6,Ankara 75. Yıl Hipodromu,1600.0,BUILD YOUR DREAMS,ÖZCAN YILDIRIM,ADEM GÜVEN,58.0,4,0.0,50.0,50.0,50.0,50.0,92.0,11.97,0,92.0
2026-08-25-Ankara 75. Yıl Hipodromu-6,2026-08-25,6,Ankara 75. Yıl Hipodromu,1600.0,CHILO,UĞUR TEMUR,HÜSEYİN KAYA,58.0,5,0.0,50.0,50.0,50.0,50.0,92.0,1.56,0,71.0
2026-08-25-Ankara 75. Yıl Hipodromu-6,2026-08-25,6,Ankara 75. Yıl Hipodromu,1600.0,MASTER OF RACE,MÜSLÜM ÇELİK,İSMET TEKİNALP,58.0,2,0.0,50.0,50.0,50.0,50.0,92.0,14.65,0,75.0
2026-08-25-Ankara 75. Yıl Hipodromu-6,2026-08-25,6,Ankara 75. Yıl Hipodromu,1600.0,SUPER TOMO,MEHMET SALİH ÇELİK,MÜSLÜM DOLAK,59.0,3,0.0,50.0,50.0,50.0,50.0,96.0,7.85,0,89.0
2026-08-25-Ankara 75. Yıl Hipodromu-6,2026-08-25,6,Ankara 75. Yıl Hipodromu,1600.0,VICTORY WALTZ,AYHAN KURŞUN,YUSUF YILDIZ,58.0,1,0.0,50.0,50.0,50.0,50.0,92.0,60.48,0,89.0
2026-08-25-Ankara 75. Yıl Hipodromu-7,2026-08-25,7,Ankara 75. Yıl Hipodromu,1000.0,HEARTED,ERCAN ÇANKAYA,HÜSEYİN TEKİNALP,56.0,4,0.0,50.0,50.0,50.0,50.0,84.0,0.0,0,90.0
2026-08-25-Ankara 75. Yıl Hipodromu-7,2026-08-25,7,Ankara 75. Yıl Hipodromu,1000.0,INCOME,MEHMET SALİH ÇELİK,İBRAHİM BEKİROĞULLARI,56.0,3,0.0,50.0,50.0,50.0,50.0,84.0,0.0,0,89.0
2026-08-25-Ankara 75. Yıl Hipodromu-7,2026-08-25,7,Ankara 75. Yıl Hipodromu,1000.0,MAHALL,AYHAN KURŞUN,OSMAN GİRİŞKİN,58.0,1,0.0,50.0,50.0,50.0,50.0,92.0,0.0,0,88.0
2026-08-25-Ankara 75. Yıl Hipodromu-7,2026-08-25,7,Ankara 75. Yıl Hipodromu,1000.0,MOUNTAIN,VEDAT ABİŞ,ERTAN ACER,60.0,2,0.0,50.0,50.0,50.0,50.0,100.0,0.0,0,97.0
2026-08-25-Ankara 75. Yıl Hipodromu-8,2026-08-25,8,Ankara 75. Yıl Hipodromu,2000.0,AKSİ TAY,ENES ATLAMAZ,AYKUT ECEVİT BAŞ,53.0,9,0.0,50.0,50.0,50.0,50.0,72.0,0.0,0,8.0
2026-08-25-Ankara 75. Yıl Hipodromu-8,2026-08-25,8,Ankara 75. Yıl Hipodromu,2000.0,CHİCO LOCO,MERT ALİ SOLMAZ,RANA SUNA,56.0,6,0.0,50.0,50.0,50.0,50.0,84.0,0.0,0,25.0
2026-08-25-Ankara 75. Yıl Hipodromu-8,2026-08-25,8,Ankara 75. Yıl Hipodromu,2000.0,EARTHQUAKE,VEDAT ABİŞ,RAMAZAN TAŞDELEN,60.0,3,0.0,50.0,50.0,50.0,50.0,100.0,0.0,0,34.0
2026-08-25-Ankara 75. Yıl Hipodromu-8,2026-08-25,8,Ankara 75. Yıl Hipodromu,2000.0,GIVE ME A SECOND,AYHAN KURŞUN,KAMİL ARDA,56.0,5,0.0,50.0,50.0,50.0,50.0,84.0,0.0,0,0.0
2026-08-25-Ankara 75. Yıl Hipodromu-8,2026-08-25,8,Ankara 75. Yıl Hipodromu,2000.0,IRON TEMPEST,ERCAN ÇANKAYA,TAYFUN VATANSEVER,56.0,2,0.0,50.0,50.0,50.0,50.0,84.0,0.0,0,28.0
2026-08-25-Ankara 75. Yıl Hipodromu-8,2026-08-25,8,Ankara 75. Yıl Hipodromu,2000.0,MAXIMAND,ERAY ÇİZİK,ARZU KILIÇ,56.0,1,0.0,50.0,50.0,50.0,50.0,84.0,0.0,0,28.0
2026-08-25-Ankara 75. Yıl Hipodromu-8,2026-08-25,8,Ankara 75. Yıl Hipodromu,2000.0,MORİ PAŞA,FATİH SULTAN MEHMET SANSAR,YAKUP MİSDİK,56.0,4,0.0,50.0,50.0,50.0,50.0,84.0,0.0,0,8.0
2026-08-25-Ankara 75. Yıl Hipodromu-8,2026-08-25,8,Ankara 75. Yıl Hipodromu,2000.0,MY ROSECEM,MERT UYAR,YAKUP ÇAĞLAR,50.0,7,0.0,50.0,50.0,50.0,50.0,60.0,0.0,0,30.0
2026-08-25-Ankara 75. Yıl Hipodromu-8,2026-08-25,8,Ankara 75. Yıl Hipodromu,2000.0,SPRINT MASTER,MÜSLÜM ÇELİK,İLKER KÖROĞLU,56.0,8,0.0,50.0,50.0,50.0,50.0,84.0,0.0,0,0.0
2026-08-25-Ankara 75. Yıl Hipodromu-9,2026-08-25,9,Ankara 75. Yıl Hipodromu,1200.0,BERAYZADE,ENES ATLAMAZ,MEHMET DEMİROL,52.0,5,0.0,50.0,50.0,50.0,50.0,68.0,0.0,0,10.0
2026-08-25-Ankara 75. Yıl Hipodromu-9,2026-08-25,9,Ankara 75. Yıl Hipodromu,1200.0,BESNİ,VEDAT ABİŞ,SERHAT YILDIZ,57.0,13,0.0,50.0,50.0,50.0,50.0,88.0,0.0,0,0.0
2026-08-25-Ankara 75. Yıl Hipodromu-9,2026-08-25,9,Ankara 75. Yıl Hipodromu,1200.0,CABİREKIZIM,MERT GÖKALP ARSLAN,MUSTAFA ÖZYİĞİT,55.0,2,0.0,50.0,50.0,50.0,50.0,80.0,0.0,0,31.0
2026-08-25-Ankara 75. Yıl Hipodromu-9,2026-08-25,9,Ankara 75. Yıl Hipodromu,1200.0,DENİZAĞA,ERCAN ÇANKAYA,KADİR TEKİNALP,57.0,10,0.0,50.0,50.0,50.0,50.0,88.0,0.0,0,0.0
2026-08-25-Ankara 75. Yıl Hipodromu-9,2026-08-25,9,Ankara 75. Yıl Hipodromu,1200.0,ESLİNA DEFNE,BURHAN KILINÇ,YAKUP ÇAĞLAR,55.0,7,0.0,50.0,50.0,50.0,50.0,80.0,0.0,0,0.0
2026-08-25-Ankara 75. Yıl Hipodromu-9,2026-08-25,9,Ankara 75. Yıl Hipodromu,1200.0,GÜZEL ELAM,UĞUR TEMUR,RAMAZAN TAŞDELEN,55.0,4,0.0,50.0,50.0,50.0,50.0,80.0,0.0,0,22.0
2026-08-25-Ankara 75. Yıl Hipodromu-9,2026-08-25,9,Ankara 75. Yıl Hipodromu,1200.0,KORDONİS,MEHMET SALİH ÇELİK,CUMA DEMİR,57.0,6,0.0,50.0,50.0,50.0,50.0,88.0,0.0,0,0.0
2026-08-25-Ankara 75. Yıl Hipodromu-9,2026-08-25,9,Ankara 75. Yıl Hipodromu,1200.0,MELİHCİM,AYHAN KURŞUN,MEHMET AKKUŞ,57.0,1,0.0,50.0,50.0,50.0,50.0,88.0,0.0,0,0.0
2026-08-25-Ankara 75. Yıl Hipodromu-9,2026-08-25,9,Ankara 75. Yıl Hipodromu,1200.0,MUŞUN GÜLÜ,MERT UYAR,YAKUP ÇAĞLAR,51.0,12,0.0,50.0,50.0,50.0,50.0,64.0,0.0,0,0.0
2026-08-25-Ankara 75. Yıl Hipodromu-9,2026-08-25,9,Ankara 75. Yıl Hipodromu,1200.0,TRABLUS,FATİH SULTAN MEHMET SANSAR,ZÜLKÜF YILMAZ,55.0,11,0.0,50.0,50.0,50.0,50.0,80.0,0.0,0,0.0
2026-08-25-Ankara 75. Yıl Hipodromu-9,2026-08-25,9,Ankara 75. Yıl Hipodromu,1200.0,URAZ,MERT ALİ SOLMAZ,VEDAT YILDIRIM,57.0,8,0.0,50.0,50.0,50.0,50.0,88.0,0.0,0,0.0
2026-08-25-Ankara 75. Yıl Hipodromu-9,2026-08-25,9,Ankara 75. Yıl Hipodromu,1200.0,UÇAN DERAY,MEHMET KESKİN,MEHMET ARSLAN,55.0,15,0.0,50.0,50.0,50.0,50.0,80.0,0.0,0,0.0
2026-08-25-Ankara 75. Yıl Hipodromu-9,2026-08-25,9,Ankara 75. Yıl Hipodromu,1200.0,ZUBİR,MÜSLÜM ÇELİK,YUSUF UÇAR,57.0,9,0.0,50.0,50.0,50.0,50.0,88.0,0.0,0,0.0
2026-08-25-Ankara 75. Yıl Hipodromu-9,2026-08-25,9,Ankara 75. Yıl Hipodromu,1200.0,ÖZMİRDAS,FESİH ÇETİNBAŞ,SERVET DOĞAN,57.0,3,0.0,50.0,50.0,50.0,50.0,88.0,0.0,0,0.0
2026-08-25-Ankara 75. Yıl Hipodromu-9,2026-08-25,9,Ankara 75. Yıl Hipodromu,1200.0,İSKENDEROVA,ROJHAT KURT,HÜSEYİN ATAŞ,53.0,14,0.0,50.0,50.0,50.0,50.0,72.0,0.0,0,0.0
2026-08-25-Kocaeli Kartepe Hipodromu-1,2026-08-25,1,Kocaeli Kartepe Hipodromu,1200.0,ALL THE STARS,TOLGA YILDIZ,HASAN DOLMAZ,57.0,2,0.0,50.0,50.0,50.0,50.0,88.0,2.39,0,22.0
2026-08-25-Kocaeli Kartepe Hipodromu-1,2026-08-25,1,Kocaeli Kartepe Hipodromu,1200.0,AURELIA BLITZ,CEM ALTUN,AHMET MANTAŞ,57.0,1,0.0,50.0,50.0,50.0,50.0,88.0,1.1,0,14.0
2026-08-25-Kocaeli Kartepe Hipodromu-1,2026-08-25,1,Kocaeli Kartepe Hipodromu,1200.0,BELLA LUNO,HALİT GÖKÇE,NİHAT YILDIRIM,53.0,10,0.0,50.0,50.0,50.0,50.0,72.0,0.49,0,16.0
2026-08-25-Kocaeli Kartepe Hipodromu-1,2026-08-25,1,Kocaeli Kartepe Hipodromu,1200.0,DRAGON LEGEND,SELİM KAYA,HAKAN POLAT,57.0,9,0.0,50.0,50.0,50.0,50.0,88.0,18.73,0,0.0
2026-08-25-Kocaeli Kartepe Hipodromu-1,2026-08-25,1,Kocaeli Kartepe Hipodromu,1200.0,DREAM SHIP,GÖRKEM ÖZÇELİK,MEHMET ESMER,57.0,4,0.0,50.0,50.0,50.0,50.0,88.0,2.93,0,0.0
2026-08-25-Kocaeli Kartepe Hipodromu-1,2026-08-25,1,Kocaeli Kartepe Hipodromu,1200.0,KIMDRAKA,NEVZAT AVCİ,MİRAÇ İPEK,60.0,6,0.0,50.0,50.0,50.0,50.0,100.0,21.3,0,31.0
2026-08-25-Kocaeli Kartepe Hipodromu-1,2026-08-25,1,Kocaeli Kartepe Hipodromu,1200.0,NEBULA STAR,MAHMUT TURAN,TURGAY ÇEKİCİ,57.0,11,0.0,50.0,50.0,50.0,50.0,88.0,6.48,0,31.0
2026-08-25-Kocaeli Kartepe Hipodromu-1,2026-08-25,1,Kocaeli Kartepe Hipodromu,1200.0,SABIRLI RIBELLA,MUSTAFA ÇİÇEK,SENER GÖKÇE,57.0,5,0.0,50.0,50.0,50.0,50.0,88.0,16.03,0,0.0
2026-08-25-Kocaeli Kartepe Hipodromu-1,2026-08-25,1,Kocaeli Kartepe Hipodromu,1200.0,SHADEFALL,İSMAİL KATI,HÜSEYİN KARABULUT,57.0,7,0.0,50.0,50.0,50.0,50.0,88.0,2.88,0,0.0
2026-08-25-Kocaeli Kartepe Hipodromu-1,2026-08-25,1,Kocaeli Kartepe Hipodromu,1200.0,STEEL HUNTER,SALİH ÇELİK,ÖMER FARUK TAŞDELEN,57.0,8,0.0,50.0,50.0,50.0,50.0,88.0,3.61,0,0.0
2026-08-25-Kocaeli Kartepe Hipodromu-1,2026-08-25,1,Kocaeli Kartepe Hipodromu,1200.0,TODAY IS A GIFT,YUSUF TALHA AKKAYA,AHMET MANTAŞ,53.0,3,0.0,50.0,50.0,50.0,50.0,72.0,24.06,0,31.0
2026-08-25-Kocaeli Kartepe Hipodromu-2,2026-08-25,2,Kocaeli Kartepe Hipodromu,1400.0,BY YURDABAK,ADEM ASLAN,EYÜPHAN AVCI,53.5,3,0.0,50.0,50.0,50.0,50.0,74.0,29.63,0,29.0
2026-08-25-Kocaeli Kartepe Hipodromu-2,2026-08-25,2,Kocaeli Kartepe Hipodromu,1400.0,EL ALACRAN,MUHAMMED MİR BİLGİN,NİHAT DÜNDAR,53.5,2,0.0,50.0,50.0,50.0,50.0,74.0,18.45,0,38.0
2026-08-25-Kocaeli Kartepe Hipodromu-2,2026-08-25,2,Kocaeli Kartepe Hipodromu,1400.0,HAÇOVALI,ZÜLFÜKAR KARABULUT,CEMİL TURAN,55.0,9,0.0,50.0,50.0,50.0,50.0,80.0,26.2,0,45.0
2026-08-25-Kocaeli Kartepe Hipodromu-2,2026-08-25,2,Kocaeli Kartepe Hipodromu,1400.0,IRON CLEM,NEVZAT AVCİ,ÖMER GÜNELİ,56.5,6,0.0,50.0,50.0,50.0,50.0,86.0,7.17,0,44.0
2026-08-25-Kocaeli Kartepe Hipodromu-2,2026-08-25,2,Kocaeli Kartepe Hipodromu,1400.0,KINOWA GIRL,ALİ KAÇMAZ,GÜLŞAH TAŞDELEN,52.5,8,0.0,50.0,50.0,50.0,50.0,70.0,1.57,0,36.0
2026-08-25-Kocaeli Kartepe Hipodromu-2,2026-08-25,2,Kocaeli Kartepe Hipodromu,1400.0,KUMKAPILI,GÖRKEM ÖZÇELİK,ŞİNASİ GÖKÇE,57.5,1,0.0,50.0,50.0,50.0,50.0,90.0,2.33,0,37.0
2026-08-25-Kocaeli Kartepe Hipodromu-2,2026-08-25,2,Kocaeli Kartepe Hipodromu,1400.0,LADY CLASSMAN,ONUR ATMACA,REŞAT KILIÇ,55.0,4,0.0,50.0,50.0,50.0,50.0,80.0,11.4,0,41.0
2026-08-25-Kocaeli Kartepe Hipodromu-2,2026-08-25,2,Kocaeli Kartepe Hipodromu,1400.0,QUEEN OF HAPPINESS,HALİT GÖKÇE,RAMAZAN AKDUMAN,59.5,5,0.0,50.0,50.0,50.0,50.0,98.0,0.95,0,47.0
2026-08-25-Kocaeli Kartepe Hipodromu-2,2026-08-25,2,Kocaeli Kartepe Hipodromu,1400.0,TILO GIRL,KAANCAN GÖKÇE,GÜLTEKİN SUBAŞI,61.0,7,0.0,50.0,50.0,50.0,50.0,96.0,2.3,0,48.0
2026-08-25-Kocaeli Kartepe Hipodromu-3,2026-08-25,3,Kocaeli Kartepe Hipodromu,1500.0,ARZUDAR,MEHMET TAHA COŞKUN,MEHMET ALİ İNCESOY,63.0,11,0.0,50.0,50.0,50.0,50.0,88.0,4.17,0,64.0
2026-08-25-Kocaeli Kartepe Hipodromu-3,2026-08-25,3,Kocaeli Kartepe Hipodromu,1500.0,GÜMBÜRBERK,MEHMET ÇELİK,SERHAT POLAT,61.5,7,0.0,50.0,50.0,50.0,50.0,94.0,16.23,0,61.0
2026-08-25-Kocaeli Kartepe Hipodromu-3,2026-08-25,3,Kocaeli Kartepe Hipodromu,1500.0,HİVE SULTAN,İZETTİN GÜREKE,TUBA ÖZTÜRK TİMUR,62.5,8,0.0,50.0,50.0,50.0,50.0,90.0,9.79,0,63.0
2026-08-25-Kocaeli Kartepe Hipodromu-3,2026-08-25,3,Kocaeli Kartepe Hipodromu,1500.0,KIVIRCIKKIZ,YASİN ŞEREF GÜMÜŞ,DAVUT SAV,54.5,4,0.0,50.0,50.0,50.0,50.0,78.0,10.71,0,47.0
2026-08-25-Kocaeli Kartepe Hipodromu-3,2026-08-25,3,Kocaeli Kartepe Hipodromu,1500.0,KURUÇAY,AHMET EFEKAN ELMAS,TEKİN BİRİCİK,53.5,2,0.0,50.0,50.0,50.0,50.0,74.0,1.73,0,42.0
2026-08-25-Kocaeli Kartepe Hipodromu-3,2026-08-25,3,Kocaeli Kartepe Hipodromu,1500.0,MEVHİDE HANIM,SERHAT ÇELİK,ŞEVVAL ŞİMAL DEMİR,52.0,6,0.0,50.0,50.0,50.0,50.0,68.0,5.19,0,38.0
2026-08-25-Kocaeli Kartepe Hipodromu-3,2026-08-25,3,Kocaeli Kartepe Hipodromu,1500.0,PRENSES MEHLİKA,UĞUR LEVENT,KAZIM ŞENGEL,60.0,9,0.0,50.0,50.0,50.0,50.0,100.0,5.25,0,58.0
2026-08-25-Kocaeli Kartepe Hipodromu-3,2026-08-25,3,Kocaeli Kartepe Hipodromu,1500.0,RÜZGAR NUR,EFE AKPINAR,YUSUF KAĞAN GÜRSOY,60.5,1,0.0,50.0,50.0,50.0,50.0,98.0,29.87,0,59.0
2026-08-25-Kocaeli Kartepe Hipodromu-3,2026-08-25,3,Kocaeli Kartepe Hipodromu,1500.0,SEMENDİN GÜCÜ,HALİT GÖKÇE,TURGAY ÇEKİCİ,58.0,5,0.0,50.0,50.0,50.0,50.0,92.0,8.5,0,51.0
2026-08-25-Kocaeli Kartepe Hipodromu-3,2026-08-25,3,Kocaeli Kartepe Hipodromu,1500.0,İYİMSER,MUSTAFA TEKPETEK,HASAN DOLMAZ,52.0,3,0.0,50.0,50.0,50.0,50.0,68.0,4.57,0,38.0
2026-08-25-Kocaeli Kartepe Hipodromu-3,2026-08-25,3,Kocaeli Kartepe Hipodromu,1500.0,ŞEHNAZ LONGA,HÜSEYİN TURAN,ABDULLAH TEMİZER,63.0,10,0.0,50.0,50.0,50.0,50.0,88.0,3.38,0,61.0
2026-08-25-Kocaeli Kartepe Hipodromu-3,2026-08-25,3,Kocaeli Kartepe Hipodromu,1500.0,ŞİRİN DE FAUST,DENİZ BUDAK,HÜSEYİN KARABULUT,52.0,12,0.0,50.0,50.0,50.0,50.0,68.0,0.62,0,8.0
2026-08-25-Kocaeli Kartepe Hipodromu-4,2026-08-25,4,Kocaeli Kartepe Hipodromu,1200.0,BİLGÜCÜ,ONUR ATMACA,YILMAZ ÖZTAŞ,57.0,12,0.0,50.0,50.0,50.0,50.0,88.0,0.7,0,13.0
2026-08-25-Kocaeli Kartepe Hipodromu-4,2026-08-25,4,Kocaeli Kartepe Hipodromu,1200.0,CORAL REEFS,GÖRKEM ÖZÇELİK,TOLGAHAN İMAL,59.0,1,0.0,50.0,50.0,50.0,50.0,96.0,19.05,0,33.0
2026-08-25-Kocaeli Kartepe Hipodromu-4,2026-08-25,4,Kocaeli Kartepe Hipodromu,1200.0,DİANAA,HALİT GÖKÇE,HÜSEYİN KARABULUT,53.0,8,0.0,50.0,50.0,50.0,50.0,72.0,0.46,0,0.0
2026-08-25-Kocaeli Kartepe Hipodromu-4,2026-08-25,4,Kocaeli Kartepe Hipodromu,1200.0,EQUALIZER,UĞUR LEVENT,GÖKMEN GÖKÇE,53.0,7,0.0,50.0,50.0,50.0,50.0,72.0,17.09,0,0.0
2026-08-25-Kocaeli Kartepe Hipodromu-4,2026-08-25,4,Kocaeli Kartepe Hipodromu,1200.0,FIRST SAVER,SELİM KAYA,HAKAN POLAT,57.0,9,0.0,50.0,50.0,50.0,50.0,88.0,6.71,0,0.0
2026-08-25-Kocaeli Kartepe Hipodromu-4,2026-08-25,4,Kocaeli Kartepe Hipodromu,1200.0,GOLD RÜYA,MUSTAFA ÇİÇEK,ADNAN POLAT,57.0,11,0.0,50.0,50.0,50.0,50.0,88.0,22.64,0,0.0
2026-08-25-Kocaeli Kartepe Hipodromu-4,2026-08-25,4,Kocaeli Kartepe Hipodromu,1200.0,MAGIC SURPRISE,BEKİR MERT MIRIK,SEÇKİN YANIK,57.0,5,0.0,50.0,50.0,50.0,50.0,88.0,6.0,0,27.0
2026-08-25-Kocaeli Kartepe Hipodromu-4,2026-08-25,4,Kocaeli Kartepe Hipodromu,1200.0,NINJA QUEEN,NEVZAT AVCİ,CEMİL TURAN,57.0,4,0.0,50.0,50.0,50.0,50.0,88.0,4.85,0,0.0
2026-08-25-Kocaeli Kartepe Hipodromu-4,2026-08-25,4,Kocaeli Kartepe Hipodromu,1200.0,NOBIL BIGTIME,MAHMUT TURAN,NURHAN BAKIR,57.0,3,0.0,50.0,50.0,50.0,50.0,88.0,0.5,0,0.0
2026-08-25-Kocaeli Kartepe Hipodromu-4,2026-08-25,4,Kocaeli Kartepe Hipodromu,1200.0,PRENSES ŞEYMA,SALİH ÇELİK,TURGAY ATAÇ,59.0,2,0.0,50.0,50.0,50.0,50.0,96.0,15.0,0,30.0
2026-08-25-Kocaeli Kartepe Hipodromu-4,2026-08-25,4,Kocaeli Kartepe Hipodromu,1200.0,SNOWDRIFT,KADİR TOKAÇOĞLU,TURGAY ÇEKİCİ,57.0,6,0.0,50.0,50.0,50.0,50.0,88.0,0.95,0,0.0
2026-08-25-Kocaeli Kartepe Hipodromu-4,2026-08-25,4,Kocaeli Kartepe Hipodromu,1200.0,WORKIN LADY,MUHAMMED MİR BİLGİN,MURAT ALTIN,57.0,10,0.0,50.0,50.0,50.0,50.0,88.0,6.05,0,0.0
2026-08-25-Kocaeli Kartepe Hipodromu-5,2026-08-25,5,Kocaeli Kartepe Hipodromu,1800.0,CIX LIFE,EFE AKPINAR,ALİ RIZA YILDIZ,59.0,8,0.0,50.0,50.0,50.0,50.0,96.0,51.45,0,94.0
2026-08-25-Kocaeli Kartepe Hipodromu-5,2026-08-25,5,Kocaeli Kartepe Hipodromu,1800.0,GRAND MISSION,MUSTAFA ÇİÇEK,MUHAMMED UĞUR TURAN,60.0,3,0.0,50.0,50.0,50.0,50.0,100.0,8.89,0,85.0
2026-08-25-Kocaeli Kartepe Hipodromu-5,2026-08-25,5,Kocaeli Kartepe Hipodromu,1800.0,KOÇARSLAN,GÖRKEM ÖZÇELİK,AKIN ÖZDENİZ,62.0,6,0.0,50.0,50.0,50.0,50.0,92.0,3.29,0,89.0
2026-08-25-Kocaeli Kartepe Hipodromu-5,2026-08-25,5,Kocaeli Kartepe Hipodromu,1800.0,LION OF HONOUR,DOĞUKAN KONUK,HASAN KAYA,56.0,2,0.0,50.0,50.0,50.0,50.0,84.0,1.06,0,89.0
2026-08-25-Kocaeli Kartepe Hipodromu-5,2026-08-25,5,Kocaeli Kartepe Hipodromu,1800.0,LORD PROTECTOR,MUHAMMED MİR BİLGİN,HAKAN EL,62.0,4,0.0,50.0,50.0,50.0,50.0,92.0,15.11,0,86.0
2026-08-25-Kocaeli Kartepe Hipodromu-5,2026-08-25,5,Kocaeli Kartepe Hipodromu,1800.0,MAZATLAN,NEVZAT AVCİ,RASİM TETİK,57.0,7,0.0,50.0,50.0,50.0,50.0,88.0,5.63,0,61.0
2026-08-25-Kocaeli Kartepe Hipodromu-5,2026-08-25,5,Kocaeli Kartepe Hipodromu,1800.0,RICARDO,CEMAL PASO,MELEK ÖZGÜL,57.0,5,0.0,50.0,50.0,50.0,50.0,88.0,2.0,0,60.0
2026-08-25-Kocaeli Kartepe Hipodromu-5,2026-08-25,5,Kocaeli Kartepe Hipodromu,1800.0,SINGLE SHOT,SERHAT ÇELİK,ALİ ÇIKMAN,54.5,1,0.0,50.0,50.0,50.0,50.0,78.0,12.58,0,76.0
2026-08-25-Kocaeli Kartepe Hipodromu-6,2026-08-25,6,Kocaeli Kartepe Hipodromu,1500.0,AZER IN MY HEART,KADİR TOKAÇOĞLU,SAVAŞ GÜRKAN,61.0,3,0.0,50.0,50.0,50.0,50.0,96.0,7.82,0,89.0
2026-08-25-Kocaeli Kartepe Hipodromu-6,2026-08-25,6,Kocaeli Kartepe Hipodromu,1500.0,CEMHAN,ALİ KAÇMAZ,NURETTİN GÖNÜLTAŞ,58.0,7,0.0,50.0,50.0,50.0,50.0,92.0,10.87,0,84.0
2026-08-25-Kocaeli Kartepe Hipodromu-6,2026-08-25,6,Kocaeli Kartepe Hipodromu,1500.0,FERAT,GÖRKEM ÖZÇELİK,NİHAT YILDIRIM,58.0,1,0.0,50.0,50.0,50.0,50.0,92.0,4.64,0,51.0
2026-08-25-Kocaeli Kartepe Hipodromu-6,2026-08-25,6,Kocaeli Kartepe Hipodromu,1500.0,GÖREME BEYİ,MUSTAFA ÇİÇEK,OKTAY DEMİR,61.0,8,0.0,50.0,50.0,50.0,50.0,96.0,14.83,0,81.0
2026-08-25-Kocaeli Kartepe Hipodromu-6,2026-08-25,6,Kocaeli Kartepe Hipodromu,1500.0,HIZLI KEREM,OKAN GÖKÇE,ALİ RIZA AYDIN,56.0,9,0.0,50.0,50.0,50.0,50.0,84.0,6.62,0,84.0
2026-08-25-Kocaeli Kartepe Hipodromu-6,2026-08-25,6,Kocaeli Kartepe Hipodromu,1500.0,KARSAVURANLI,MEHMET ALİ AKGÖBEK,MEHMET ALİ CANPOLATLI,58.0,2,0.0,50.0,50.0,50.0,50.0,92.0,21.84,0,71.0
2026-08-25-Kocaeli Kartepe Hipodromu-6,2026-08-25,6,Kocaeli Kartepe Hipodromu,1500.0,KORKUTELİ BEYİ,NEVZAT AVCİ,MİRAÇ İPEK,55.0,6,0.0,50.0,50.0,50.0,50.0,80.0,18.24,0,69.0
2026-08-25-Kocaeli Kartepe Hipodromu-6,2026-08-25,6,Kocaeli Kartepe Hipodromu,1500.0,MEGAFAUNA,RECEP KETME,MELEK ÖZGÜL,58.0,5,0.0,50.0,50.0,50.0,50.0,92.0,2.95,0,71.0
2026-08-25-Kocaeli Kartepe Hipodromu-6,2026-08-25,6,Kocaeli Kartepe Hipodromu,1500.0,OĞUL ÇINAR,ONUR YILDIZ,AHMET ÖCAL,58.0,4,0.0,50.0,50.0,50.0,50.0,92.0,12.2,0,71.0
2026-08-25-Kocaeli Kartepe Hipodromu-7,2026-08-25,7,Kocaeli Kartepe Hipodromu,1800.0,CANMETE,BERKANT GÖKÇE,BEDRİ AKBULUT,60.0,2,0.0,50.0,50.0,50.0,50.0,100.0,0.0,0,104.0
2026-08-25-Kocaeli Kartepe Hipodromu-7,2026-08-25,7,Kocaeli Kartepe Hipodromu,1800.0,GÜNDÜZDÜŞÜ,HÜSEYİN TURAN,ULAŞ GÖKÇE,57.0,1,0.0,50.0,50.0,50.0,50.0,88.0,0.0,0,93.0
2026-08-25-Kocaeli Kartepe Hipodromu-7,2026-08-25,7,Kocaeli Kartepe Hipodromu,1800.0,GÜÇLÜ PRENS,KADİR TOKAÇOĞLU,MUSTAFA ATAL,62.0,6,0.0,50.0,50.0,50.0,50.0,92.0,0.0,0,94.0
2026-08-25-Kocaeli Kartepe Hipodromu-7,2026-08-25,7,Kocaeli Kartepe Hipodromu,1800.0,HER DAİM,MUSTAFA ÇİÇEK,KAZIM ŞENGEL,62.0,7,0.0,50.0,50.0,50.0,50.0,92.0,0.0,0,83.0
2026-08-25-Kocaeli Kartepe Hipodromu-7,2026-08-25,7,Kocaeli Kartepe Hipodromu,1800.0,KAZDAĞI EFESİ,RECEP KETME,TURGAY ÇEKİCİ,55.0,4,0.0,50.0,50.0,50.0,50.0,80.0,0.0,0,65.0
2026-08-25-Kocaeli Kartepe Hipodromu-7,2026-08-25,7,Kocaeli Kartepe Hipodromu,1800.0,KAŞEMUM KARA,İZETTİN GÜREKE,EKREM TURAN,58.0,5,0.0,50.0,50.0,50.0,50.0,92.0,0.0,0,96.0
2026-08-25-Kocaeli Kartepe Hipodromu-7,2026-08-25,7,Kocaeli Kartepe Hipodromu,1800.0,ORÇUNTAY,MEHMET TAHA COŞKUN,MEHMET DAŞ,59.0,3,0.0,50.0,50.0,50.0,50.0,96.0,0.0,0,86.0
2026-08-25-Kocaeli Kartepe Hipodromu-8,2026-08-25,8,Kocaeli Kartepe Hipodromu,1400.0,CROWN JEWEL,MUSTAFA ÇİÇEK,DERYA ERGİN,55.5,3,0.0,50.0,50.0,50.0,50.0,82.0,0.0,0,38.0
2026-08-25-Kocaeli Kartepe Hipodromu-8,2026-08-25,8,Kocaeli Kartepe Hipodromu,1400.0,FRÜHLİNG,MAHMUT TURAN,MEHMET DAŞ,57.5,5,0.0,50.0,50.0,50.0,50.0,90.0,0.0,0,42.0
2026-08-25-Kocaeli Kartepe Hipodromu-8,2026-08-25,8,Kocaeli Kartepe Hipodromu,1400.0,HEAVEN LIGHT,MUHAMMED MİR BİLGİN,SEDAT ÇİFTÇİ,56.5,1,0.0,50.0,50.0,50.0,50.0,86.0,0.0,0,40.0
2026-08-25-Kocaeli Kartepe Hipodromu-8,2026-08-25,8,Kocaeli Kartepe Hipodromu,1400.0,ICE DROPS,NEVZAT AVCİ,MİRAÇ İPEK,56.5,4,0.0,50.0,50.0,50.0,50.0,86.0,0.0,0,40.0
2026-08-25-Kocaeli Kartepe Hipodromu-8,2026-08-25,8,Kocaeli Kartepe Hipodromu,1400.0,KAYLA MARLA,SİNAN ÖZEN,ATA ÖZKAN,55.5,10,0.0,50.0,50.0,50.0,50.0,82.0,0.0,0,38.0
2026-08-25-Kocaeli Kartepe Hipodromu-8,2026-08-25,8,Kocaeli Kartepe Hipodromu,1400.0,KIZIM RABİA,MEHMET TAHA COŞKUN,SENİHA ŞEN,52.5,11,0.0,50.0,50.0,50.0,50.0,70.0,0.0,0,38.0
2026-08-25-Kocaeli Kartepe Hipodromu-8,2026-08-25,8,Kocaeli Kartepe Hipodromu,1400.0,LADY ONAT,BERKANT GÖKÇE,SEYHAN DEMİR,59.5,2,0.0,50.0,50.0,50.0,50.0,98.0,0.0,0,50.0
2026-08-25-Kocaeli Kartepe Hipodromu-8,2026-08-25,8,Kocaeli Kartepe Hipodromu,1400.0,MS EVDOXIA,HALİT GÖKÇE,HAKAN EL,51.0,14,0.0,50.0,50.0,50.0,50.0,64.0,0.0,0,9.0
2026-08-25-Kocaeli Kartepe Hipodromu-8,2026-08-25,8,Kocaeli Kartepe Hipodromu,1400.0,MY DEAR DREAM,RECEP KETME,OSMAN ÖZPUYLAT,59.5,8,0.0,50.0,50.0,50.0,50.0,98.0,0.0,0,50.0
2026-08-25-Kocaeli Kartepe Hipodromu-8,2026-08-25,8,Kocaeli Kartepe Hipodromu,1400.0,PLIOSAUR,DENİZ BUDAK,MELEK ÖZGÜL,52.0,12,0.0,50.0,50.0,50.0,50.0,68.0,0.0,0,15.0
2026-08-25-Kocaeli Kartepe Hipodromu-8,2026-08-25,8,Kocaeli Kartepe Hipodromu,1400.0,SHENRON,KÜRŞAT YILMAZ,ÖMER GÜNELİ,59.5,6,0.0,50.0,50.0,50.0,50.0,98.0,0.0,0,50.0
2026-08-25-Kocaeli Kartepe Hipodromu-8,2026-08-25,8,Kocaeli Kartepe Hipodromu,1400.0,TROJAN QUEEN,YASİN ŞEREF GÜMÜŞ,MEHMET ESMER,52.5,9,0.0,50.0,50.0,50.0,50.0,70.0,0.0,0,32.0
2026-08-25-Kocaeli Kartepe Hipodromu-8,2026-08-25,8,Kocaeli Kartepe Hipodromu,1400.0,UĞURLU NİLGÜN,TUGAY ALICI,RAMAZAN AKDUMAN,57.0,13,0.0,50.0,50.0,50.0,50.0,88.0,0.0,0,41.0
2026-08-25-Kocaeli Kartepe Hipodromu-8,2026-08-25,8,Kocaeli Kartepe Hipodromu,1400.0,VAŞAK KIZ,NİZAMETTİN DEMİR,BEYDA TANRIKULU,55.5,7,0.0,50.0,50.0,50.0,50.0,82.0,0.0,0,38.0
2026-08-25-Kocaeli Kartepe Hipodromu-8,2026-08-25,8,Kocaeli Kartepe Hipodromu,1400.0,VISERRA,HÜSEYİN TURAN,OKTAY DEMİR,57.0,15,0.0,50.0,50.0,50.0,50.0,88.0,0.0,0,47.0
2026-08-25-Kocaeli Kartepe Hipodromu-8,2026-08-25,8,Kocaeli Kartepe Hipodromu,1400.0,YEŞİL İNCİ,GÖKHAN BEKTAŞ,HÜSEYİN KARABULUT,56.0,16,0.0,50.0,50.0,50.0,50.0,84.0,0.0,0,39.0
2026-08-26-Elazığ Hipodromu-1,2026-08-26,1,Elazığ Hipodromu,1700.0,BANDID,MUHAMMED BARAN ÇAKMAK,VELİ ÇİZİK,52.0,1,0.0,50.0,50.0,50.0,50.0,68.0,10.19,0,36.0
2026-08-26-Elazığ Hipodromu-1,2026-08-26,1,Elazığ Hipodromu,1700.0,BERMEDEE,MEHMET ALİ AKTÜRK,BÜNYAMİN CENGİZ,61.5,4,0.0,50.0,50.0,50.0,50.0,94.0,13.72,0,55.0
2026-08-26-Elazığ Hipodromu-1,2026-08-26,1,Elazığ Hipodromu,1700.0,CAPTIVATING,FERİT YARDIMCI,MUHAMMED BULUÇ,60.5,6,0.0,50.0,50.0,50.0,50.0,98.0,25.01,0,53.0
2026-08-26-Elazığ Hipodromu-1,2026-08-26,1,Elazığ Hipodromu,1700.0,EUROFIGHTER,MEHMET TAŞKAYA,MEHMET KAYA,57.5,5,0.0,50.0,50.0,50.0,50.0,90.0,17.49,0,47.0
2026-08-26-Elazığ Hipodromu-1,2026-08-26,1,Elazığ Hipodromu,1700.0,KING BOREAS,SAMİ KAPLAN,MEHMET KAYA,52.0,3,0.0,50.0,50.0,50.0,50.0,68.0,6.84,0,36.0
2026-08-26-Elazığ Hipodromu-1,2026-08-26,1,Elazığ Hipodromu,1700.0,SILVEN,İSA AKYAVUZ,KADİR TAŞDEMİR,53.5,2,0.0,50.0,50.0,50.0,50.0,74.0,20.24,0,39.0
2026-08-26-Elazığ Hipodromu-1,2026-08-26,1,Elazığ Hipodromu,1700.0,ZAEDNO,ÇETİN CANPOLAT,SÜLEYMAN KARAKEÇİLİ,52.0,7,0.0,50.0,50.0,50.0,50.0,68.0,4.5,0,34.0
2026-08-26-Elazığ Hipodromu-1,2026-08-26,1,Elazığ Hipodromu,1700.0,ŞÜKRÜ ABİ,İLKER AKIN,MEHMET ALTIN,52.0,8,0.0,50.0,50.0,50.0,50.0,68.0,2.02,0,9.0
2026-08-26-Elazığ Hipodromu-2,2026-08-26,2,Elazığ Hipodromu,1200.0,ADDISON,YUNUS ÇELİKBAŞ,SALİH BECENE,55.0,9,0.0,50.0,50.0,50.0,50.0,80.0,7.74,0,19.0
2026-08-26-Elazığ Hipodromu-2,2026-08-26,2,Elazığ Hipodromu,1200.0,BY SİNANLI,MEHMET ALİ AKTÜRK,MUHAMMED BULUÇ,57.0,7,0.0,50.0,50.0,50.0,50.0,88.0,3.26,0,12.0
2026-08-26-Elazığ Hipodromu-2,2026-08-26,2,Elazığ Hipodromu,1200.0,GLACIUS BOREAS,İSA AKYAVUZ,BİLAL EMİROĞLU,57.0,4,0.0,50.0,50.0,50.0,50.0,88.0,11.27,0,0.0
2026-08-26-Elazığ Hipodromu-2,2026-08-26,2,Elazığ Hipodromu,1200.0,LORD OF KİRVE,AZİZ AKDEMİR,SALİH BECENE,60.0,1,0.0,50.0,50.0,50.0,50.0,100.0,40.78,0,32.0
2026-08-26-Elazığ Hipodromu-2,2026-08-26,2,Elazığ Hipodromu,1200.0,MEA CULPA,MEHMET TAŞKAYA,MUHAMMED BULUÇ,57.0,5,0.0,50.0,50.0,50.0,50.0,88.0,6.38,0,0.0
2026-08-26-Elazığ Hipodromu-2,2026-08-26,2,Elazığ Hipodromu,1200.0,MERYEMCAN,YUSUF CENGİZ,HAKAN ATAKAYA,55.0,3,0.0,50.0,50.0,50.0,50.0,80.0,2.5,0,24.0
2026-08-26-Elazığ Hipodromu-2,2026-08-26,2,Elazığ Hipodromu,1200.0,PAPA CLAS,İSA KATAR,SÜLEYMAN KARAKEÇİLİ,57.0,6,0.0,50.0,50.0,50.0,50.0,88.0,8.71,0,0.0
2026-08-26-Elazığ Hipodromu-2,2026-08-26,2,Elazığ Hipodromu,1200.0,SAND QUEEN,NECMİ ALTIN,ZEYNEP RUKİYE TOPRAK,55.0,2,0.0,50.0,50.0,50.0,50.0,80.0,3.15,0,0.0
2026-08-26-Elazığ Hipodromu-2,2026-08-26,2,Elazığ Hipodromu,1200.0,YEĞENİM ŞİRİN,SAMİ KAPLAN,ELİF AÇMAZ,57.0,8,0.0,50.0,50.0,50.0,50.0,88.0,0.69,0,0.0
2026-08-26-Elazığ Hipodromu-3,2026-08-26,3,Elazığ Hipodromu,1800.0,BEHİÇALP,İLKER AKIN,MEHMET ALİ SUBAY,54.0,12,0.0,50.0,50.0,50.0,50.0,76.0,1.32,0,37.0
2026-08-26-Elazığ Hipodromu-3,2026-08-26,3,Elazığ Hipodromu,1800.0,BİÇERROZA,İSA AKYAVUZ,BAHATTİN DEMİRKAPU,54.0,1,0.0,50.0,50.0,50.0,50.0,76.0,20.29,0,44.0
2026-08-26-Elazığ Hipodromu-3,2026-08-26,3,Elazığ Hipodromu,1800.0,DENİZİM GÜLÜ,İSA KATAR,SÜLEYMAN KARAKEÇİLİ,55.0,11,0.0,50.0,50.0,50.0,50.0,80.0,2.3,0,43.0
2026-08-26-Elazığ Hipodromu-3,2026-08-26,3,Elazığ Hipodromu,1800.0,EFRUZKIZI,YUNUS ÇELİKBAŞ,MUHAMMED BULUÇ,55.0,10,0.0,50.0,50.0,50.0,50.0,80.0,2.95,0,39.0
2026-08-26-Elazığ Hipodromu-3,2026-08-26,3,Elazığ Hipodromu,1800.0,GELİNİM SİNEM,REMZİ DOĞAN,BAHATTİN DEMİRKAPU,56.0,7,0.0,50.0,50.0,50.0,50.0,84.0,4.46,0,49.0
2026-08-26-Elazığ Hipodromu-3,2026-08-26,3,Elazığ Hipodromu,1800.0,KOCA SABRİ,YUSUF CENGİZ,HAKAN ATAKAYA,61.0,2,0.0,50.0,50.0,50.0,50.0,96.0,8.68,0,61.0
2026-08-26-Elazığ Hipodromu-3,2026-08-26,3,Elazığ Hipodromu,1800.0,MERHAMET,MEHMET EMİN DOĞAN,EYYÜP YARDIMCI,56.0,8,0.0,50.0,50.0,50.0,50.0,84.0,10.06,0,47.0
2026-08-26-Elazığ Hipodromu-3,2026-08-26,3,Elazığ Hipodromu,1800.0,MESTAN BEY,FERİT YARDIMCI,EYYÜP YARDIMCI,58.0,6,0.0,50.0,50.0,50.0,50.0,92.0,13.35,0,46.0
2026-08-26-Elazığ Hipodromu-3,2026-08-26,3,Elazığ Hipodromu,1800.0,SULTAN ASİYE,MEHMET ALİ AKTÜRK,MEHMET ALİ SUBAY,56.0,4,0.0,50.0,50.0,50.0,50.0,84.0,4.69,0,67.0
2026-08-26-Elazığ Hipodromu-3,2026-08-26,3,Elazığ Hipodromu,1800.0,YALNIZ TURBO,NECMİ ALTIN,ERCAN ALTIN,56.0,3,0.0,50.0,50.0,50.0,50.0,84.0,23.93,0,55.0
2026-08-26-Elazığ Hipodromu-3,2026-08-26,3,Elazığ Hipodromu,1800.0,ÇIĞGİBİ,ABDULLAH ÇANKAYA,MAHMUT DOĞAN,56.0,5,0.0,50.0,50.0,50.0,50.0,84.0,2.7,0,28.0
2026-08-26-Elazığ Hipodromu-3,2026-08-26,3,Elazığ Hipodromu,1800.0,ÇİÇEKMAST,MUSTAFA IŞIK,MAHMUT DOĞAN,56.0,9,0.0,50.0,50.0,50.0,50.0,84.0,5.26,0,48.0
2026-08-26-Elazığ Hipodromu-4,2026-08-26,4,Elazığ Hipodromu,1200.0,ALİMENDER,İLKER AKIN,KADİR TAŞDEMİR,53.0,7,0.0,50.0,50.0,50.0,50.0,72.0,18.29,0,49.0
2026-08-26-Elazığ Hipodromu-4,2026-08-26,4,Elazığ Hipodromu,1200.0,BEZANTAY,SAMİ KAPLAN,ELİF AÇMAZ,60.0,14,0.0,50.0,50.0,50.0,50.0,100.0,2.2,0,57.0
2026-08-26-Elazığ Hipodromu-4,2026-08-26,4,Elazığ Hipodromu,1200.0,BIÇKIN KRAL,REMZİ DOĞAN,İBRAHİM ATMACA,57.0,4,0.0,50.0,50.0,50.0,50.0,88.0,2.24,0,51.0
2026-08-26-Elazığ Hipodromu-4,2026-08-26,4,Elazığ Hipodromu,1200.0,BİTİRİM SEDA,YUNUS ÇELİKBAŞ,İBRAHİM ATMACA,60.5,8,0.0,50.0,50.0,50.0,50.0,98.0,8.64,0,58.0
2026-08-26-Elazığ Hipodromu-4,2026-08-26,4,Elazığ Hipodromu,1200.0,HAMDİ AĞA,İSA KATAR,SÜLEYMAN KARAKEÇİLİ,56.5,11,0.0,50.0,50.0,50.0,50.0,86.0,5.99,0,50.0
2026-08-26-Elazığ Hipodromu-4,2026-08-26,4,Elazığ Hipodromu,1200.0,KARYAĞDIRAN,ABDULLAH ÇANKAYA,VELİ ÇİZİK,55.5,3,0.0,50.0,50.0,50.0,50.0,82.0,2.99,0,48.0
2026-08-26-Elazığ Hipodromu-4,2026-08-26,4,Elazığ Hipodromu,1200.0,KILIÇBAĞI,FERİT YARDIMCI,EYYÜP YARDIMCI,62.5,6,0.0,50.0,50.0,50.0,50.0,90.0,10.27,0,62.0
2026-08-26-Elazığ Hipodromu-4,2026-08-26,4,Elazığ Hipodromu,1200.0,KÜHEYLAN BAKÜRA,MUHAMMED BARAN ÇAKMAK,HAKAN ATAKAYA,52.0,10,0.0,50.0,50.0,50.0,50.0,68.0,1.74,0,33.0
2026-08-26-Elazığ Hipodromu-4,2026-08-26,4,Elazığ Hipodromu,1200.0,LAVİSTAKAYA,NECMİ ALTIN,MUHAMMED BULUÇ,62.5,2,0.0,50.0,50.0,50.0,50.0,90.0,12.43,0,62.0
2026-08-26-Elazığ Hipodromu-4,2026-08-26,4,Elazığ Hipodromu,1200.0,MİRŞEŞEN,İSA AKYAVUZ,SALİH BECENE,63.0,1,0.0,50.0,50.0,50.0,50.0,88.0,15.04,0,63.0
2026-08-26-Elazığ Hipodromu-4,2026-08-26,4,Elazığ Hipodromu,1200.0,NEVALÇİÇEĞİ,AHMET HASAN BAYAR,MEHMET ALİ SUBAY,59.5,5,0.0,50.0,50.0,50.0,50.0,98.0,7.21,0,58.0
2026-08-26-Elazığ Hipodromu-4,2026-08-26,4,Elazığ Hipodromu,1200.0,ZULEMA,ÇETİN CANPOLAT,ERCAN ALTIN,57.0,12,0.0,50.0,50.0,50.0,50.0,88.0,1.69,0,55.0
2026-08-26-Elazığ Hipodromu-4,2026-08-26,4,Elazığ Hipodromu,1200.0,ÇILGIN HEME,YUSUF CENGİZ,EYYÜP YARDIMCI,60.5,9,0.0,50.0,50.0,50.0,50.0,98.0,7.84,0,60.0
2026-08-26-Elazığ Hipodromu-4,2026-08-26,4,Elazığ Hipodromu,1200.0,ÖZRÜBA,MEHMET ALİ AKTÜRK,MUHAMMED BULUÇ,60.5,13,0.0,50.0,50.0,50.0,50.0,98.0,3.44,0,58.0
2026-08-26-Elazığ Hipodromu-5,2026-08-26,5,Elazığ Hipodromu,1200.0,ASLAN İBO,MEHMET ALİ AKTÜRK,ARİF IŞIK,57.0,1,0.0,50.0,50.0,50.0,50.0,88.0,7.51,0,41.0
2026-08-26-Elazığ Hipodromu-5,2026-08-26,5,Elazığ Hipodromu,1200.0,ATEŞKARTAL,İSA AKYAVUZ,MAHMUT DOĞAN,57.0,3,0.0,50.0,50.0,50.0,50.0,88.0,29.48,0,41.0
2026-08-26-Elazığ Hipodromu-5,2026-08-26,5,Elazığ Hipodromu,1200.0,GÖNÜL KALESİ,İSA KATAR,MEHMET ALİ SUBAY,55.0,7,0.0,50.0,50.0,50.0,50.0,80.0,3.32,0,32.0
2026-08-26-Elazığ Hipodromu-5,2026-08-26,5,Elazığ Hipodromu,1200.0,GÜMÜŞÇELİK,AZİZ AKDEMİR,HAKAN ATAKAYA,57.0,4,0.0,50.0,50.0,50.0,50.0,88.0,6.11,0,40.0
2026-08-26-Elazığ Hipodromu-5,2026-08-26,5,Elazığ Hipodromu,1200.0,HİFANINOĞLU,NECMİ ALTIN,MEHMET ALİ SUBAY,57.0,2,0.0,50.0,50.0,50.0,50.0,88.0,10.46,0,35.0
2026-08-26-Elazığ Hipodromu-5,2026-08-26,5,Elazığ Hipodromu,1200.0,İNAN OTUZYEDİ,FERİT YARDIMCI,MEHMET ALİ SUBAY,57.0,6,0.0,50.0,50.0,50.0,50.0,88.0,38.63,0,37.0
2026-08-26-Elazığ Hipodromu-5,2026-08-26,5,Elazığ Hipodromu,1200.0,ŞİRİNHAT,AHMET HASAN BAYAR,MEHMET ASLAN,57.0,5,0.0,50.0,50.0,50.0,50.0,88.0,3.71,0,30.0
2026-08-26-Elazığ Hipodromu-6,2026-08-26,6,Elazığ Hipodromu,1200.0,EMPRESS GIRL,İSA AKYAVUZ,İBRAHİM ATMACA,57.0,2,0.0,50.0,50.0,50.0,50.0,88.0,19.81,0,24.0
2026-08-26-Elazığ Hipodromu-6,2026-08-26,6,Elazığ Hipodromu,1200.0,IBAN,YUSUF CENGİZ,EYYÜP YARDIMCI,57.0,6,0.0,50.0,50.0,50.0,50.0,88.0,2.17,0,7.0
2026-08-26-Elazığ Hipodromu-6,2026-08-26,6,Elazığ Hipodromu,1200.0,INFERNO BLAZE,YUNUS ÇELİKBAŞ,MEHMET BALTA,57.0,3,0.0,50.0,50.0,50.0,50.0,88.0,23.59,0,27.0
2026-08-26-Elazığ Hipodromu-6,2026-08-26,6,Elazığ Hipodromu,1200.0,JUNIOR PASCHA,AHMET HASAN BAYAR,KADİR TAŞDEMİR,57.0,10,0.0,50.0,50.0,50.0,50.0,88.0,3.65,0,0.0
2026-08-26-Elazığ Hipodromu-6,2026-08-26,6,Elazığ Hipodromu,1200.0,LADY ALİS,NECMİ ALTIN,SALİH BECENE,55.0,7,0.0,50.0,50.0,50.0,50.0,80.0,10.62,0,19.0
2026-08-26-Elazığ Hipodromu-6,2026-08-26,6,Elazığ Hipodromu,1200.0,LADY ÇEVİK,AZİZ AKDEMİR,MUHAMMED BULUÇ,55.0,4,0.0,50.0,50.0,50.0,50.0,80.0,2.91,0,20.0
2026-08-26-Elazığ Hipodromu-6,2026-08-26,6,Elazığ Hipodromu,1200.0,MAN OF VICTORY,MEHMET ALİ AKTÜRK,VELİ ÇİZİK,57.0,9,0.0,50.0,50.0,50.0,50.0,88.0,3.15,0,16.0
2026-08-26-Elazığ Hipodromu-6,2026-08-26,6,Elazığ Hipodromu,1200.0,MİR KARAN,MEHMET TAŞKAYA,KADİR TAŞDEMİR,57.0,5,0.0,50.0,50.0,50.0,50.0,88.0,17.7,0,0.0
2026-08-26-Elazığ Hipodromu-6,2026-08-26,6,Elazığ Hipodromu,1200.0,NOBLE STANCE,FERİT YARDIMCI,BÜNYAMİN CENGİZ,55.0,8,0.0,50.0,50.0,50.0,50.0,80.0,7.22,0,0.0
2026-08-26-Elazığ Hipodromu-6,2026-08-26,6,Elazığ Hipodromu,1200.0,ÇAKIR FURKAN,ABDULLAH ÇANKAYA,ERCAN ALTIN,57.0,1,0.0,50.0,50.0,50.0,50.0,88.0,5.85,0,26.0
2026-08-26-Elazığ Hipodromu-7,2026-08-26,7,Elazığ Hipodromu,1200.0,AŞAN GOLD,AZİZ AKDEMİR,EYYÜP YARDIMCI,58.5,8,0.0,50.0,50.0,50.0,50.0,94.0,0.0,0,59.0
2026-08-26-Elazığ Hipodromu-7,2026-08-26,7,Elazığ Hipodromu,1200.0,BELLAFINA,MEHMET TAŞKAYA,TEMÜR AYDIN,60.0,7,0.0,50.0,50.0,50.0,50.0,100.0,0.0,0,80.0
2026-08-26-Elazığ Hipodromu-7,2026-08-26,7,Elazığ Hipodromu,1200.0,BUMMER GIRL,NECMİ ALTIN,SALİH BECENE,60.0,3,0.0,50.0,50.0,50.0,50.0,100.0,0.0,0,68.0
2026-08-26-Elazığ Hipodromu-7,2026-08-26,7,Elazığ Hipodromu,1200.0,DEEP NATURE RIVER,ABDULLAH ÇANKAYA,AHMET AKBABA,56.0,11,0.0,50.0,50.0,50.0,50.0,84.0,0.0,0,36.0
2026-08-26-Elazığ Hipodromu-7,2026-08-26,7,Elazığ Hipodromu,1200.0,DUMANLI PARS,İSA KATAR,MEHMET ALTIN,56.0,4,0.0,50.0,50.0,50.0,50.0,84.0,0.0,0,39.0
2026-08-26-Elazığ Hipodromu-7,2026-08-26,7,Elazığ Hipodromu,1200.0,EXOSOME,MUHAMMED BARAN ÇAKMAK,AHMET AKBABA,56.0,6,0.0,50.0,50.0,50.0,50.0,84.0,0.0,0,30.0
2026-08-26-Elazığ Hipodromu-7,2026-08-26,7,Elazığ Hipodromu,1200.0,KIZIM ELAY,İSA AKYAVUZ,İBRAHİM ATMACA,57.0,5,0.0,50.0,50.0,50.0,50.0,88.0,0.0,0,73.0
2026-08-26-Elazığ Hipodromu-7,2026-08-26,7,Elazığ Hipodromu,1200.0,MERYEM SULTAN,YUNUS ÇELİKBAŞ,MEHMET KAYA,57.0,9,0.0,50.0,50.0,50.0,50.0,88.0,0.0,0,46.0
2026-08-26-Elazığ Hipodromu-7,2026-08-26,7,Elazığ Hipodromu,1200.0,PRINCESS ALLIANOI,MEHMET ALİ AKTÜRK,MEHMET ALTIN,56.0,2,0.0,50.0,50.0,50.0,50.0,84.0,0.0,0,73.0
2026-08-26-Elazığ Hipodromu-7,2026-08-26,7,Elazığ Hipodromu,1200.0,TELGRAF,FERİT YARDIMCI,TEMÜR AYDIN,58.5,1,0.0,50.0,50.0,50.0,50.0,94.0,0.0,0,72.0
2026-08-26-Elazığ Hipodromu-7,2026-08-26,7,Elazığ Hipodromu,1200.0,ÖZAY SILAŞARA,YUSUF CENGİZ,OSMAN DEMİR,62.0,10,0.0,50.0,50.0,50.0,50.0,92.0,0.0,0,80.0
2026-08-26-Elazığ Hipodromu-7,2026-08-26,7,Elazığ Hipodromu,1200.0,ÜÇ MATRA,AHMET HASAN BAYAR,BAHATTİN DEMİRKAPU,56.0,12,0.0,50.0,50.0,50.0,50.0,84.0,0.0,0,37.0
2026-08-26-Elazığ Hipodromu-8,2026-08-26,8,Elazığ Hipodromu,1200.0,ARASIN KIZI,MEHMET TAŞKAYA,FİGEN BAKIR,55.0,6,0.0,50.0,50.0,50.0,50.0,80.0,0.0,0,0.0
2026-08-26-Elazığ Hipodromu-8,2026-08-26,8,Elazığ Hipodromu,1200.0,BRAVO ÇEVİK,AZİZ AKDEMİR,MUHAMMED BULUÇ,59.0,1,0.0,50.0,50.0,50.0,50.0,96.0,0.0,0,24.0
2026-08-26-Elazığ Hipodromu-8,2026-08-26,8,Elazığ Hipodromu,1200.0,CHEF BUĞRA,YUNUS ÇELİKBAŞ,BAHATTİN DEMİRKAPU,57.0,9,0.0,50.0,50.0,50.0,50.0,88.0,0.0,0,10.0
2026-08-26-Elazığ Hipodromu-8,2026-08-26,8,Elazığ Hipodromu,1200.0,DURABLE COLT,MUHAMMED BARAN ÇAKMAK,SALİH BECENE,53.0,8,0.0,50.0,50.0,50.0,50.0,72.0,0.0,0,7.0
2026-08-26-Elazığ Hipodromu-8,2026-08-26,8,Elazığ Hipodromu,1200.0,GIFT OF ANGELS,FERİT YARDIMCI,MUHAMMED BULUÇ,55.0,3,0.0,50.0,50.0,50.0,50.0,80.0,0.0,0,0.0
2026-08-26-Elazığ Hipodromu-8,2026-08-26,8,Elazığ Hipodromu,1200.0,JER,SAMİ KAPLAN,OSMAN DEMİR,57.0,2,0.0,50.0,50.0,50.0,50.0,88.0,0.0,0,0.0
2026-08-26-Elazığ Hipodromu-8,2026-08-26,8,Elazığ Hipodromu,1200.0,KING POLAT,NECMİ ALTIN,İBRAHİM ATMACA,57.0,7,0.0,50.0,50.0,50.0,50.0,88.0,0.0,0,0.0
2026-08-26-Elazığ Hipodromu-8,2026-08-26,8,Elazığ Hipodromu,1200.0,THE GUARD,MEHMET ALİ AKTÜRK,ESER YILDIRIM,57.0,5,0.0,50.0,50.0,50.0,50.0,88.0,0.0,0,0.0
2026-08-26-Elazığ Hipodromu-8,2026-08-26,8,Elazığ Hipodromu,1200.0,ÇÖL KESEN,YUSUF CENGİZ,MEHMET ASLAN,57.0,4,0.0,50.0,50.0,50.0,50.0,88.0,0.0,0,0.0
2026-08-26-Elazığ Hipodromu-9,2026-08-26,9,Elazığ Hipodromu,1700.0,AKOLHAN,MUHAMMED BARAN ÇAKMAK,SÜLEYMAN KARAKEÇİLİ,59.0,8,0.0,50.0,50.0,50.0,50.0,96.0,0.0,0,69.0
2026-08-26-Elazığ Hipodromu-9,2026-08-26,9,Elazığ Hipodromu,1700.0,BAŞ ALP,İSA AKYAVUZ,HAKAN ATAKAYA,60.0,1,0.0,50.0,50.0,50.0,50.0,100.0,0.0,0,75.0
2026-08-26-Elazığ Hipodromu-9,2026-08-26,9,Elazığ Hipodromu,1700.0,CEKU BALIM,MEHMET EMİN DOĞAN,MEHMET ALİ SUBAY,56.0,15,0.0,50.0,50.0,50.0,50.0,84.0,0.0,0,72.0
2026-08-26-Elazığ Hipodromu-9,2026-08-26,9,Elazığ Hipodromu,1700.0,CENGEBEY,AZİZ AKDEMİR,ERCAN ALTIN,58.0,5,0.0,50.0,50.0,50.0,50.0,92.0,0.0,0,62.0
2026-08-26-Elazığ Hipodromu-9,2026-08-26,9,Elazığ Hipodromu,1700.0,CİNDERELLA,AHMET HASAN BAYAR,ERCAN ALTIN,58.0,6,0.0,50.0,50.0,50.0,50.0,92.0,0.0,0,74.0
2026-08-26-Elazığ Hipodromu-9,2026-08-26,9,Elazığ Hipodromu,1700.0,DEDE YALAZ,REMZİ DOĞAN,ARİF IŞIK,57.0,12,0.0,50.0,50.0,50.0,50.0,88.0,0.0,0,70.0
2026-08-26-Elazığ Hipodromu-9,2026-08-26,9,Elazığ Hipodromu,1700.0,DERBEDER ALİ,MEHMET ALİ AKTÜRK,İBRAHİM ATMACA,63.0,13,0.0,50.0,50.0,50.0,50.0,88.0,0.0,0,74.0
2026-08-26-Elazığ Hipodromu-9,2026-08-26,9,Elazığ Hipodromu,1700.0,EMSİDİ,İLKER AKIN,ELİF AÇMAZ,56.0,16,0.0,50.0,50.0,50.0,50.0,84.0,0.0,0,80.0
2026-08-26-Elazığ Hipodromu-9,2026-08-26,9,Elazığ Hipodromu,1700.0,ESKİ KALELİ,YUSUF CENGİZ,MAHMUT DOĞAN,60.0,2,0.0,50.0,50.0,50.0,50.0,100.0,0.0,0,74.0
2026-08-26-Elazığ Hipodromu-9,2026-08-26,9,Elazığ Hipodromu,1700.0,GÖZE ÇARPAN,SAMİ KAPLAN,BAHATTİN DEMİRKAPU,55.0,7,0.0,50.0,50.0,50.0,50.0,80.0,0.0,0,50.0
2026-08-26-Elazığ Hipodromu-9,2026-08-26,9,Elazığ Hipodromu,1700.0,GÜVENABİ,MUSTAFA IŞIK,SALİH BECENE,60.0,14,0.0,50.0,50.0,50.0,50.0,100.0,0.0,0,52.0
2026-08-26-Elazığ Hipodromu-9,2026-08-26,9,Elazığ Hipodromu,1700.0,IRMAK BEYİ,İSA KATAR,SALİH BECENE,62.0,10,0.0,50.0,50.0,50.0,50.0,92.0,0.0,0,69.0
2026-08-26-Elazığ Hipodromu-9,2026-08-26,9,Elazığ Hipodromu,1700.0,OLGUNADAM,NECMİ ALTIN,BAHATTİN DEMİRKAPU,56.0,4,0.0,50.0,50.0,50.0,50.0,84.0,0.0,0,63.0
2026-08-26-Elazığ Hipodromu-9,2026-08-26,9,Elazığ Hipodromu,1700.0,RENKKAT,FERİT YARDIMCI,SALİH BECENE,57.0,9,0.0,50.0,50.0,50.0,50.0,88.0,0.0,0,84.0
2026-08-26-Elazığ Hipodromu-9,2026-08-26,9,Elazığ Hipodromu,1700.0,VİTAL,ABDULLAH ÇANKAYA,SÜLEYMAN KARAKEÇİLİ,58.0,3,0.0,50.0,50.0,50.0,50.0,92.0,0.0,0,85.0
2026-08-26-Elazığ Hipodromu-9,2026-08-26,9,Elazığ Hipodromu,1700.0,ÇAĞLAYANŞELALE,YUNUS ÇELİKBAŞ,AHMET AKBABA,61.0,11,0.0,50.0,50.0,50.0,50.0,96.0,0.0,0,69.0
2026-08-27-Ankara 75. Yıl Hipodromu-1,2026-08-27,1,Ankara 75. Yıl Hipodromu,2200.0,ALPHECCA,ROJHAT KURT,MÜCAHİT KAYA,55.5,1,0.0,50.0,50.0,50.0,50.0,82.0,9.39,0,42.0
2026-08-27-Ankara 75. Yıl Hipodromu-1,2026-08-27,1,Ankara 75. Yıl Hipodromu,2200.0,AĞA HALİL,KADİR DEMİREL,ALPER CİĞER,63.0,3,0.0,50.0,50.0,50.0,50.0,88.0,3.66,0,45.0
2026-08-27-Ankara 75. Yıl Hipodromu-1,2026-08-27,1,Ankara 75. Yıl Hipodromu,2200.0,CRAZY DILDAR,ENES ATLAMAZ,CUMALİ KARATAŞ,57.5,4,0.0,50.0,50.0,50.0,50.0,90.0,12.69,0,46.0
2026-08-27-Ankara 75. Yıl Hipodromu-1,2026-08-27,1,Ankara 75. Yıl Hipodromu,2200.0,EURO POWER,FURKAN ÇETİN,AYKUT ECEVİT BAŞ,60.0,7,0.0,50.0,50.0,50.0,50.0,100.0,3.12,0,39.0
2026-08-27-Ankara 75. Yıl Hipodromu-1,2026-08-27,1,Ankara 75. Yıl Hipodromu,2200.0,EİKO,MEHMET TAHA COŞKUN,SAVAŞ GÜRKAN,56.5,6,0.0,50.0,50.0,50.0,50.0,86.0,45.96,0,44.0
2026-08-27-Ankara 75. Yıl Hipodromu-1,2026-08-27,1,Ankara 75. Yıl Hipodromu,2200.0,NAMASTE,MERT UYAR,ARZU KILIÇ,51.5,5,0.0,50.0,50.0,50.0,50.0,66.0,2.67,0,34.0
2026-08-27-Ankara 75. Yıl Hipodromu-1,2026-08-27,1,Ankara 75. Yıl Hipodromu,2200.0,NART THE BATTLE,BERKANT GÖKÇE,İBRAHİM BEKİROĞULLARI,62.0,2,0.0,50.0,50.0,50.0,50.0,92.0,20.72,0,53.0
2026-08-27-Ankara 75. Yıl Hipodromu-1,2026-08-27,1,Ankara 75. Yıl Hipodromu,2200.0,THUNDER HORSE,MENNAN BAL,HİKMET TURAN,59.0,8,0.0,50.0,50.0,50.0,50.0,96.0,1.79,0,39.0
2026-08-27-Ankara 75. Yıl Hipodromu-2,2026-08-27,2,Ankara 75. Yıl Hipodromu,1400.0,ADALINEBOWMAN,ERCAN ÇANKAYA,ÖMER FARUK ERTUĞRUL,57.0,10,0.0,50.0,50.0,50.0,50.0,88.0,3.16,0,30.0
2026-08-27-Ankara 75. Yıl Hipodromu-2,2026-08-27,2,Ankara 75. Yıl Hipodromu,1400.0,COSTA ADEJE,MERT ALİ SOLMAZ,MÜCAHİT KAYA,57.0,2,0.0,50.0,50.0,50.0,50.0,88.0,4.67,0,0.0
2026-08-27-Ankara 75. Yıl Hipodromu-2,2026-08-27,2,Ankara 75. Yıl Hipodromu,1400.0,DONNA LUCIA,SALİH ÇELİK,SAVAŞ GÜRKAN,57.0,1,0.0,50.0,50.0,50.0,50.0,88.0,56.36,0,0.0
2026-08-27-Ankara 75. Yıl Hipodromu-2,2026-08-27,2,Ankara 75. Yıl Hipodromu,1400.0,FIRE OF VALERIA,MEHMET TAHA COŞKUN,SAVAŞ DEMİR,59.0,4,0.0,50.0,50.0,50.0,50.0,96.0,3.17,0,31.0
2026-08-27-Ankara 75. Yıl Hipodromu-2,2026-08-27,2,Ankara 75. Yıl Hipodromu,1400.0,FORZA DEL DESTINO,FATİH SULTAN MEHMET SANSAR,NURULLAH ESEN,57.0,11,0.0,50.0,50.0,50.0,50.0,88.0,0.87,0,0.0
2026-08-27-Ankara 75. Yıl Hipodromu-2,2026-08-27,2,Ankara 75. Yıl Hipodromu,1400.0,GENERAL FEMALE,MEHMET NURİ SUNKAR,YILMAZ TEKİNALP,57.0,9,0.0,50.0,50.0,50.0,50.0,88.0,2.75,0,0.0
2026-08-27-Ankara 75. Yıl Hipodromu-2,2026-08-27,2,Ankara 75. Yıl Hipodromu,1400.0,KONNICHIWA,VEDAT ABİŞ,İSMET TEKİNALP,57.0,3,0.0,50.0,50.0,50.0,50.0,88.0,7.9,0,0.0
2026-08-27-Ankara 75. Yıl Hipodromu-2,2026-08-27,2,Ankara 75. Yıl Hipodromu,1400.0,OHANA,MÜSLÜM ÇELİK,İBRAHİM BEKİROĞULLARI,57.0,7,0.0,50.0,50.0,50.0,50.0,88.0,6.52,0,0.0
2026-08-27-Ankara 75. Yıl Hipodromu-2,2026-08-27,2,Ankara 75. Yıl Hipodromu,1400.0,SHA CARRI,MEHMET SALİH ÇELİK,MÜSLÜM DOLAK,57.0,8,0.0,50.0,50.0,50.0,50.0,88.0,7.7,0,0.0
2026-08-27-Ankara 75. Yıl Hipodromu-2,2026-08-27,2,Ankara 75. Yıl Hipodromu,1400.0,TOALA,MÜCAHİT BAYIR,SAVAŞ GÜRKAN,57.0,6,0.0,50.0,50.0,50.0,50.0,88.0,1.59,0,0.0
2026-08-27-Ankara 75. Yıl Hipodromu-2,2026-08-27,2,Ankara 75. Yıl Hipodromu,1400.0,ZÜMRA ATEŞİ,ERAY ÇİZİK,ADNAN POLAT,57.0,5,0.0,50.0,50.0,50.0,50.0,88.0,5.33,0,0.0
2026-08-27-Ankara 75. Yıl Hipodromu-3,2026-08-27,3,Ankara 75. Yıl Hipodromu,1200.0,ALCANBERK,ERAY ÇİZİK,HİKMET TURAN,55.5,5,0.0,50.0,50.0,50.0,50.0,82.0,7.27,0,44.0
2026-08-27-Ankara 75. Yıl Hipodromu-3,2026-08-27,3,Ankara 75. Yıl Hipodromu,1200.0,AYDIN DAYI,MÜSLÜM ÇELİK,MÜSLÜM DOLAK,55.5,4,0.0,50.0,50.0,50.0,50.0,82.0,10.77,0,44.0
2026-08-27-Ankara 75. Yıl Hipodromu-3,2026-08-27,3,Ankara 75. Yıl Hipodromu,1200.0,ESENLİ RÜZGARI,VEDAT ABİŞ,ARZU KILIÇ,58.0,6,0.0,50.0,50.0,50.0,50.0,92.0,16.95,0,49.0
2026-08-27-Ankara 75. Yıl Hipodromu-3,2026-08-27,3,Ankara 75. Yıl Hipodromu,1200.0,GÖKAYHAN,MEHMET SALİH ÇELİK,OSMAN GİRİŞKİN,55.0,2,0.0,50.0,50.0,50.0,50.0,80.0,28.43,0,43.0
2026-08-27-Ankara 75. Yıl Hipodromu-3,2026-08-27,3,Ankara 75. Yıl Hipodromu,1200.0,KÜÇÜK AZAT,SALİH ÇELİK,CASIM KATI,56.5,3,0.0,50.0,50.0,50.0,50.0,86.0,25.75,0,46.0
2026-08-27-Ankara 75. Yıl Hipodromu-3,2026-08-27,3,Ankara 75. Yıl Hipodromu,1200.0,UĞURLU BEBEK,İSA AKYAVUZ,SEVGİ BEKTAŞ,57.5,1,0.0,50.0,50.0,50.0,50.0,90.0,5.65,0,48.0
2026-08-27-Ankara 75. Yıl Hipodromu-4,2026-08-27,4,Ankara 75. Yıl Hipodromu,1400.0,BERRYBELLA,ERCAN ÇANKAYA,ARZU KILIÇ,57.0,8,0.0,50.0,50.0,50.0,50.0,88.0,4.33,0,0.0
2026-08-27-Ankara 75. Yıl Hipodromu-4,2026-08-27,4,Ankara 75. Yıl Hipodromu,1400.0,CEYHAN SULTANI,MÜSLÜM ÇELİK,GÖZDE KÖSE,57.0,6,0.0,50.0,50.0,50.0,50.0,88.0,15.97,0,23.0
2026-08-27-Ankara 75. Yıl Hipodromu-4,2026-08-27,4,Ankara 75. Yıl Hipodromu,1400.0,LADY ŞAMPİRA,FATİH SULTAN MEHMET SANSAR,MUSTAFA ÖZYİĞİT,57.0,1,0.0,50.0,50.0,50.0,50.0,88.0,6.25,0,18.0
2026-08-27-Ankara 75. Yıl Hipodromu-4,2026-08-27,4,Ankara 75. Yıl Hipodromu,1400.0,LAGIOIA,SALİH ÇELİK,SAVAŞ DEMİR,57.0,2,0.0,50.0,50.0,50.0,50.0,88.0,20.47,0,27.0
2026-08-27-Ankara 75. Yıl Hipodromu-4,2026-08-27,4,Ankara 75. Yıl Hipodromu,1400.0,SOLAR DUCHESS,AHMET ÇELİK,AYKUT ECEVİT BAŞ,57.0,3,0.0,50.0,50.0,50.0,50.0,88.0,30.58,0,0.0
2026-08-27-Ankara 75. Yıl Hipodromu-4,2026-08-27,4,Ankara 75. Yıl Hipodromu,1400.0,SUFERING,MEHMET AKYAVUZ,SAMET AKYAVUZ,57.0,4,0.0,50.0,50.0,50.0,50.0,88.0,13.69,0,0.0
2026-08-27-Ankara 75. Yıl Hipodromu-4,2026-08-27,4,Ankara 75. Yıl Hipodromu,1400.0,WYNONNA,ENES ATLAMAZ,İLKER KÖROĞLU,53.0,5,0.0,50.0,50.0,50.0,50.0,72.0,4.78,0,0.0
2026-08-27-Ankara 75. Yıl Hipodromu-4,2026-08-27,4,Ankara 75. Yıl Hipodromu,1400.0,ÇİMEN LİYA,MERT ALİ SOLMAZ,YUSUF UÇAR,57.0,7,0.0,50.0,50.0,50.0,50.0,88.0,3.28,0,0.0
2026-08-27-Ankara 75. Yıl Hipodromu-5,2026-08-27,5,Ankara 75. Yıl Hipodromu,1400.0,ASLAN HATİP,İSA AKYAVUZ,ERGÜN ÇETİNKURT,57.5,3,0.0,50.0,50.0,50.0,50.0,90.0,19.0,0,97.0
2026-08-27-Ankara 75. Yıl Hipodromu-5,2026-08-27,5,Ankara 75. Yıl Hipodromu,1400.0,END GAME,FATİH SULTAN MEHMET SANSAR,SEİT KAN,60.0,9,0.0,50.0,50.0,50.0,50.0,100.0,3.81,0,99.0
2026-08-27-Ankara 75. Yıl Hipodromu-5,2026-08-27,5,Ankara 75. Yıl Hipodromu,1400.0,ENDORFİN,VEDAT ABİŞ,ÜMİT ARSLAN,58.0,8,0.0,50.0,50.0,50.0,50.0,92.0,13.01,0,95.0
2026-08-27-Ankara 75. Yıl Hipodromu-5,2026-08-27,5,Ankara 75. Yıl Hipodromu,1400.0,ERKURT,MERT ALİ SOLMAZ,ADNAN POLAT,52.0,10,0.0,50.0,50.0,50.0,50.0,68.0,1.21,0,74.0
2026-08-27-Ankara 75. Yıl Hipodromu-5,2026-08-27,5,Ankara 75. Yıl Hipodromu,1400.0,GÜRAYHAN,ERCAN ÇANKAYA,MEHMET KORKMAZ,60.0,4,0.0,50.0,50.0,50.0,50.0,100.0,9.34,0,99.0
2026-08-27-Ankara 75. Yıl Hipodromu-5,2026-08-27,5,Ankara 75. Yıl Hipodromu,1400.0,HEDBE,MEHMET SALİH ÇELİK,HASAN YILDIRIM,60.0,2,0.0,50.0,50.0,50.0,50.0,100.0,8.46,0,99.0
2026-08-27-Ankara 75. Yıl Hipodromu-5,2026-08-27,5,Ankara 75. Yıl Hipodromu,1400.0,HIZLI ÇOCUK,MEHMET AKYAVUZ,SENER GÖKÇE,57.5,1,0.0,50.0,50.0,50.0,50.0,90.0,12.19,0,94.0
2026-08-27-Ankara 75. Yıl Hipodromu-5,2026-08-27,5,Ankara 75. Yıl Hipodromu,1400.0,KAYAFATİH,SALİH ÇELİK,HÜSEYİN KAYA,61.0,5,0.0,50.0,50.0,50.0,50.0,96.0,13.58,0,101.0
2026-08-27-Ankara 75. Yıl Hipodromu-5,2026-08-27,5,Ankara 75. Yıl Hipodromu,1400.0,KOCAEFE,MÜSLÜM ÇELİK,SEİT KAN,58.0,6,0.0,50.0,50.0,50.0,50.0,92.0,14.93,0,95.0
2026-08-27-Ankara 75. Yıl Hipodromu-5,2026-08-27,5,Ankara 75. Yıl Hipodromu,1400.0,MUZATCAN,AHMET ÇELİK,ALİ RIZA YILDIZ,60.0,7,0.0,50.0,50.0,50.0,50.0,100.0,4.47,0,99.0
2026-08-27-Ankara 75. Yıl Hipodromu-6,2026-08-27,6,Ankara 75. Yıl Hipodromu,1900.0,ASAF BABA,ERCAN ÇANKAYA,İSMAİL ÇEÇAN,58.0,5,0.0,50.0,50.0,50.0,50.0,92.0,3.43,0,80.0
2026-08-27-Ankara 75. Yıl Hipodromu-6,2026-08-27,6,Ankara 75. Yıl Hipodromu,1900.0,ATABEYLİ,VEDAT ABİŞ,MEHMET ARSLAN,60.0,1,0.0,50.0,50.0,50.0,50.0,100.0,48.88,0,94.0
2026-08-27-Ankara 75. Yıl Hipodromu-6,2026-08-27,6,Ankara 75. Yıl Hipodromu,1900.0,DAŞ FATİH,AHMET ÇELİK,ADEM GÜVEN,60.0,2,0.0,50.0,50.0,50.0,50.0,100.0,16.21,0,99.0
2026-08-27-Ankara 75. Yıl Hipodromu-6,2026-08-27,6,Ankara 75. Yıl Hipodromu,1900.0,DELİ UMUT,MEHMET AKYAVUZ,CASIM KATI,61.0,3,0.0,50.0,50.0,50.0,50.0,96.0,4.68,0,89.0
2026-08-27-Ankara 75. Yıl Hipodromu-6,2026-08-27,6,Ankara 75. Yıl Hipodromu,1900.0,ERKŞAN,MEHMET NURİ SUNKAR,ÜMİT ARSLAN,57.0,4,0.0,50.0,50.0,50.0,50.0,88.0,24.89,0,93.0
2026-08-27-Ankara 75. Yıl Hipodromu-6,2026-08-27,6,Ankara 75. Yıl Hipodromu,1900.0,JÜLİDEKIZ,MEHMET KESKİN,İLKER KÖROĞLU,54.0,6,0.0,50.0,50.0,50.0,50.0,76.0,1.9,0,94.0
2026-08-27-Ankara 75. Yıl Hipodromu-7,2026-08-27,7,Ankara 75. Yıl Hipodromu,1400.0,CONTINUOUS,MEHMET SALİH ÇELİK,ENGİN KARATAŞ,61.0,3,0.0,50.0,50.0,50.0,50.0,96.0,0.0,0,97.0
2026-08-27-Ankara 75. Yıl Hipodromu-7,2026-08-27,7,Ankara 75. Yıl Hipodromu,1400.0,NORTHERN NURDETTA,SALİH ÇELİK,SERKAN SÜSLÜ,60.0,6,0.0,50.0,50.0,50.0,50.0,100.0,0.0,0,87.0
2026-08-27-Ankara 75. Yıl Hipodromu-7,2026-08-27,7,Ankara 75. Yıl Hipodromu,1400.0,PRENSES SYLVESTER,MEHMET AKYAVUZ,İSMET AKKILIÇ,61.0,2,0.0,50.0,50.0,50.0,50.0,96.0,0.0,0,99.0
2026-08-27-Ankara 75. Yıl Hipodromu-7,2026-08-27,7,Ankara 75. Yıl Hipodromu,1400.0,ROSAS DEL ROSEDAL,ERCAN ÇANKAYA,MÜSLÜM DOLAK,55.5,5,10.0,0.0,50.0,50.0,50.0,82.0,0.0,1,63.0
2026-08-27-Ankara 75. Yıl Hipodromu-7,2026-08-27,7,Ankara 75. Yıl Hipodromu,1400.0,SYNTAGMA,MÜSLÜM ÇELİK,ENGİN KARATAŞ,56.5,1,0.0,50.0,50.0,50.0,50.0,86.0,0.0,0,89.0
2026-08-27-Ankara 75. Yıl Hipodromu-7,2026-08-27,7,Ankara 75. Yıl Hipodromu,1400.0,WHISPER OF VICTORY,VEDAT ABİŞ,MÜSLÜM DOLAK,56.5,4,0.0,50.0,50.0,50.0,50.0,86.0,0.0,0,80.0
2026-08-27-Ankara 75. Yıl Hipodromu-8,2026-08-27,8,Ankara 75. Yıl Hipodromu,1500.0,GOLDMAN,MEHMET SALİH ÇELİK,CENGİZ AYDOĞAN,58.0,3,0.0,50.0,50.0,50.0,50.0,92.0,0.0,0,63.0
2026-08-27-Ankara 75. Yıl Hipodromu-8,2026-08-27,8,Ankara 75. Yıl Hipodromu,1500.0,KING LUTHER,AHMET ÇELİK,KADİR BALTACI,58.0,2,0.0,50.0,50.0,50.0,50.0,92.0,0.0,0,73.0
2026-08-27-Ankara 75. Yıl Hipodromu-8,2026-08-27,8,Ankara 75. Yıl Hipodromu,1500.0,METAL HEART,VEDAT ABİŞ,VEDAT YILDIRIM,60.0,1,0.0,50.0,50.0,50.0,50.0,100.0,0.0,0,96.0
2026-08-27-Ankara 75. Yıl Hipodromu-8,2026-08-27,8,Ankara 75. Yıl Hipodromu,1500.0,OĞLUM GALİBEY,MÜSLÜM ÇELİK,SEİT KAN,54.0,5,0.0,50.0,50.0,50.0,50.0,76.0,0.0,0,71.0
2026-08-27-Ankara 75. Yıl Hipodromu-8,2026-08-27,8,Ankara 75. Yıl Hipodromu,1500.0,ZAGROS RÜZGARI,MEHMET AKYAVUZ,ERDAL AKYAVUZ,62.0,4,0.0,50.0,50.0,50.0,50.0,92.0,0.0,0,89.0
2026-08-27-Ankara 75. Yıl Hipodromu-9,2026-08-27,9,Ankara 75. Yıl Hipodromu,1400.0,AURORA NOVA,VEDAT ABİŞ,İBRAHİM BEKİROĞULLARI,57.0,3,0.0,50.0,50.0,50.0,50.0,88.0,0.0,0,26.0
2026-08-27-Ankara 75. Yıl Hipodromu-9,2026-08-27,9,Ankara 75. Yıl Hipodromu,1400.0,DELICIAS TURCAS,ERCAN ÇANKAYA,MÜSLÜM DOLAK,59.0,9,0.0,50.0,50.0,50.0,50.0,96.0,0.0,0,35.0
2026-08-27-Ankara 75. Yıl Hipodromu-9,2026-08-27,9,Ankara 75. Yıl Hipodromu,1400.0,LADY SOVEREIGN,MÜSLÜM ÇELİK,İBRAHİM BEKİROĞULLARI,57.0,5,0.0,50.0,50.0,50.0,50.0,88.0,0.0,0,0.0
2026-08-27-Ankara 75. Yıl Hipodromu-9,2026-08-27,9,Ankara 75. Yıl Hipodromu,1400.0,PERIWINKLE,MEHMET AKYAVUZ,ŞEFİK AYDEMİR,57.0,7,0.0,50.0,50.0,50.0,50.0,88.0,0.0,0,0.0
2026-08-27-Ankara 75. Yıl Hipodromu-9,2026-08-27,9,Ankara 75. Yıl Hipodromu,1400.0,POTOCHNITSA,ERAY ÇİZİK,MÜCAHİT KAYA,57.0,4,0.0,50.0,50.0,50.0,50.0,88.0,0.0,0,28.0
2026-08-27-Ankara 75. Yıl Hipodromu-9,2026-08-27,9,Ankara 75. Yıl Hipodromu,1400.0,QUEEN ELA,FATİH SULTAN MEHMET SANSAR,KADİR BALTACI,57.0,8,0.0,50.0,50.0,50.0,50.0,88.0,0.0,0,17.0
2026-08-27-Ankara 75. Yıl Hipodromu-9,2026-08-27,9,Ankara 75. Yıl Hipodromu,1400.0,SPIRIT OF LUX,SALİH ÇELİK,İBRAHİM BEKİROĞULLARI,57.0,2,0.0,50.0,50.0,50.0,50.0,88.0,0.0,0,29.0
2026-08-27-Ankara 75. Yıl Hipodromu-9,2026-08-27,9,Ankara 75. Yıl Hipodromu,1400.0,STREMTSİ,MERT ALİ SOLMAZ,MÜCAHİT KAYA,57.0,1,0.0,50.0,50.0,50.0,50.0,88.0,0.0,0,0.0
2026-08-27-Ankara 75. Yıl Hipodromu-9,2026-08-27,9,Ankara 75. Yıl Hipodromu,1400.0,SUBE LA MAREA,MEHMET SALİH ÇELİK,CUMA DEMİR,57.0,6,0.0,50.0,50.0,50.0,50.0,88.0,0.0,0,0.0
2026-08-27-Kocaeli Kartepe Hipodromu-1,2026-08-27,1,Kocaeli Kartepe Hipodromu,1400.0,AĞUSTOS AHMET,ERHAN AKKAYA,SERHAT ÖNDER,60.0,2,0.0,50.0,50.0,50.0,50.0,100.0,11.87,0,86.0
2026-08-27-Kocaeli Kartepe Hipodromu-1,2026-08-27,1,Kocaeli Kartepe Hipodromu,1400.0,BY TÜRE,MUHAMMED MİR BİLGİN,SALİH BAYDAN,58.0,3,0.0,50.0,50.0,50.0,50.0,92.0,20.69,0,76.0
2026-08-27-Kocaeli Kartepe Hipodromu-1,2026-08-27,1,Kocaeli Kartepe Hipodromu,1400.0,FOR YURDABAK,CANER TEPE,ÖMER FARUK TAŞDELEN,55.0,10,0.0,50.0,50.0,50.0,50.0,80.0,9.57,0,82.0
2026-08-27-Kocaeli Kartepe Hipodromu-1,2026-08-27,1,Kocaeli Kartepe Hipodromu,1400.0,KEÇİKHAN,EREN KADİRLER,NİHAT YILDIRIM,56.0,1,0.0,50.0,50.0,50.0,50.0,84.0,5.39,0,68.0
2026-08-27-Kocaeli Kartepe Hipodromu-1,2026-08-27,1,Kocaeli Kartepe Hipodromu,1400.0,MONTRESTA,GÖRKEM ÖZÇELİK,MEHMET EMİN AVCI,58.0,5,0.0,50.0,50.0,50.0,50.0,92.0,9.78,0,64.0
2026-08-27-Kocaeli Kartepe Hipodromu-1,2026-08-27,1,Kocaeli Kartepe Hipodromu,1400.0,MİSAKA,ADEM ASLAN,NİHAT YILDIRIM,56.0,9,0.0,50.0,50.0,50.0,50.0,84.0,2.63,0,51.0
2026-08-27-Kocaeli Kartepe Hipodromu-1,2026-08-27,1,Kocaeli Kartepe Hipodromu,1400.0,RÜZGAR UĞUR,MAHMUT TURAN,MEHMET DAŞ,57.0,4,0.0,50.0,50.0,50.0,50.0,88.0,19.31,0,80.0
2026-08-27-Kocaeli Kartepe Hipodromu-1,2026-08-27,1,Kocaeli Kartepe Hipodromu,1400.0,SANDUHAN,NURETTİN ŞEN,FARUK ARICI,60.0,7,0.0,50.0,50.0,50.0,50.0,100.0,15.46,0,91.0
2026-08-27-Kocaeli Kartepe Hipodromu-1,2026-08-27,1,Kocaeli Kartepe Hipodromu,1400.0,SİGUEME,YİĞİTCAN GÖKÇE,HÜSEYİN SUNKAR,55.5,8,0.0,50.0,50.0,50.0,50.0,82.0,2.5,0,53.0
2026-08-27-Kocaeli Kartepe Hipodromu-1,2026-08-27,1,Kocaeli Kartepe Hipodromu,1400.0,ÇAVDARLI,SERCAN TIRPAN,SERHAT ÖNDER,56.0,6,0.0,50.0,50.0,50.0,50.0,84.0,2.78,0,54.0
2026-08-27-Kocaeli Kartepe Hipodromu-2,2026-08-27,2,Kocaeli Kartepe Hipodromu,1200.0,ABANOZ,BEKİR MERT MIRIK,SALİH BAYDAN,55.0,1,0.0,50.0,50.0,50.0,50.0,80.0,2.68,0,21.0
2026-08-27-Kocaeli Kartepe Hipodromu-2,2026-08-27,2,Kocaeli Kartepe Hipodromu,1200.0,ASRAL,CANER TEPE,HÜSEYİN KARABULUT,57.0,10,0.0,50.0,50.0,50.0,50.0,88.0,2.63,0,28.0
2026-08-27-Kocaeli Kartepe Hipodromu-2,2026-08-27,2,Kocaeli Kartepe Hipodromu,1200.0,BABA RIDVAN,GÖRKEM ÖZÇELİK,ALİ RIZA KISMET,57.0,12,0.0,50.0,50.0,50.0,50.0,88.0,3.44,0,10.0
2026-08-27-Kocaeli Kartepe Hipodromu-2,2026-08-27,2,Kocaeli Kartepe Hipodromu,1200.0,BEKATA,ADEM ASLAN,HÜSEYİN KARABULUT,59.0,2,0.0,50.0,50.0,50.0,50.0,96.0,12.15,0,30.0
2026-08-27-Kocaeli Kartepe Hipodromu-2,2026-08-27,2,Kocaeli Kartepe Hipodromu,1200.0,DAVRANTAY,OKAN GÖKÇE,HASAN KAYA,57.0,11,0.0,50.0,50.0,50.0,50.0,88.0,5.26,0,28.0
2026-08-27-Kocaeli Kartepe Hipodromu-2,2026-08-27,2,Kocaeli Kartepe Hipodromu,1200.0,GÜLGÜLAY,NİZAMETTİN DEMİR,RAMAZAN KAYA,55.0,8,0.0,50.0,50.0,50.0,50.0,80.0,1.09,0,25.0
2026-08-27-Kocaeli Kartepe Hipodromu-2,2026-08-27,2,Kocaeli Kartepe Hipodromu,1200.0,GİDERLİCAN,AHMET EFEKAN ELMAS,KIVANÇ KINAY,53.0,7,0.0,50.0,50.0,50.0,50.0,72.0,2.27,0,0.0
2026-08-27-Kocaeli Kartepe Hipodromu-2,2026-08-27,2,Kocaeli Kartepe Hipodromu,1200.0,KARAKÖPRÜ ATEŞİ,MUSTAFA ÇİÇEK,ABDULLAH TEMİZER,59.0,14,0.0,50.0,50.0,50.0,50.0,96.0,19.4,0,30.0
2026-08-27-Kocaeli Kartepe Hipodromu-2,2026-08-27,2,Kocaeli Kartepe Hipodromu,1200.0,KARANLIK,TOLGA YILDIZ,BARIŞ ÇAPKIN,57.0,9,0.0,50.0,50.0,50.0,50.0,88.0,5.44,0,25.0
2026-08-27-Kocaeli Kartepe Hipodromu-2,2026-08-27,2,Kocaeli Kartepe Hipodromu,1200.0,KINALIKAYAM,SAMETCAN YAZICIOĞLU,RAMAZAN KAYA,52.0,5,0.0,50.0,50.0,50.0,50.0,68.0,13.79,0,30.0
2026-08-27-Kocaeli Kartepe Hipodromu-2,2026-08-27,2,Kocaeli Kartepe Hipodromu,1200.0,MAŞİDE,MAHMUT TURAN,BURAK İLVAN,55.0,13,0.0,50.0,50.0,50.0,50.0,80.0,7.15,0,0.0
2026-08-27-Kocaeli Kartepe Hipodromu-2,2026-08-27,2,Kocaeli Kartepe Hipodromu,1200.0,NESLİHAN HATUN,UĞUR LEVENT,SEZEN GÜNAYDIN,51.0,6,0.0,50.0,50.0,50.0,50.0,64.0,0.94,0,0.0
2026-08-27-Kocaeli Kartepe Hipodromu-2,2026-08-27,2,Kocaeli Kartepe Hipodromu,1200.0,SEVGİNUR,SERHAT ÇELİK,RAMAZAN KAYA,52.0,4,0.0,50.0,50.0,50.0,50.0,68.0,2.05,0,27.0
2026-08-27-Kocaeli Kartepe Hipodromu-2,2026-08-27,2,Kocaeli Kartepe Hipodromu,1200.0,TEYZEOĞLU,SİNAN ÖZEN,EMRE KESKİN,57.0,3,0.0,50.0,50.0,50.0,50.0,88.0,21.71,0,26.0
2026-08-27-Kocaeli Kartepe Hipodromu-3,2026-08-27,3,Kocaeli Kartepe Hipodromu,1200.0,DOUBLE WORLD,NİZAMETTİN DEMİR,ERTAN ACER,58.0,4,0.0,50.0,50.0,50.0,50.0,92.0,5.0,0,46.0
2026-08-27-Kocaeli Kartepe Hipodromu-3,2026-08-27,3,Kocaeli Kartepe Hipodromu,1200.0,KHAN OF THE FOREST,NURETTİN ŞEN,YUSUF AKBULUT,55.0,6,0.0,50.0,50.0,50.0,50.0,80.0,0.73,0,15.0
2026-08-27-Kocaeli Kartepe Hipodromu-3,2026-08-27,3,Kocaeli Kartepe Hipodromu,1200.0,MY REBELLIOUS GIRL,ONUR ATMACA,YUSUF ÇANKAYA,59.0,3,0.0,50.0,50.0,50.0,50.0,96.0,10.78,0,55.0
2026-08-27-Kocaeli Kartepe Hipodromu-3,2026-08-27,3,Kocaeli Kartepe Hipodromu,1200.0,PANCHO,YİĞİTCAN GÖKÇE,HÜSEYİN SUNKAR,52.0,5,0.0,50.0,50.0,50.0,50.0,68.0,8.74,0,48.0
2026-08-27-Kocaeli Kartepe Hipodromu-3,2026-08-27,3,Kocaeli Kartepe Hipodromu,1200.0,RUZYM,ONUR YILDIZ,SİNAN YANMAZ,58.0,1,0.0,50.0,50.0,50.0,50.0,92.0,68.74,0,68.0
2026-08-27-Kocaeli Kartepe Hipodromu-3,2026-08-27,3,Kocaeli Kartepe Hipodromu,1200.0,TM BATAILE,EREN KADİRLER,İBRAHİM KIZILDAĞ,51.0,2,0.0,50.0,50.0,50.0,50.0,64.0,5.08,0,44.0
2026-08-27-Kocaeli Kartepe Hipodromu-4,2026-08-27,4,Kocaeli Kartepe Hipodromu,1400.0,AFŞINTAY,EREN KADİRLER,ŞEVVAL ŞİMAL DEMİR,59.0,10,0.0,50.0,50.0,50.0,50.0,96.0,2.64,0,64.0
2026-08-27-Kocaeli Kartepe Hipodromu-4,2026-08-27,4,Kocaeli Kartepe Hipodromu,1400.0,AKYEL ABİ,ONUR YILDIZ,MELEK ÖZGÜL,58.0,8,0.0,50.0,50.0,50.0,50.0,92.0,9.97,0,58.0
2026-08-27-Kocaeli Kartepe Hipodromu-4,2026-08-27,4,Kocaeli Kartepe Hipodromu,1400.0,ARSLAN OĞLU,MEHMET ÇELİK,AHMET KAPLAN,57.5,4,0.0,50.0,50.0,50.0,50.0,90.0,5.25,0,66.0
2026-08-27-Kocaeli Kartepe Hipodromu-4,2026-08-27,4,Kocaeli Kartepe Hipodromu,1400.0,BERTUĞHAN,BEKİR MERT MIRIK,ERGÜN USLU,61.0,9,0.0,50.0,50.0,50.0,50.0,96.0,6.56,0,64.0
2026-08-27-Kocaeli Kartepe Hipodromu-4,2026-08-27,4,Kocaeli Kartepe Hipodromu,1400.0,COŞDUR,YASİN ŞEREF GÜMÜŞ,NİHAT KAYA,52.0,11,0.0,50.0,50.0,50.0,50.0,68.0,0.96,0,32.0
2026-08-27-Kocaeli Kartepe Hipodromu-4,2026-08-27,4,Kocaeli Kartepe Hipodromu,1400.0,DIRAXTER,İZETTİN GÜREKE,BİLAL EMİROĞLU,60.0,2,0.0,50.0,50.0,50.0,50.0,100.0,2.9,0,68.0
2026-08-27-Kocaeli Kartepe Hipodromu-4,2026-08-27,4,Kocaeli Kartepe Hipodromu,1400.0,KIRMÜJDE,UĞUR LEVENT,HAYRİ YILDIRIM,57.5,1,0.0,50.0,50.0,50.0,50.0,90.0,2.02,0,63.0
2026-08-27-Kocaeli Kartepe Hipodromu-4,2026-08-27,4,Kocaeli Kartepe Hipodromu,1400.0,NUMANIM,MUSTAFA ÇİÇEK,NİHAT KAYA,55.5,12,0.0,50.0,50.0,50.0,50.0,82.0,3.41,0,53.0
2026-08-27-Kocaeli Kartepe Hipodromu-4,2026-08-27,4,Kocaeli Kartepe Hipodromu,1400.0,ODABAŞI,NİZAMETTİN DEMİR,MEHMET DAŞ,58.0,3,0.0,50.0,50.0,50.0,50.0,92.0,6.42,0,58.0
2026-08-27-Kocaeli Kartepe Hipodromu-4,2026-08-27,4,Kocaeli Kartepe Hipodromu,1400.0,SALAHİYET,YİĞİTCAN GÖKÇE,MEHMET DAŞ,58.5,6,0.0,50.0,50.0,50.0,50.0,94.0,14.68,0,66.0
2026-08-27-Kocaeli Kartepe Hipodromu-4,2026-08-27,4,Kocaeli Kartepe Hipodromu,1400.0,SAMET EFENDİ,SERHAT ÇELİK,AYCAN POLAT,58.5,5,0.0,50.0,50.0,50.0,50.0,94.0,17.32,0,68.0
2026-08-27-Kocaeli Kartepe Hipodromu-4,2026-08-27,4,Kocaeli Kartepe Hipodromu,1400.0,TOPRAK BEYİ,MAHMUT TURAN,GALİP KILIÇ,58.5,13,0.0,50.0,50.0,50.0,50.0,94.0,5.08,0,59.0
2026-08-27-Kocaeli Kartepe Hipodromu-4,2026-08-27,4,Kocaeli Kartepe Hipodromu,1400.0,ZEMBEREK,MUHAMMED MİR BİLGİN,GÜVEN GÖKÇE,54.0,7,0.0,50.0,50.0,50.0,50.0,76.0,22.79,0,50.0
2026-08-27-Kocaeli Kartepe Hipodromu-5,2026-08-27,5,Kocaeli Kartepe Hipodromu,1200.0,ASTAKOS,KADİR TOKAÇOĞLU,MUSTAFA ATAL,55.0,3,0.0,50.0,50.0,50.0,50.0,80.0,14.91,0,0.0
2026-08-27-Kocaeli Kartepe Hipodromu-5,2026-08-27,5,Kocaeli Kartepe Hipodromu,1200.0,AYDONAT,MAHMUT BAĞ,ŞEVVAL ŞİMAL DEMİR,54.0,13,0.0,50.0,50.0,50.0,50.0,76.0,0.76,0,0.0
2026-08-27-Kocaeli Kartepe Hipodromu-5,2026-08-27,5,Kocaeli Kartepe Hipodromu,1200.0,BAHARIM,NİZAMETTİN DEMİR,ÖMER GÜNELİ,55.0,14,0.0,50.0,50.0,50.0,50.0,80.0,0.63,0,0.0
2026-08-27-Kocaeli Kartepe Hipodromu-5,2026-08-27,5,Kocaeli Kartepe Hipodromu,1200.0,ERYÜREKLİ,MUHAMMED MİR BİLGİN,DAVUT SAV,57.0,6,0.0,50.0,50.0,50.0,50.0,88.0,33.76,0,27.0
2026-08-27-Kocaeli Kartepe Hipodromu-5,2026-08-27,5,Kocaeli Kartepe Hipodromu,1200.0,GELEVRİ KIZ,UĞUR LEVENT,SEZEN GÜNAYDIN,52.0,12,0.0,50.0,50.0,50.0,50.0,68.0,0.44,0,9.0
2026-08-27-Kocaeli Kartepe Hipodromu-5,2026-08-27,5,Kocaeli Kartepe Hipodromu,1200.0,GÖKFIRTINA,MUSTAFA ÇİÇEK,MUSTAFA ATAL,57.0,5,0.0,50.0,50.0,50.0,50.0,88.0,14.38,0,0.0
2026-08-27-Kocaeli Kartepe Hipodromu-5,2026-08-27,5,Kocaeli Kartepe Hipodromu,1200.0,KAYALARIN ASLANI,GÖRKEM ÖZÇELİK,BETÜL YILDIRIM,57.0,4,0.0,50.0,50.0,50.0,50.0,88.0,3.46,0,12.0
2026-08-27-Kocaeli Kartepe Hipodromu-5,2026-08-27,5,Kocaeli Kartepe Hipodromu,1200.0,KOLAYSA YAKALA,OKAN GÖKÇE,KAZIM ŞENGEL,57.0,11,0.0,50.0,50.0,50.0,50.0,88.0,0.62,0,0.0
2026-08-27-Kocaeli Kartepe Hipodromu-5,2026-08-27,5,Kocaeli Kartepe Hipodromu,1200.0,LEYLİM ÇELİK,AHMET EFEKAN ELMAS,ALİ ÇİZİK,53.0,8,0.0,50.0,50.0,50.0,50.0,72.0,0.31,0,0.0
2026-08-27-Kocaeli Kartepe Hipodromu-5,2026-08-27,5,Kocaeli Kartepe Hipodromu,1200.0,ONCANONBEŞ,CEM ALTUN,KIVANÇ KINAY,57.0,10,0.0,50.0,50.0,50.0,50.0,88.0,1.72,0,0.0
2026-08-27-Kocaeli Kartepe Hipodromu-5,2026-08-27,5,Kocaeli Kartepe Hipodromu,1200.0,SELÇUKZADE,MUSTAFA TEKPETEK,BARIŞ ÇAPKIN,53.0,2,0.0,50.0,50.0,50.0,50.0,72.0,10.12,0,29.0
2026-08-27-Kocaeli Kartepe Hipodromu-5,2026-08-27,5,Kocaeli Kartepe Hipodromu,1200.0,SERT KOŞU,BEKİR MERT MIRIK,NİHAT KAYA,57.0,9,0.0,50.0,50.0,50.0,50.0,88.0,12.09,0,23.0
2026-08-27-Kocaeli Kartepe Hipodromu-5,2026-08-27,5,Kocaeli Kartepe Hipodromu,1200.0,TEKNİKTAKTİK,EREN KADİRLER,KAZIM ŞENGEL,54.0,1,0.0,50.0,50.0,50.0,50.0,76.0,3.34,0,23.0
2026-08-27-Kocaeli Kartepe Hipodromu-5,2026-08-27,5,Kocaeli Kartepe Hipodromu,1200.0,UYGURKIZI,YİĞİTCAN GÖKÇE,RAMAZAN KAYA,52.0,7,0.0,50.0,50.0,50.0,50.0,68.0,3.46,0,26.0
2026-08-27-Kocaeli Kartepe Hipodromu-6,2026-08-27,6,Kocaeli Kartepe Hipodromu,1900.0,FELIX PERLA,SELİM KAYA,TEVFİK BARDAKCI,60.0,1,0.0,50.0,50.0,50.0,50.0,100.0,37.33,0,87.0
2026-08-27-Kocaeli Kartepe Hipodromu-6,2026-08-27,6,Kocaeli Kartepe Hipodromu,1900.0,I RO,MERTCAN ÇELİK,ERGÜN USLU,56.0,6,0.0,50.0,50.0,50.0,50.0,84.0,4.7,0,73.0
2026-08-27-Kocaeli Kartepe Hipodromu-6,2026-08-27,6,Kocaeli Kartepe Hipodromu,1900.0,MISS CONQUEROR,MUHAMMED MİR BİLGİN,REŞAT KILIÇ,58.5,2,0.0,50.0,50.0,50.0,50.0,94.0,28.94,0,74.0
2026-08-27-Kocaeli Kartepe Hipodromu-6,2026-08-27,6,Kocaeli Kartepe Hipodromu,1900.0,PEHLİVAN YILDIZI,MUSTAFA ÇİÇEK,CUMA GÖNÜLTAŞ,62.0,8,0.0,50.0,50.0,50.0,50.0,92.0,13.47,0,92.0
2026-08-27-Kocaeli Kartepe Hipodromu-6,2026-08-27,6,Kocaeli Kartepe Hipodromu,1900.0,SECRET LAV,MAHMUT TURAN,MEHMET DAŞ,58.0,5,0.0,50.0,50.0,50.0,50.0,92.0,5.27,0,81.0
2026-08-27-Kocaeli Kartepe Hipodromu-6,2026-08-27,6,Kocaeli Kartepe Hipodromu,1900.0,SECRET MIRROR,ONUR YILDIZ,CEMİL TURAN,56.0,3,0.0,50.0,50.0,50.0,50.0,84.0,6.55,0,89.0
2026-08-27-Kocaeli Kartepe Hipodromu-6,2026-08-27,6,Kocaeli Kartepe Hipodromu,1900.0,THE BEAUTIFUL ECE,GÖKHAN BEKTAŞ,ZEYNEP BERFİN DURGUN,56.0,7,0.0,50.0,50.0,50.0,50.0,84.0,1.99,0,93.0
2026-08-27-Kocaeli Kartepe Hipodromu-6,2026-08-27,6,Kocaeli Kartepe Hipodromu,1900.0,İCRA,SİNAN ÖZEN,ÖMER FARUK TAŞDELEN,56.0,4,0.0,50.0,50.0,50.0,50.0,84.0,1.76,0,57.0
2026-08-27-Kocaeli Kartepe Hipodromu-7,2026-08-27,7,Kocaeli Kartepe Hipodromu,1200.0,EFLANİ,YİĞİTCAN GÖKÇE,MUHAMMED ALİ TURAN,56.0,6,0.0,50.0,50.0,50.0,50.0,84.0,0.0,0,37.0
2026-08-27-Kocaeli Kartepe Hipodromu-7,2026-08-27,7,Kocaeli Kartepe Hipodromu,1200.0,EYLÜLSEL,NİZAMETTİN DEMİR,ERTAN ACER,60.0,1,0.0,50.0,50.0,50.0,50.0,100.0,0.0,0,47.0
2026-08-27-Kocaeli Kartepe Hipodromu-7,2026-08-27,7,Kocaeli Kartepe Hipodromu,1200.0,GÜREKE HANIM,İZETTİN GÜREKE,BEYDA TANRIKULU,53.0,7,0.0,50.0,50.0,50.0,50.0,72.0,0.0,0,37.0
2026-08-27-Kocaeli Kartepe Hipodromu-7,2026-08-27,7,Kocaeli Kartepe Hipodromu,1200.0,HÜRRİYET,MUSTAFA ÇİÇEK,NİHAT KAYA,57.0,8,0.0,50.0,50.0,50.0,50.0,88.0,0.0,0,41.0
2026-08-27-Kocaeli Kartepe Hipodromu-7,2026-08-27,7,Kocaeli Kartepe Hipodromu,1200.0,IRMAĞIN GÜLÜ,SİNAN ÖZEN,NİHAT KAYA,57.0,4,0.0,50.0,50.0,50.0,50.0,88.0,0.0,0,40.0
2026-08-27-Kocaeli Kartepe Hipodromu-7,2026-08-27,7,Kocaeli Kartepe Hipodromu,1200.0,TEKSEVDAM,ÖZCAN YILDIRIM,SENİHA ŞEN,57.0,5,0.0,50.0,50.0,50.0,50.0,88.0,0.0,0,39.0
2026-08-27-Kocaeli Kartepe Hipodromu-7,2026-08-27,7,Kocaeli Kartepe Hipodromu,1200.0,UMUT DOLU,SELİM KAYA,MERT DEMİRTAŞ,57.0,3,0.0,50.0,50.0,50.0,50.0,88.0,0.0,0,45.0
2026-08-27-Kocaeli Kartepe Hipodromu-7,2026-08-27,7,Kocaeli Kartepe Hipodromu,1200.0,İNCİ PAREM,MAHMUT TURAN,FERHAT ALTIN,57.0,2,0.0,50.0,50.0,50.0,50.0,88.0,0.0,0,41.0
2026-08-27-Kocaeli Kartepe Hipodromu-8,2026-08-27,8,Kocaeli Kartepe Hipodromu,1500.0,KOCA ÖMER,MEHMET ÇELİK,TURGAY ATAÇ,54.0,6,0.0,50.0,50.0,50.0,50.0,76.0,0.0,0,23.0
2026-08-27-Kocaeli Kartepe Hipodromu-8,2026-08-27,8,Kocaeli Kartepe Hipodromu,1500.0,MY DREAM SERAP,SİNAN ÖZEN,SİNAN YANMAZ,55.0,1,0.0,50.0,50.0,50.0,50.0,80.0,0.0,0,46.0
2026-08-27-Kocaeli Kartepe Hipodromu-8,2026-08-27,8,Kocaeli Kartepe Hipodromu,1500.0,SLUICIFER,MUSTAFA ÇİÇEK,TURGAY ÇEKİCİ,57.0,2,0.0,50.0,50.0,50.0,50.0,88.0,0.0,0,46.0
2026-08-27-Kocaeli Kartepe Hipodromu-8,2026-08-27,8,Kocaeli Kartepe Hipodromu,1500.0,TEPEKIZI,GÖKHAN BEKTAŞ,ALİ ÇİZİK,52.0,5,0.0,50.0,50.0,50.0,50.0,68.0,0.0,0,34.0
2026-08-27-Kocaeli Kartepe Hipodromu-8,2026-08-27,8,Kocaeli Kartepe Hipodromu,1500.0,VENENO,YİĞİTCAN GÖKÇE,HÜSEYİN SUNKAR,52.0,4,0.0,50.0,50.0,50.0,50.0,68.0,0.0,0,44.0
2026-08-27-Kocaeli Kartepe Hipodromu-8,2026-08-27,8,Kocaeli Kartepe Hipodromu,1500.0,ÇİLLİ CAFER,ÖZCAN YILDIRIM,MEHMET ESMER,57.0,3,0.0,50.0,50.0,50.0,50.0,88.0,0.0,0,45.0
2026-08-27-Kocaeli Kartepe Hipodromu-9,2026-08-27,9,Kocaeli Kartepe Hipodromu,1200.0,ALMİNA,MAHMUT TURAN,SENİHA ŞEN,55.0,5,0.0,50.0,50.0,50.0,50.0,80.0,0.0,0,0.0
2026-08-27-Kocaeli Kartepe Hipodromu-9,2026-08-27,9,Kocaeli Kartepe Hipodromu,1200.0,ALPARSLANIN TAYI,MUHAMMED MİR BİLGİN,GÜLŞAH TAŞDELEN,57.0,4,0.0,50.0,50.0,50.0,50.0,88.0,0.0,0,0.0
2026-08-27-Kocaeli Kartepe Hipodromu-9,2026-08-27,9,Kocaeli Kartepe Hipodromu,1200.0,ALTIN MÜHÜR,İSMAİL KATI,HÜSEYİN KARABULUT,57.0,9,0.0,50.0,50.0,50.0,50.0,88.0,0.0,0,0.0
2026-08-27-Kocaeli Kartepe Hipodromu-9,2026-08-27,9,Kocaeli Kartepe Hipodromu,1200.0,ALTIN NOKTA,NİZAMETTİN DEMİR,FIRAT GARZAN,57.0,11,0.0,50.0,50.0,50.0,50.0,88.0,0.0,0,28.0
2026-08-27-Kocaeli Kartepe Hipodromu-9,2026-08-27,9,Kocaeli Kartepe Hipodromu,1200.0,DERİN DERYA,MUSTAFA ÇİÇEK,MEHMET FATİH ATCI,55.0,13,0.0,50.0,50.0,50.0,50.0,80.0,0.0,0,0.0
2026-08-27-Kocaeli Kartepe Hipodromu-9,2026-08-27,9,Kocaeli Kartepe Hipodromu,1200.0,DİSU BEY,EREN KADİRLER,SERHAT ÖNDER,54.0,3,0.0,50.0,50.0,50.0,50.0,76.0,0.0,0,0.0
2026-08-27-Kocaeli Kartepe Hipodromu-9,2026-08-27,9,Kocaeli Kartepe Hipodromu,1200.0,EFE KAPTAN,YASİN ŞEREF GÜMÜŞ,TAMER KOLDAŞ,53.0,2,0.0,50.0,50.0,50.0,50.0,72.0,0.0,0,19.0
2026-08-27-Kocaeli Kartepe Hipodromu-9,2026-08-27,9,Kocaeli Kartepe Hipodromu,1200.0,EFE SULTAN,SAMETCAN YAZICIOĞLU,NİHAT KAYA,51.0,12,0.0,50.0,50.0,50.0,50.0,64.0,0.0,0,30.0
2026-08-27-Kocaeli Kartepe Hipodromu-9,2026-08-27,9,Kocaeli Kartepe Hipodromu,1200.0,ILGARCAN,MEHMET ÇELİK,GALİP KILIÇ,54.0,10,0.0,50.0,50.0,50.0,50.0,76.0,0.0,0,27.0
2026-08-27-Kocaeli Kartepe Hipodromu-9,2026-08-27,9,Kocaeli Kartepe Hipodromu,1200.0,KOEMAN,SERHAT ÇELİK,BİLAL EMİROĞLU,53.0,1,0.0,50.0,50.0,50.0,50.0,72.0,0.0,0,32.0
2026-08-27-Kocaeli Kartepe Hipodromu-9,2026-08-27,9,Kocaeli Kartepe Hipodromu,1200.0,NİZİPLİ KIRÇİÇEĞİ,SİNAN ÖZEN,EMRE KESKİN,55.0,14,0.0,50.0,50.0,50.0,50.0,80.0,0.0,0,0.0
2026-08-27-Kocaeli Kartepe Hipodromu-9,2026-08-27,9,Kocaeli Kartepe Hipodromu,1200.0,TÜMÇIKMAZ,GÖRKEM ÖZÇELİK,CUMA GÜNEŞ,57.0,7,0.0,50.0,50.0,50.0,50.0,88.0,0.0,0,0.0
2026-08-27-Kocaeli Kartepe Hipodromu-9,2026-08-27,9,Kocaeli Kartepe Hipodromu,1200.0,ÇAKIRYELE,MAHMUT BAĞ,İBRAHİM KIZILDAĞ,54.0,8,0.0,50.0,50.0,50.0,50.0,76.0,0.0,0,0.0
2026-08-27-Kocaeli Kartepe Hipodromu-9,2026-08-27,9,Kocaeli Kartepe Hipodromu,1200.0,ÇINARALTI KIZI,YİĞİTCAN GÖKÇE,ALİ RIZA KISMET,52.0,6,0.0,50.0,50.0,50.0,50.0,68.0,0.0,0,21.0
2026-08-28-Bursa Osmangazi Hipodromu-1,2026-08-28,1,Bursa Osmangazi Hipodromu,2200.0,ALPS FIRE,ONUR ATMACA,SENİHA ŞEN,52.5,6,0.0,50.0,50.0,50.0,50.0,70.0,8.67,0,47.0
2026-08-28-Bursa Osmangazi Hipodromu-1,2026-08-28,1,Bursa Osmangazi Hipodromu,2200.0,BLACKFYRE,SALİH ÇELİK,MÜLAYİM ANAT,57.0,2,0.0,50.0,50.0,50.0,50.0,88.0,32.34,0,66.0
2026-08-28-Bursa Osmangazi Hipodromu-1,2026-08-28,1,Bursa Osmangazi Hipodromu,2200.0,DİDİ LAZİ,EFE AKPINAR,HÜSEYİN KARABULUT,60.0,1,0.0,50.0,50.0,50.0,50.0,100.0,16.68,0,68.0
2026-08-28-Bursa Osmangazi Hipodromu-1,2026-08-28,1,Bursa Osmangazi Hipodromu,2200.0,EAGLE KHAN,MUHAMMED MİR BİLGİN,YAKUP AKKILIÇ,58.5,7,0.0,50.0,50.0,50.0,50.0,94.0,5.25,0,59.0
2026-08-28-Bursa Osmangazi Hipodromu-1,2026-08-28,1,Bursa Osmangazi Hipodromu,2200.0,SHEEP STEALER,NEVZAT AVCİ,HÜSEYİN KARABULUT,57.0,3,0.0,50.0,50.0,50.0,50.0,88.0,9.22,0,66.0
2026-08-28-Bursa Osmangazi Hipodromu-1,2026-08-28,1,Bursa Osmangazi Hipodromu,2200.0,SOLİDO HERMANOS,MUSTAFA ÇİÇEK,MUSTAFA ATAL,59.5,8,0.0,50.0,50.0,50.0,50.0,98.0,12.65,0,61.0
2026-08-28-Bursa Osmangazi Hipodromu-1,2026-08-28,1,Bursa Osmangazi Hipodromu,2200.0,SUPERSONIC BOOM,YİĞİTCAN GÖKÇE,SERGEN GÖKÇE,58.5,5,0.0,50.0,50.0,50.0,50.0,94.0,12.95,0,63.0
2026-08-28-Bursa Osmangazi Hipodromu-1,2026-08-28,1,Bursa Osmangazi Hipodromu,2200.0,YAMATAİ,ENES ATLAMAZ,SALİH BAYDAN,58.5,4,0.0,50.0,50.0,50.0,50.0,94.0,2.24,0,65.0
2026-08-28-Bursa Osmangazi Hipodromu-2,2026-08-28,2,Bursa Osmangazi Hipodromu,1400.0,BABA GİRAY,CEMAL PASO,KAZIM ŞENGEL,57.0,5,0.0,50.0,50.0,50.0,50.0,88.0,14.64,0,21.0
2026-08-28-Bursa Osmangazi Hipodromu-2,2026-08-28,2,Bursa Osmangazi Hipodromu,1400.0,LAMPO NERO,MAHMUT TURAN,YUSUF AKBULUT,57.0,6,0.0,50.0,50.0,50.0,50.0,88.0,6.38,0,11.0
2026-08-28-Bursa Osmangazi Hipodromu-2,2026-08-28,2,Bursa Osmangazi Hipodromu,1400.0,LAST BREATH,CEM ALTUN,AHMET MANTAŞ,57.0,1,0.0,50.0,50.0,50.0,50.0,88.0,13.06,0,0.0
2026-08-28-Bursa Osmangazi Hipodromu-2,2026-08-28,2,Bursa Osmangazi Hipodromu,1400.0,LUCIELE,RÜZGAR YILDIZ,SALİH BAYDAN,51.0,7,0.0,50.0,50.0,50.0,50.0,64.0,3.97,0,0.0
2026-08-28-Bursa Osmangazi Hipodromu-2,2026-08-28,2,Bursa Osmangazi Hipodromu,1400.0,MY HANDSOME,EREN KADİRLER,KAZIM ŞENGEL,54.0,2,0.0,50.0,50.0,50.0,50.0,76.0,3.73,0,0.0
2026-08-28-Bursa Osmangazi Hipodromu-2,2026-08-28,2,Bursa Osmangazi Hipodromu,1400.0,RAŞAMO,RECEP KETME,VAHİT TURAN,54.0,3,0.0,50.0,50.0,50.0,50.0,76.0,20.55,0,23.0
2026-08-28-Bursa Osmangazi Hipodromu-2,2026-08-28,2,Bursa Osmangazi Hipodromu,1400.0,WINDS SOUND,MUSTAFA ÇİÇEK,İBRAHİM KIZILDAĞ,55.0,4,0.0,50.0,50.0,50.0,50.0,80.0,26.74,0,0.0
2026-08-28-Bursa Osmangazi Hipodromu-3,2026-08-28,3,Bursa Osmangazi Hipodromu,1800.0,BIBURY,SALİH ÇELİK,ABDULLAH TEMİZER,56.0,6,0.0,50.0,50.0,50.0,50.0,84.0,3.16,0,59.0
2026-08-28-Bursa Osmangazi Hipodromu-3,2026-08-28,3,Bursa Osmangazi Hipodromu,1800.0,BRUSK SHOT,NEVZAT AVCİ,YUSUF AKBULUT,55.0,1,0.0,50.0,50.0,50.0,50.0,80.0,14.1,0,65.0
2026-08-28-Bursa Osmangazi Hipodromu-3,2026-08-28,3,Bursa Osmangazi Hipodromu,1800.0,KING BORA,MUSTAFA ÇİÇEK,MUSTAFA ATAL,55.0,7,0.0,50.0,50.0,50.0,50.0,80.0,14.76,0,88.0
2026-08-28-Bursa Osmangazi Hipodromu-3,2026-08-28,3,Bursa Osmangazi Hipodromu,1800.0,LA BOMBONERA,ONUR YILDIZ,REŞAT KILIÇ,60.0,5,0.0,50.0,50.0,50.0,50.0,100.0,19.11,0,83.0
2026-08-28-Bursa Osmangazi Hipodromu-3,2026-08-28,3,Bursa Osmangazi Hipodromu,1800.0,QUEIMADA GRANDE,MUHAMMED MİR BİLGİN,HAKAN ÇELİK,55.0,2,0.0,50.0,50.0,50.0,50.0,80.0,36.64,0,89.0
2026-08-28-Bursa Osmangazi Hipodromu-3,2026-08-28,3,Bursa Osmangazi Hipodromu,1800.0,ROZERYA,CEMAL PASO,ZEYNEP KAYA,52.0,3,0.0,50.0,50.0,50.0,50.0,68.0,2.11,0,53.0
2026-08-28-Bursa Osmangazi Hipodromu-3,2026-08-28,3,Bursa Osmangazi Hipodromu,1800.0,TYATIR,ALİ MEHDİ ALTIN,ENGİN ALTIN,56.0,8,0.0,50.0,50.0,50.0,50.0,84.0,4.24,0,71.0
2026-08-28-Bursa Osmangazi Hipodromu-3,2026-08-28,3,Bursa Osmangazi Hipodromu,1800.0,ÇAPGUR,MAHMUT TURAN,İZZET TURAN,55.5,4,0.0,50.0,50.0,50.0,50.0,82.0,5.88,0,52.0
2026-08-28-Bursa Osmangazi Hipodromu-4,2026-08-28,4,Bursa Osmangazi Hipodromu,2100.0,ASLAN SAİM,ALİCAN İNCİ,BERK GÖRMEZ,58.0,2,0.0,50.0,50.0,50.0,50.0,92.0,55.37,0,51.0
2026-08-28-Bursa Osmangazi Hipodromu-4,2026-08-28,4,Bursa Osmangazi Hipodromu,2100.0,CALIFORNIA FIRE,NEVZAT AVCİ,MİNE ER,52.0,3,0.0,50.0,50.0,50.0,50.0,68.0,21.14,0,35.0
2026-08-28-Bursa Osmangazi Hipodromu-4,2026-08-28,4,Bursa Osmangazi Hipodromu,2100.0,FLOWING FLOOD,EREN KADİRLER,KAZIM ŞENGEL,51.0,5,0.0,50.0,50.0,50.0,50.0,64.0,1.51,0,37.0
2026-08-28-Bursa Osmangazi Hipodromu-4,2026-08-28,4,Bursa Osmangazi Hipodromu,2100.0,LAKE EAGLE,CEM ALTUN,FERDİ KIRAN,53.5,1,0.0,50.0,50.0,50.0,50.0,74.0,18.46,0,42.0
2026-08-28-Bursa Osmangazi Hipodromu-4,2026-08-28,4,Bursa Osmangazi Hipodromu,2100.0,ŞEKERKIZ,SERCAN TIRPAN,FERDİ KIRAN,52.0,4,0.0,50.0,50.0,50.0,50.0,68.0,2.86,0,37.0
2026-08-28-Bursa Osmangazi Hipodromu-5,2026-08-28,5,Bursa Osmangazi Hipodromu,1300.0,BİÇERGİLLER,EREN KADİRLER,YASİN TAŞKIN,58.5,12,0.0,50.0,50.0,50.0,50.0,94.0,27.3,0,65.0
2026-08-28-Bursa Osmangazi Hipodromu-5,2026-08-28,5,Bursa Osmangazi Hipodromu,1300.0,DESTE KIZIM,YİĞİTCAN GÖKÇE,MERT DEMİRTAŞ,58.0,5,0.0,50.0,50.0,50.0,50.0,92.0,2.35,0,62.0
2026-08-28-Bursa Osmangazi Hipodromu-5,2026-08-28,5,Bursa Osmangazi Hipodromu,1300.0,DILDA,CEMAL PASO,ABDULLAH TEMİZER,53.5,11,0.0,50.0,50.0,50.0,50.0,74.0,17.13,0,49.0
2026-08-28-Bursa Osmangazi Hipodromu-5,2026-08-28,5,Bursa Osmangazi Hipodromu,1300.0,ECEMSU,DOĞUKAN KONUK,YUSUF CAN KARATOPRAK,52.0,13,0.0,50.0,50.0,50.0,50.0,68.0,0.47,0,34.0
2026-08-28-Bursa Osmangazi Hipodromu-5,2026-08-28,5,Bursa Osmangazi Hipodromu,1300.0,ERVANUR,HÜSEYİN TURAN,KAZIM ŞENGEL,59.5,14,0.0,50.0,50.0,50.0,50.0,98.0,2.41,0,67.0
2026-08-28-Bursa Osmangazi Hipodromu-5,2026-08-28,5,Bursa Osmangazi Hipodromu,1300.0,GÜLÜMSE BİRAZ,RÜZGAR YILDIZ,YUSUF KAYA,51.0,3,0.0,50.0,50.0,50.0,50.0,64.0,3.7,0,48.0
2026-08-28-Bursa Osmangazi Hipodromu-5,2026-08-28,5,Bursa Osmangazi Hipodromu,1300.0,GÜZELNİSA,İSMAİL GÜN,YUSUF KAYA,54.5,9,0.0,50.0,50.0,50.0,50.0,78.0,0.76,0,57.0
2026-08-28-Bursa Osmangazi Hipodromu-5,2026-08-28,5,Bursa Osmangazi Hipodromu,1300.0,HÜMA YAPRAK,DENİZ BUDAK,TUNCAY ATEŞ,52.0,10,0.0,50.0,50.0,50.0,50.0,68.0,0.53,0,28.0
2026-08-28-Bursa Osmangazi Hipodromu-5,2026-08-28,5,Bursa Osmangazi Hipodromu,1300.0,LİNAM,ONUR ATMACA,EMİNE KAYA,52.0,6,0.0,50.0,50.0,50.0,50.0,68.0,3.13,0,38.0
2026-08-28-Bursa Osmangazi Hipodromu-5,2026-08-28,5,Bursa Osmangazi Hipodromu,1300.0,MADEN DAĞI,KÜRŞAT YILMAZ,ENGİN ALTIN,61.0,7,0.0,50.0,50.0,50.0,50.0,96.0,5.85,0,68.0
2026-08-28-Bursa Osmangazi Hipodromu-5,2026-08-28,5,Bursa Osmangazi Hipodromu,1300.0,SOĞUKDAĞ,ENES ATLAMAZ,MUHAMMED ALİ TURAN,58.0,4,0.0,50.0,50.0,50.0,50.0,92.0,11.07,0,66.0
2026-08-28-Bursa Osmangazi Hipodromu-5,2026-08-28,5,Bursa Osmangazi Hipodromu,1300.0,SULTANBEŞİR,KADİR TOKAÇOĞLU,YUSUF KAYA,54.5,8,0.0,50.0,50.0,50.0,50.0,78.0,7.13,0,51.0
2026-08-28-Bursa Osmangazi Hipodromu-5,2026-08-28,5,Bursa Osmangazi Hipodromu,1300.0,TAŞPINAR,RECEP KETME,MEHMET DEMİROL,52.5,2,0.0,50.0,50.0,50.0,50.0,70.0,8.32,0,51.0
2026-08-28-Bursa Osmangazi Hipodromu-5,2026-08-28,5,Bursa Osmangazi Hipodromu,1300.0,YEŞİLKAYA,NEVZAT AVCİ,MERT DEMİRTAŞ,61.0,1,0.0,50.0,50.0,50.0,50.0,96.0,9.85,0,66.0
2026-08-28-Bursa Osmangazi Hipodromu-6,2026-08-28,6,Bursa Osmangazi Hipodromu,1700.0,ALSAKİB,MAHMUT TURAN,ULAŞ GÖKÇE,61.0,9,0.0,50.0,50.0,50.0,50.0,96.0,20.61,0,59.0
2026-08-28-Bursa Osmangazi Hipodromu-6,2026-08-28,6,Bursa Osmangazi Hipodromu,1700.0,EMSALLİ ER,ENES ATLAMAZ,YUSUF CAN KARATOPRAK,52.0,8,0.0,50.0,50.0,50.0,50.0,68.0,2.47,0,35.0
2026-08-28-Bursa Osmangazi Hipodromu-6,2026-08-28,6,Bursa Osmangazi Hipodromu,1700.0,GÜLEYCANOĞLU,MUHAMMED MİR BİLGİN,MURAT ALTIN,54.0,2,0.0,50.0,50.0,50.0,50.0,76.0,37.46,0,45.0
2026-08-28-Bursa Osmangazi Hipodromu-6,2026-08-28,6,Bursa Osmangazi Hipodromu,1700.0,HANENKIZ,EREN KADİRLER,KAZIM ŞENGEL,52.0,13,0.0,50.0,50.0,50.0,50.0,68.0,0.59,0,32.0
2026-08-28-Bursa Osmangazi Hipodromu-6,2026-08-28,6,Bursa Osmangazi Hipodromu,1700.0,HAYALİNOĞLU,ONUR YILDIZ,SALİH BAYDAN,60.0,5,0.0,50.0,50.0,50.0,50.0,100.0,2.45,0,53.0
2026-08-28-Bursa Osmangazi Hipodromu-6,2026-08-28,6,Bursa Osmangazi Hipodromu,1700.0,KAYAŞAH,YİĞİTCAN GÖKÇE,ŞEVVAL ŞİMAL DEMİR,52.0,3,0.0,50.0,50.0,50.0,50.0,68.0,7.34,0,40.0
2026-08-28-Bursa Osmangazi Hipodromu-6,2026-08-28,6,Bursa Osmangazi Hipodromu,1700.0,KISAKÜREK,NEVZAT AVCİ,MEHMET KARACA,53.5,4,0.0,50.0,50.0,50.0,50.0,74.0,8.39,0,40.0
2026-08-28-Bursa Osmangazi Hipodromu-6,2026-08-28,6,Bursa Osmangazi Hipodromu,1700.0,NURBANU SULTAN,CEM ALTUN,ŞEVVAL ŞİMAL DEMİR,53.0,12,0.0,50.0,50.0,50.0,50.0,72.0,1.14,0,39.0
2026-08-28-Bursa Osmangazi Hipodromu-6,2026-08-28,6,Bursa Osmangazi Hipodromu,1700.0,TATLIÇAĞ,RÜZGAR YILDIZ,SERHAT ÖNDER,51.5,6,0.0,50.0,50.0,50.0,50.0,66.0,1.24,0,36.0
2026-08-28-Bursa Osmangazi Hipodromu-6,2026-08-28,6,Bursa Osmangazi Hipodromu,1700.0,YILDIZ SULTAN,AHMET EFEKAN ELMAS,SERHAT ÖNDER,52.0,10,0.0,50.0,50.0,50.0,50.0,68.0,0.38,0,29.0
2026-08-28-Bursa Osmangazi Hipodromu-6,2026-08-28,6,Bursa Osmangazi Hipodromu,1700.0,ÇUKUROVA EFESİ,CEMAL PASO,YUSUF AKBULUT,52.0,1,0.0,50.0,50.0,50.0,50.0,68.0,9.01,0,40.0
2026-08-28-Bursa Osmangazi Hipodromu-6,2026-08-28,6,Bursa Osmangazi Hipodromu,1700.0,ÇÖL KRALİÇESİ,RECEP KETME,HIDIR DURMUŞ,52.0,11,0.0,50.0,50.0,50.0,50.0,68.0,2.1,0,31.0
2026-08-28-Bursa Osmangazi Hipodromu-6,2026-08-28,6,Bursa Osmangazi Hipodromu,1700.0,İKİGAİ,EFE AKPINAR,MELEK ÖZGÜL,60.0,7,0.0,50.0,50.0,50.0,50.0,100.0,4.2,0,59.0
2026-08-28-Bursa Osmangazi Hipodromu-7,2026-08-28,7,Bursa Osmangazi Hipodromu,2000.0,BERNAHANIM,ONUR ATMACA,NİHAT KAYA,54.0,8,0.0,50.0,50.0,50.0,50.0,76.0,0.0,0,34.0
2026-08-28-Bursa Osmangazi Hipodromu-7,2026-08-28,7,Bursa Osmangazi Hipodromu,2000.0,DEMRENİN KIZI,NEVZAT AVCİ,YUSUF AKBULUT,55.0,1,0.0,50.0,50.0,50.0,50.0,80.0,0.0,0,71.0
2026-08-28-Bursa Osmangazi Hipodromu-7,2026-08-28,7,Bursa Osmangazi Hipodromu,2000.0,DEMİR SULTAN,CEM ALTUN,AHMET ÖCAL,54.0,9,0.0,50.0,50.0,50.0,50.0,76.0,0.0,0,35.0
2026-08-28-Bursa Osmangazi Hipodromu-7,2026-08-28,7,Bursa Osmangazi Hipodromu,2000.0,DENİZ TUTKUSU,MUHAMMED MİR BİLGİN,ENES KARACA,55.0,6,0.0,50.0,50.0,50.0,50.0,80.0,0.0,0,41.0
2026-08-28-Bursa Osmangazi Hipodromu-7,2026-08-28,7,Bursa Osmangazi Hipodromu,2000.0,DİSTİLE,MUSTAFA ÇİÇEK,MERT DEMİRTAŞ,55.0,3,0.0,50.0,50.0,50.0,50.0,80.0,0.0,0,58.0
2026-08-28-Bursa Osmangazi Hipodromu-7,2026-08-28,7,Bursa Osmangazi Hipodromu,2000.0,MAHÇİÇEK,NURETTİN ŞEN,RÜSTEM ALİ TEKELİ,58.0,4,0.0,50.0,50.0,50.0,50.0,92.0,0.0,0,44.0
2026-08-28-Bursa Osmangazi Hipodromu-7,2026-08-28,7,Bursa Osmangazi Hipodromu,2000.0,PRENSES SEDA,TOLGA YILDIZ,SERHAT ÖNDER,55.0,7,0.0,50.0,50.0,50.0,50.0,80.0,0.0,0,40.0
2026-08-28-Bursa Osmangazi Hipodromu-7,2026-08-28,7,Bursa Osmangazi Hipodromu,2000.0,SİYAH KUŞ,SALİH ÇELİK,MÜLAYİM ANAT,58.0,2,0.0,50.0,50.0,50.0,50.0,92.0,0.0,0,65.0
2026-08-28-Bursa Osmangazi Hipodromu-7,2026-08-28,7,Bursa Osmangazi Hipodromu,2000.0,ZİNAMIN,EREN KADİRLER,KAZIM ŞENGEL,54.0,5,0.0,50.0,50.0,50.0,50.0,76.0,0.0,0,55.0
2026-08-28-Bursa Osmangazi Hipodromu-8,2026-08-28,8,Bursa Osmangazi Hipodromu,1200.0,BALABAN SÜMBÜLÜ,RECEP KETME,MELEK ÖZGÜL,53.0,6,0.0,50.0,50.0,50.0,50.0,72.0,0.0,0,37.0
2026-08-28-Bursa Osmangazi Hipodromu-8,2026-08-28,8,Bursa Osmangazi Hipodromu,1200.0,DRAGON HERO,MUSTAFA ÇİÇEK,AHMET MANTAŞ,54.0,2,0.0,50.0,50.0,50.0,50.0,76.0,0.0,0,71.0
2026-08-28-Bursa Osmangazi Hipodromu-8,2026-08-28,8,Bursa Osmangazi Hipodromu,1200.0,HAS SERÇE,MUHAMMED MİR BİLGİN,HALİL ERSİN UYSAL,54.0,3,0.0,50.0,50.0,50.0,50.0,76.0,0.0,0,79.0
2026-08-28-Bursa Osmangazi Hipodromu-8,2026-08-28,8,Bursa Osmangazi Hipodromu,1200.0,KING FERİT,TOLGA YILDIZ,SERHAT YARDIMCI,60.0,7,0.0,50.0,50.0,50.0,50.0,100.0,0.0,0,75.0
2026-08-28-Bursa Osmangazi Hipodromu-8,2026-08-28,8,Bursa Osmangazi Hipodromu,1200.0,RAYMOND BABBITT,NEVZAT AVCİ,SERDAR SEREN GÖRGÜ,54.0,1,0.0,50.0,50.0,50.0,50.0,76.0,0.0,0,46.0
2026-08-28-Bursa Osmangazi Hipodromu-8,2026-08-28,8,Bursa Osmangazi Hipodromu,1200.0,RED SMOKE,ALİ MEHDİ ALTIN,HASAN DOLMAZ,56.0,4,0.0,50.0,50.0,50.0,50.0,84.0,0.0,0,59.0
2026-08-28-Bursa Osmangazi Hipodromu-8,2026-08-28,8,Bursa Osmangazi Hipodromu,1200.0,ROYAL TOUCH,EFE AKPINAR,SERGEN GÖKÇE,56.0,5,0.0,50.0,50.0,50.0,50.0,84.0,0.0,0,68.0
2026-08-28-Bursa Osmangazi Hipodromu-9,2026-08-28,9,Bursa Osmangazi Hipodromu,1400.0,BARBAR BARLO,MUSTAFA ÇİÇEK,KAZIM ŞENGEL,57.0,3,0.0,50.0,50.0,50.0,50.0,88.0,0.0,0,0.0
2026-08-28-Bursa Osmangazi Hipodromu-9,2026-08-28,9,Bursa Osmangazi Hipodromu,1400.0,DERNIERE STAR,ONUR YILDIZ,SALİH BAYDAN,57.0,6,0.0,50.0,50.0,50.0,50.0,88.0,0.0,0,27.0
2026-08-28-Bursa Osmangazi Hipodromu-9,2026-08-28,9,Bursa Osmangazi Hipodromu,1400.0,GRAY CONQUEROR,MUHAMMED MİR BİLGİN,REŞAT KILIÇ,57.0,8,0.0,50.0,50.0,50.0,50.0,88.0,0.0,0,33.0
2026-08-28-Bursa Osmangazi Hipodromu-9,2026-08-28,9,Bursa Osmangazi Hipodromu,1400.0,KRAL ALİÇO,ALİ MEHDİ ALTIN,RAMAZAN COŞKUN,57.0,1,0.0,50.0,50.0,50.0,50.0,88.0,0.0,0,25.0
2026-08-28-Bursa Osmangazi Hipodromu-9,2026-08-28,9,Bursa Osmangazi Hipodromu,1400.0,SELLY SU,CEM ALTUN,AHMET MANTAŞ,55.0,4,0.0,50.0,50.0,50.0,50.0,80.0,0.0,0,0.0
2026-08-28-Bursa Osmangazi Hipodromu-9,2026-08-28,9,Bursa Osmangazi Hipodromu,1400.0,SHADOW GENIUS,EREN KADİRLER,RAMAZAN COŞKUN,54.0,5,0.0,50.0,50.0,50.0,50.0,76.0,0.0,0,0.0
2026-08-28-Bursa Osmangazi Hipodromu-9,2026-08-28,9,Bursa Osmangazi Hipodromu,1400.0,SILA ALEYNA,TOLGA YILDIZ,TUNCAY ATEŞ,55.0,2,0.0,50.0,50.0,50.0,50.0,80.0,0.0,0,0.0
2026-08-28-Bursa Osmangazi Hipodromu-9,2026-08-28,9,Bursa Osmangazi Hipodromu,1400.0,SOME JEWEL,MERTCAN ÇELİK,BİLAL ŞİMŞEK,55.0,7,0.0,50.0,50.0,50.0,50.0,80.0,0.0,0,0.0
2026-08-28-Bursa Osmangazi Hipodromu-10,2026-08-28,10,Bursa Osmangazi Hipodromu,1400.0,ADALOF,SERCAN TIRPAN,ULAŞ GÖKÇE,52.0,8,0.0,50.0,50.0,50.0,50.0,68.0,0.0,0,32.0
2026-08-28-Bursa Osmangazi Hipodromu-10,2026-08-28,10,Bursa Osmangazi Hipodromu,1400.0,AYCASA,ENES ATLAMAZ,AHMET MANTAŞ,53.0,11,0.0,50.0,50.0,50.0,50.0,72.0,0.0,0,42.0
2026-08-28-Bursa Osmangazi Hipodromu-10,2026-08-28,10,Bursa Osmangazi Hipodromu,1400.0,AZUŞUN KIZI,DENİZ BUDAK,YUSUF AKBULUT,52.0,13,0.0,50.0,50.0,50.0,50.0,68.0,0.0,0,24.0
2026-08-28-Bursa Osmangazi Hipodromu-10,2026-08-28,10,Bursa Osmangazi Hipodromu,1400.0,BERİVANCAN,AHMET EFEKAN ELMAS,KIVANÇ KINAY,52.0,2,0.0,50.0,50.0,50.0,50.0,68.0,0.0,0,34.0
2026-08-28-Bursa Osmangazi Hipodromu-10,2026-08-28,10,Bursa Osmangazi Hipodromu,1400.0,DEVAŞA,CEMAL PASO,TUNCAY ATEŞ,52.0,16,0.0,50.0,50.0,50.0,50.0,68.0,0.0,0,39.0
2026-08-28-Bursa Osmangazi Hipodromu-10,2026-08-28,10,Bursa Osmangazi Hipodromu,1400.0,ERSELEFE,YİĞİTCAN GÖKÇE,ENGİN ALTIN,56.0,5,0.0,50.0,50.0,50.0,50.0,84.0,0.0,0,51.0
2026-08-28-Bursa Osmangazi Hipodromu-10,2026-08-28,10,Bursa Osmangazi Hipodromu,1400.0,GÜMBÜR ŞAH,MUHAMMED MİR BİLGİN,AHMET MANTAŞ,58.5,3,0.0,50.0,50.0,50.0,50.0,94.0,0.0,0,52.0
2026-08-28-Bursa Osmangazi Hipodromu-10,2026-08-28,10,Bursa Osmangazi Hipodromu,1400.0,HEYBETLİ,ONUR ATMACA,TUNCAY ATEŞ,53.0,6,0.0,50.0,50.0,50.0,50.0,72.0,0.0,0,41.0
2026-08-28-Bursa Osmangazi Hipodromu-10,2026-08-28,10,Bursa Osmangazi Hipodromu,1400.0,HÜMA ANA,EREN KADİRLER,EKREM TURAN,55.0,12,0.0,50.0,50.0,50.0,50.0,80.0,0.0,0,49.0
2026-08-28-Bursa Osmangazi Hipodromu-10,2026-08-28,10,Bursa Osmangazi Hipodromu,1400.0,KING GÖKÇE,GÖKHAN GÖKÇE,SEYİT GÖKÇE,59.0,15,0.0,50.0,50.0,50.0,50.0,96.0,0.0,0,53.0
2026-08-28-Bursa Osmangazi Hipodromu-10,2026-08-28,10,Bursa Osmangazi Hipodromu,1400.0,KOPUK UÇURTMA,EFE AKPINAR,YASİN TAŞKIN,58.5,7,0.0,50.0,50.0,50.0,50.0,94.0,0.0,0,58.0
2026-08-28-Bursa Osmangazi Hipodromu-10,2026-08-28,10,Bursa Osmangazi Hipodromu,1400.0,KURUŞUN GÜCÜ,NEVZAT AVCİ,HÜSEYİN KARABULUT,54.0,4,0.0,50.0,50.0,50.0,50.0,76.0,0.0,0,43.0
2026-08-28-Bursa Osmangazi Hipodromu-10,2026-08-28,10,Bursa Osmangazi Hipodromu,1400.0,KÜÇÜKAHSEN,DOĞUKAN KONUK,YUSUF CAN KARATOPRAK,52.0,14,0.0,50.0,50.0,50.0,50.0,68.0,0.0,0,32.0
2026-08-28-Bursa Osmangazi Hipodromu-10,2026-08-28,10,Bursa Osmangazi Hipodromu,1400.0,MANGA PARBAT,MAHMUT TURAN,ABDULLAH TEMİZER,52.0,9,0.0,50.0,50.0,50.0,50.0,68.0,0.0,0,39.0
2026-08-28-Bursa Osmangazi Hipodromu-10,2026-08-28,10,Bursa Osmangazi Hipodromu,1400.0,TATARUŞAĞI,RECEP KETME,ENGİN ALTIN,59.5,1,0.0,50.0,50.0,50.0,50.0,98.0,0.0,0,58.0
2026-08-28-Bursa Osmangazi Hipodromu-10,2026-08-28,10,Bursa Osmangazi Hipodromu,1400.0,ÖN BİRLİK,RÜZGAR YILDIZ,KADİR TURAN,52.5,10,0.0,50.0,50.0,50.0,50.0,70.0,0.0,0,40.0
2026-08-29-Ankara 75. Yıl Hipodromu-1,2026-08-29,1,Ankara 75. Yıl Hipodromu,1500.0,ATAERİ,FESİH ÇETİNBAŞ,CASIM KATI,57.0,2,0.0,50.0,50.0,50.0,50.0,88.0,2.51,0,22.0
2026-08-29-Ankara 75. Yıl Hipodromu-1,2026-08-29,1,Ankara 75. Yıl Hipodromu,1500.0,ATLAS HAN,ERAY ÇİZİK,CASIM KATI,57.0,4,0.0,50.0,50.0,50.0,50.0,88.0,6.96,0,0.0
2026-08-29-Ankara 75. Yıl Hipodromu-1,2026-08-29,1,Ankara 75. Yıl Hipodromu,1500.0,BAHAR ATEŞİ,MEHMET KESKİN,ERGÜN ÇETİNKURT,55.0,7,0.0,50.0,50.0,50.0,50.0,80.0,1.14,0,0.0
2026-08-29-Ankara 75. Yıl Hipodromu-1,2026-08-29,1,Ankara 75. Yıl Hipodromu,1500.0,FERATUN,FATİH SULTAN MEHMET SANSAR,MEHMET ALİ CANPOLATLI,55.0,5,0.0,50.0,50.0,50.0,50.0,80.0,7.07,0,22.0
2026-08-29-Ankara 75. Yıl Hipodromu-1,2026-08-29,1,Ankara 75. Yıl Hipodromu,1500.0,GÜNŞİRAY,SALİH ÇELİK,SEVGİ BEKTAŞ,55.0,3,0.0,50.0,50.0,50.0,50.0,80.0,2.62,0,27.0
2026-08-29-Ankara 75. Yıl Hipodromu-1,2026-08-29,1,Ankara 75. Yıl Hipodromu,1500.0,HERKÜLBEY,ÖZCAN YILDIRIM,ÜMİT ARSLAN,57.0,1,0.0,50.0,50.0,50.0,50.0,88.0,76.19,0,31.0
2026-08-29-Ankara 75. Yıl Hipodromu-1,2026-08-29,1,Ankara 75. Yıl Hipodromu,1500.0,KARASERHAN,ENES ATLAMAZ,AYKUT AYDIN,53.0,6,0.0,50.0,50.0,50.0,50.0,72.0,2.06,0,0.0
2026-08-29-Ankara 75. Yıl Hipodromu-1,2026-08-29,1,Ankara 75. Yıl Hipodromu,1500.0,KIZIM SAFİR,MEHMET NURİ SUNKAR,ÜMİT ARSLAN,55.0,8,0.0,50.0,50.0,50.0,50.0,80.0,1.43,0,0.0
2026-08-29-Ankara 75. Yıl Hipodromu-2,2026-08-29,2,Ankara 75. Yıl Hipodromu,1300.0,AKIN BEYLİ,MERT ALİ SOLMAZ,CUMALİ KARATAŞ,52.0,5,0.0,50.0,50.0,50.0,50.0,68.0,1.23,0,42.0
2026-08-29-Ankara 75. Yıl Hipodromu-2,2026-08-29,2,Ankara 75. Yıl Hipodromu,1300.0,CALL ME FREE,MÜCAHİT BAYIR,SATILMIŞ GÖKDEMİR,50.0,2,0.0,50.0,50.0,50.0,50.0,60.0,13.63,0,43.0
2026-08-29-Ankara 75. Yıl Hipodromu-2,2026-08-29,2,Ankara 75. Yıl Hipodromu,1300.0,EL REY ESCORPİON,FESİH ÇETİNBAŞ,MÜSLÜM DOLAK,53.0,8,0.0,50.0,50.0,50.0,50.0,72.0,0.76,0,49.0
2026-08-29-Ankara 75. Yıl Hipodromu-2,2026-08-29,2,Ankara 75. Yıl Hipodromu,1300.0,MAXIMUS MAN,SERHAT ÇELİK,CELAL BURAK SERİNER,58.5,3,0.0,50.0,50.0,50.0,50.0,94.0,4.4,0,66.0
2026-08-29-Ankara 75. Yıl Hipodromu-2,2026-08-29,2,Ankara 75. Yıl Hipodromu,1300.0,NEJDET BAŞKAN,GÖKHAN KOCAKAYA,YASİN POLAT,58.0,4,0.0,50.0,50.0,50.0,50.0,92.0,14.95,0,59.0
2026-08-29-Ankara 75. Yıl Hipodromu-2,2026-08-29,2,Ankara 75. Yıl Hipodromu,1300.0,NINE TREES,MEHMET TAHA COŞKUN,YUSUF UÇAR,57.5,7,0.0,50.0,50.0,50.0,50.0,90.0,9.54,0,64.0
2026-08-29-Ankara 75. Yıl Hipodromu-2,2026-08-29,2,Ankara 75. Yıl Hipodromu,1300.0,NOBLE STORM,ERCAN ÇANKAYA,KENAN KORKMAZ,55.0,6,0.0,50.0,50.0,50.0,50.0,80.0,9.78,0,53.0
2026-08-29-Ankara 75. Yıl Hipodromu-2,2026-08-29,2,Ankara 75. Yıl Hipodromu,1300.0,SPEEDTAIL,ENES ATLAMAZ,MÜSLÜM DOLAK,57.0,9,0.0,50.0,50.0,50.0,50.0,88.0,1.92,0,63.0
2026-08-29-Ankara 75. Yıl Hipodromu-2,2026-08-29,2,Ankara 75. Yıl Hipodromu,1300.0,WOLF ŞAHİN,ÖZCAN YILDIRIM,İLKER KÖROĞLU,56.0,1,0.0,50.0,50.0,50.0,50.0,84.0,43.79,0,55.0
2026-08-29-Ankara 75. Yıl Hipodromu-3,2026-08-29,3,Ankara 75. Yıl Hipodromu,2100.0,AFTER YOU,MEHMET TAHA COŞKUN,KADİR TEKİNALP,60.0,5,0.0,50.0,50.0,50.0,50.0,100.0,3.74,0,74.0
2026-08-29-Ankara 75. Yıl Hipodromu-3,2026-08-29,3,Ankara 75. Yıl Hipodromu,2100.0,EL VERDUGO,MERT UYAR,SERHAT POLAT,56.0,7,10.0,0.0,50.0,50.0,0.0,84.0,4.7,1,66.0
2026-08-29-Ankara 75. Yıl Hipodromu-3,2026-08-29,3,Ankara 75. Yıl Hipodromu,2100.0,GECENİN ATEŞİ,ÖZCAN YILDIRIM,ÖMER FARUK TAN,58.5,4,55.0,46.0,50.0,50.0,46.0,94.0,20.14,1,65.0
2026-08-29-Ankara 75. Yıl Hipodromu-3,2026-08-29,3,Ankara 75. Yıl Hipodromu,2100.0,HAWORTH,AHMET ÇELİK,ZÜLKÜF YILMAZ,60.5,1,0.0,50.0,50.0,50.0,50.0,98.0,20.21,0,69.0
2026-08-29-Ankara 75. Yıl Hipodromu-3,2026-08-29,3,Ankara 75. Yıl Hipodromu,2100.0,LORD VİDAR,ERAY ÇİZİK,MEHMET DEMİROL,52.0,2,0.0,50.0,50.0,50.0,50.0,68.0,22.6,0,55.0
2026-08-29-Ankara 75. Yıl Hipodromu-3,2026-08-29,3,Ankara 75. Yıl Hipodromu,2100.0,MAKE FUN OF,FATİH SULTAN MEHMET SANSAR,HALİL KABUKCI,52.0,6,0.0,50.0,50.0,50.0,50.0,68.0,15.65,0,51.0
2026-08-29-Ankara 75. Yıl Hipodromu-3,2026-08-29,3,Ankara 75. Yıl Hipodromu,2100.0,RICO PASHA,YASİN ŞEREF GÜMÜŞ,YUSUF UÇAR,60.0,3,0.0,50.0,50.0,50.0,50.0,100.0,6.2,0,74.0
2026-08-29-Ankara 75. Yıl Hipodromu-3,2026-08-29,3,Ankara 75. Yıl Hipodromu,2100.0,WE ARE THE BEST,MEHMET AKYAVUZ,HASAN YILDIRIM,59.0,8,0.0,50.0,50.0,50.0,50.0,96.0,6.77,0,66.0
2026-08-29-Ankara 75. Yıl Hipodromu-4,2026-08-29,4,Ankara 75. Yıl Hipodromu,1500.0,ABADBEY,ERAY ÇİZİK,İLKER KÖROĞLU,57.0,5,0.0,50.0,50.0,50.0,50.0,88.0,18.98,0,25.0
2026-08-29-Ankara 75. Yıl Hipodromu-4,2026-08-29,4,Ankara 75. Yıl Hipodromu,1500.0,DOĞANIN ASLANI,SALİH ÇELİK,RACİ ATLI,57.0,3,0.0,50.0,50.0,50.0,50.0,88.0,25.44,0,31.0
2026-08-29-Ankara 75. Yıl Hipodromu-4,2026-08-29,4,Ankara 75. Yıl Hipodromu,1500.0,GÜZEL DEFNE,FESİH ÇETİNBAŞ,MEHMET ŞEFİK KILINÇ,57.0,4,0.0,50.0,50.0,50.0,50.0,88.0,10.01,0,26.0
2026-08-29-Ankara 75. Yıl Hipodromu-4,2026-08-29,4,Ankara 75. Yıl Hipodromu,1500.0,KIZIL ARYA,FATİH SULTAN MEHMET SANSAR,ÖMER FARUK ERTUĞRUL,55.0,1,0.0,50.0,50.0,50.0,50.0,80.0,1.89,0,10.0
2026-08-29-Ankara 75. Yıl Hipodromu-4,2026-08-29,4,Ankara 75. Yıl Hipodromu,1500.0,KIZILKULE,MEHMET TAHA COŞKUN,RAMAZAN KAYA,59.0,6,0.0,50.0,50.0,50.0,50.0,96.0,15.04,0,34.0
2026-08-29-Ankara 75. Yıl Hipodromu-4,2026-08-29,4,Ankara 75. Yıl Hipodromu,1500.0,MADAM DAISY,ENES ATLAMAZ,YUSUF CAN KARATOPRAK,52.0,2,0.0,50.0,50.0,50.0,50.0,68.0,19.71,0,33.0
2026-08-29-Ankara 75. Yıl Hipodromu-4,2026-08-29,4,Ankara 75. Yıl Hipodromu,1500.0,ÇİRKİN VE GÜZEL,SERHAT ÇELİK,RAMAZAN KAYA,55.0,7,0.0,50.0,50.0,50.0,50.0,80.0,7.35,0,30.0
2026-08-29-Ankara 75. Yıl Hipodromu-5,2026-08-29,5,Ankara 75. Yıl Hipodromu,1600.0,ASİL MİR,FATİH SULTAN MEHMET SANSAR,MEHMET ALİ CANPOLATLI,60.5,8,0.0,50.0,50.0,50.0,50.0,98.0,3.58,0,83.0
2026-08-29-Ankara 75. Yıl Hipodromu-5,2026-08-29,5,Ankara 75. Yıl Hipodromu,1600.0,BERAY SULTAN,SALİH ÇELİK,MEHMET DEMİROL,56.5,5,0.0,50.0,50.0,50.0,50.0,86.0,9.05,0,79.0
2026-08-29-Ankara 75. Yıl Hipodromu-5,2026-08-29,5,Ankara 75. Yıl Hipodromu,1600.0,DENİZ KASIRGASI,AYHAN KURŞUN,SERVET DOĞAN,59.0,1,0.0,50.0,50.0,50.0,50.0,96.0,37.52,0,84.0
2026-08-29-Ankara 75. Yıl Hipodromu-5,2026-08-29,5,Ankara 75. Yıl Hipodromu,1600.0,ESİNİN KIZI,MEHMET SALİH ÇELİK,MÜSLÜM DOLAK,59.0,7,0.0,50.0,50.0,50.0,50.0,96.0,4.58,0,80.0
2026-08-29-Ankara 75. Yıl Hipodromu-5,2026-08-29,5,Ankara 75. Yıl Hipodromu,1600.0,FERMANDER,ERCAN ÇANKAYA,MİTHAT KATI,59.0,6,0.0,50.0,50.0,50.0,50.0,96.0,3.37,0,80.0
2026-08-29-Ankara 75. Yıl Hipodromu-5,2026-08-29,5,Ankara 75. Yıl Hipodromu,1600.0,HOPDEDİK,MEHMET AKYAVUZ,ŞEFİK AYDEMİR,55.5,2,0.0,50.0,50.0,50.0,50.0,82.0,19.06,0,77.0
2026-08-29-Ankara 75. Yıl Hipodromu-5,2026-08-29,5,Ankara 75. Yıl Hipodromu,1600.0,KASIRGA BEY,MERT ALİ SOLMAZ,SEİT KAN,52.0,4,0.0,50.0,50.0,50.0,50.0,68.0,6.49,0,64.0
2026-08-29-Ankara 75. Yıl Hipodromu-5,2026-08-29,5,Ankara 75. Yıl Hipodromu,1600.0,KEŞHANLI,SERHAT ÇELİK,HASAN YILDIRIM,52.0,3,0.0,50.0,50.0,50.0,50.0,68.0,7.76,0,76.0
2026-08-29-Ankara 75. Yıl Hipodromu-5,2026-08-29,5,Ankara 75. Yıl Hipodromu,1600.0,PENÇSİR,ERAY ÇİZİK,RANA SUNA,53.0,9,0.0,50.0,50.0,50.0,50.0,72.0,8.15,0,72.0
2026-08-29-Ankara 75. Yıl Hipodromu-6,2026-08-29,6,Ankara 75. Yıl Hipodromu,1500.0,ATAMANBEY,GÖKHAN KOCAKAYA,VEDAT YILDIRIM,58.0,4,0.0,50.0,50.0,50.0,50.0,92.0,12.55,0,89.0
2026-08-29-Ankara 75. Yıl Hipodromu-6,2026-08-29,6,Ankara 75. Yıl Hipodromu,1500.0,CEVAHİRKAN,MEHMET SALİH ÇELİK,MÜSLÜM DOLAK,58.0,5,0.0,50.0,50.0,50.0,50.0,92.0,11.19,0,92.0
2026-08-29-Ankara 75. Yıl Hipodromu-6,2026-08-29,6,Ankara 75. Yıl Hipodromu,1500.0,CEZZAR BEY,NİZAMETTİN DEMİR,KEMAL YILMAZ,58.0,8,0.0,50.0,50.0,50.0,50.0,92.0,0.71,0,66.0
2026-08-29-Ankara 75. Yıl Hipodromu-6,2026-08-29,6,Ankara 75. Yıl Hipodromu,1500.0,KESKİN KUŞ,SALİH ÇELİK,MEHMET ÇELİK,56.0,7,0.0,50.0,50.0,50.0,50.0,84.0,7.05,0,85.0
2026-08-29-Ankara 75. Yıl Hipodromu-6,2026-08-29,6,Ankara 75. Yıl Hipodromu,1500.0,KETHÜDA,ÖZCAN YILDIRIM,HİKMET TURAN,58.0,1,70.0,64.0,50.0,50.0,64.0,92.0,3.49,1,78.0
2026-08-29-Ankara 75. Yıl Hipodromu-6,2026-08-29,6,Ankara 75. Yıl Hipodromu,1500.0,NUSRET OĞLU,AHMET ÇELİK,MEHMET ALİ CANPOLATLI,58.0,2,85.0,82.0,50.0,82.0,82.0,92.0,12.0,1,91.0
2026-08-29-Ankara 75. Yıl Hipodromu-6,2026-08-29,6,Ankara 75. Yıl Hipodromu,1500.0,SAPANCA AĞASI,AYHAN KURŞUN,SEZEN GÜNAYDIN,58.0,11,0.0,50.0,50.0,50.0,50.0,92.0,1.68,0,71.0
2026-08-29-Ankara 75. Yıl Hipodromu-6,2026-08-29,6,Ankara 75. Yıl Hipodromu,1500.0,SERPENÇE,MERT ALİ SOLMAZ,SEZEN GÜNAYDIN,58.0,10,0.0,50.0,50.0,50.0,50.0,92.0,0.75,0,66.0
2026-08-29-Ankara 75. Yıl Hipodromu-6,2026-08-29,6,Ankara 75. Yıl Hipodromu,1500.0,SERT KALELİ,SELİM KAYA,EKREM TURAN,58.0,6,0.0,50.0,50.0,50.0,50.0,92.0,40.67,0,94.0
2026-08-29-Ankara 75. Yıl Hipodromu-6,2026-08-29,6,Ankara 75. Yıl Hipodromu,1500.0,TAHSİN SEFA,MEHMET AKYAVUZ,MUSTAFA KAYA,58.0,3,0.0,50.0,50.0,50.0,50.0,92.0,8.3,0,92.0
2026-08-29-Ankara 75. Yıl Hipodromu-6,2026-08-29,6,Ankara 75. Yıl Hipodromu,1500.0,TEYAR,ERAY ÇİZİK,ADEM GÜVEN,58.0,9,0.0,50.0,50.0,50.0,50.0,92.0,1.6,0,66.0
2026-08-29-Ankara 75. Yıl Hipodromu-7,2026-08-29,7,Ankara 75. Yıl Hipodromu,1200.0,ANATOLIAN HERO,MEHMET SALİH ÇELİK,İSMET TEKİNALP,57.0,1,0.0,50.0,50.0,50.0,50.0,88.0,0.0,0,59.0
2026-08-29-Ankara 75. Yıl Hipodromu-7,2026-08-29,7,Ankara 75. Yıl Hipodromu,1200.0,BEAUTIFUL LIGHT,MEHMET AKYAVUZ,İSMET AKKILIÇ,57.0,4,0.0,50.0,50.0,50.0,50.0,88.0,0.0,0,49.0
2026-08-29-Ankara 75. Yıl Hipodromu-7,2026-08-29,7,Ankara 75. Yıl Hipodromu,1200.0,ELSENORDELOSCIELOS,ERCAN ÇANKAYA,MÜSLÜM DOLAK,57.0,5,0.0,50.0,50.0,50.0,50.0,88.0,0.0,0,54.0
2026-08-29-Ankara 75. Yıl Hipodromu-7,2026-08-29,7,Ankara 75. Yıl Hipodromu,1200.0,TOM RAIDER,ÖZCAN YILDIRIM,SEİT KAN,57.0,2,55.0,46.0,46.0,46.0,46.0,88.0,0.0,1,62.0
2026-08-29-Ankara 75. Yıl Hipodromu-7,2026-08-29,7,Ankara 75. Yıl Hipodromu,1200.0,YURIBOYKA,AYHAN KURŞUN,ERTAN ACER,54.0,3,0.0,50.0,50.0,50.0,50.0,76.0,0.0,0,56.0
2026-08-29-Ankara 75. Yıl Hipodromu-8,2026-08-29,8,Ankara 75. Yıl Hipodromu,1400.0,KING DAVUT,MEHMET NURİ SUNKAR,MURAT ALAÇAM,56.0,5,0.0,50.0,50.0,50.0,50.0,84.0,0.0,0,92.0
2026-08-29-Ankara 75. Yıl Hipodromu-8,2026-08-29,8,Ankara 75. Yıl Hipodromu,1400.0,MAKUL,ERAY ÇİZİK,YÜCEL ŞİMŞEK,55.0,3,0.0,50.0,50.0,50.0,50.0,80.0,0.0,0,85.0
2026-08-29-Ankara 75. Yıl Hipodromu-8,2026-08-29,8,Ankara 75. Yıl Hipodromu,1400.0,SER VEYRON,ERCAN ÇANKAYA,RACİ ATLI,58.0,2,0.0,50.0,50.0,50.0,50.0,92.0,0.0,0,95.0
2026-08-29-Ankara 75. Yıl Hipodromu-8,2026-08-29,8,Ankara 75. Yıl Hipodromu,1400.0,THOMAS SHELBY,GÖKHAN KOCAKAYA,HÜSEYİN TEKİNALP,58.0,4,0.0,50.0,50.0,50.0,50.0,92.0,0.0,0,96.0
2026-08-29-Ankara 75. Yıl Hipodromu-8,2026-08-29,8,Ankara 75. Yıl Hipodromu,1400.0,TRAİDORA,FESİH ÇETİNBAŞ,MÜSLÜM DOLAK,53.5,1,0.0,50.0,50.0,50.0,50.0,74.0,0.0,0,73.0
2026-08-29-Ankara 75. Yıl Hipodromu-9,2026-08-29,9,Ankara 75. Yıl Hipodromu,1500.0,AKGÜL HANIM,SERHAT ÇELİK,RAMAZAN KAYA,53.0,8,0.0,50.0,50.0,50.0,50.0,72.0,0.0,0,30.0
2026-08-29-Ankara 75. Yıl Hipodromu-9,2026-08-29,9,Ankara 75. Yıl Hipodromu,1500.0,ATEŞİZİ,ERCAN ÇANKAYA,MÜSLÜM DOLAK,57.0,3,0.0,50.0,50.0,50.0,50.0,88.0,0.0,0,26.0
2026-08-29-Ankara 75. Yıl Hipodromu-9,2026-08-29,9,Ankara 75. Yıl Hipodromu,1500.0,KURT BAKIŞLI,GÖKHAN KOCAKAYA,SERHAT POLAT,57.0,2,0.0,50.0,50.0,50.0,50.0,88.0,0.0,0,0.0
2026-08-29-Ankara 75. Yıl Hipodromu-9,2026-08-29,9,Ankara 75. Yıl Hipodromu,1500.0,MAKBUŞ,NİZAMETTİN DEMİR,SEİT KAN,55.0,7,0.0,50.0,50.0,50.0,50.0,80.0,0.0,0,0.0
2026-08-29-Ankara 75. Yıl Hipodromu-9,2026-08-29,9,Ankara 75. Yıl Hipodromu,1500.0,MAVİ YAR,FESİH ÇETİNBAŞ,CASIM KATI,55.0,6,0.0,50.0,50.0,50.0,50.0,80.0,0.0,0,0.0
2026-08-29-Ankara 75. Yıl Hipodromu-9,2026-08-29,9,Ankara 75. Yıl Hipodromu,1500.0,OĞLUM VEFA,SALİH ÇELİK,ERGÜN ÇETİNKURT,59.0,1,0.0,50.0,50.0,50.0,50.0,96.0,0.0,0,33.0
2026-08-29-Ankara 75. Yıl Hipodromu-9,2026-08-29,9,Ankara 75. Yıl Hipodromu,1500.0,TORUN SADA,MEHMET TAHA COŞKUN,RAMAZAN KAYA,52.0,4,0.0,50.0,50.0,50.0,50.0,68.0,0.0,0,23.0
2026-08-29-Ankara 75. Yıl Hipodromu-9,2026-08-29,9,Ankara 75. Yıl Hipodromu,1500.0,ZAFER İZİ,BURHAN KILINÇ,İLKER KÖROĞLU,57.0,5,0.0,50.0,50.0,50.0,50.0,88.0,0.0,0,11.0
2026-08-29-Diyarbakır Hipodromu-1,2026-08-29,1,Diyarbakır Hipodromu,1200.0,GOLDEN SOUL,YUSUF CENGİZ,BAVER FAHRİOĞLU,57.0,5,0.0,50.0,50.0,50.0,50.0,88.0,2.94,0,35.0
2026-08-29-Diyarbakır Hipodromu-1,2026-08-29,1,Diyarbakır Hipodromu,1200.0,GÜLHA,FERİT YARDIMCI,ZEKERİYA AKDEMİR,57.0,3,0.0,50.0,50.0,50.0,50.0,88.0,33.0,0,75.0
2026-08-29-Diyarbakır Hipodromu-1,2026-08-29,1,Diyarbakır Hipodromu,1200.0,HENAIRE,EMRE AKKILIÇ,VELİ ÇİZİK,62.0,14,0.0,50.0,50.0,50.0,50.0,92.0,5.53,0,49.0
2026-08-29-Diyarbakır Hipodromu-1,2026-08-29,1,Diyarbakır Hipodromu,1200.0,HIGH SYMPHONY,SAMİ KAPLAN,MEHMET KAYA,56.0,8,0.0,50.0,50.0,50.0,50.0,84.0,1.37,0,40.0
2026-08-29-Diyarbakır Hipodromu-1,2026-08-29,1,Diyarbakır Hipodromu,1200.0,JOYNER RUNNER,YUNUS ÇELİKBAŞ,VELİ ÇİZİK,56.0,11,0.0,50.0,50.0,50.0,50.0,84.0,2.79,0,47.0
2026-08-29-Diyarbakır Hipodromu-1,2026-08-29,1,Diyarbakır Hipodromu,1200.0,KUTUP KIZI,REMZİ DOĞAN,SÜLEYMAN KARAKEÇİLİ,62.0,10,0.0,50.0,50.0,50.0,50.0,92.0,4.15,0,75.0
2026-08-29-Diyarbakır Hipodromu-1,2026-08-29,1,Diyarbakır Hipodromu,1200.0,LUCKY RAIN GIRL,MUSTAFA IŞIK,SÜLEYMAN KARAKEÇİLİ,56.0,13,0.0,50.0,50.0,50.0,50.0,84.0,1.17,0,48.0
2026-08-29-Diyarbakır Hipodromu-1,2026-08-29,1,Diyarbakır Hipodromu,1200.0,MONOMOY GIRL,İLKER AKIN,ZEKERİYA AKDEMİR,56.0,7,85.0,82.0,82.0,82.0,82.0,84.0,6.99,1,55.0
2026-08-29-Diyarbakır Hipodromu-1,2026-08-29,1,Diyarbakır Hipodromu,1200.0,MY MOON,İSA KATAR,ZEKERİYA AKDEMİR,58.5,1,0.0,50.0,50.0,50.0,50.0,94.0,13.38,0,60.0
2026-08-29-Diyarbakır Hipodromu-1,2026-08-29,1,Diyarbakır Hipodromu,1200.0,PROMISE ME DELIGHT,HAKİM YÖNDEN,ELİF AÇMAZ,52.0,6,0.0,50.0,50.0,50.0,50.0,68.0,1.34,0,29.0
2026-08-29-Diyarbakır Hipodromu-1,2026-08-29,1,Diyarbakır Hipodromu,1200.0,QUEEN OF VICTORY,LEVENT TAPTIK,MEHRİBAN ÇİÇEK,56.0,4,100.0,100.0,100.0,100.0,100.0,84.0,11.66,1,57.0
2026-08-29-Diyarbakır Hipodromu-1,2026-08-29,1,Diyarbakır Hipodromu,1200.0,SEHERİN YELİ,AHMET HASAN BAYAR,VELİ ÇİZİK,56.0,2,0.0,50.0,50.0,50.0,50.0,84.0,8.52,0,72.0
2026-08-29-Diyarbakır Hipodromu-1,2026-08-29,1,Diyarbakır Hipodromu,1200.0,SÜPER ELOŞ,AZİZ AKDEMİR,YELİZ BAYSAL,54.5,12,0.0,50.0,50.0,50.0,50.0,78.0,2.63,0,51.0
2026-08-29-Diyarbakır Hipodromu-1,2026-08-29,1,Diyarbakır Hipodromu,1200.0,TOWSON,NECMİ ALTIN,BAVER FAHRİOĞLU,60.0,9,0.0,50.0,50.0,50.0,50.0,100.0,4.54,0,64.0
2026-08-29-Diyarbakır Hipodromu-2,2026-08-29,2,Diyarbakır Hipodromu,1700.0,ARAPÇELİK,HAKİM YÖNDEN,MEHMET ALİ SUBAY,59.0,7,0.0,0.0,50.0,50.0,0.0,96.0,5.07,1,71.0
2026-08-29-Diyarbakır Hipodromu-2,2026-08-29,2,Diyarbakır Hipodromu,1700.0,DUMRUL,SAMİ KAPLAN,BAHATTİN DEMİRKAPU,59.0,2,0.0,50.0,50.0,50.0,50.0,96.0,5.88,0,85.0
2026-08-29-Diyarbakır Hipodromu-2,2026-08-29,2,Diyarbakır Hipodromu,1700.0,HIZLI MEHMET,FERİT YARDIMCI,ELİF AÇMAZ,59.0,8,100.0,100.0,50.0,50.0,100.0,96.0,10.51,1,72.0
2026-08-29-Diyarbakır Hipodromu-2,2026-08-29,2,Diyarbakır Hipodromu,1700.0,HİLVANLIM,AHMET HASAN BAYAR,MEHMET KAYA,59.0,13,0.0,50.0,50.0,50.0,50.0,96.0,6.21,0,84.0
2026-08-29-Diyarbakır Hipodromu-2,2026-08-29,2,Diyarbakır Hipodromu,1700.0,NESİB,AZİZ AKDEMİR,BAVER FAHRİOĞLU,61.0,10,0.0,50.0,50.0,50.0,50.0,96.0,18.05,0,89.0
2026-08-29-Diyarbakır Hipodromu-2,2026-08-29,2,Diyarbakır Hipodromu,1700.0,PAYİDAR KAYA,YUSUF CENGİZ,BAHATTİN DEMİRKAPU,59.0,9,0.0,50.0,50.0,50.0,50.0,96.0,13.08,0,84.0
2026-08-29-Diyarbakır Hipodromu-2,2026-08-29,2,Diyarbakır Hipodromu,1700.0,PRENSES DİLARA,MEHMET DOĞAN,MEHMET ASLAN,57.0,5,85.0,82.0,50.0,50.0,82.0,88.0,3.47,1,75.0
2026-08-29-Diyarbakır Hipodromu-2,2026-08-29,2,Diyarbakır Hipodromu,1700.0,SABIR ÇİÇEĞİ,NECMİ ALTIN,HAKAN ATAKAYA,57.0,4,0.0,50.0,50.0,50.0,50.0,88.0,9.94,0,84.0
2026-08-29-Diyarbakır Hipodromu-2,2026-08-29,2,Diyarbakır Hipodromu,1700.0,SON AKTAŞ,REMZİ DOĞAN,MEHMET KAYA,59.0,12,55.0,46.0,46.0,50.0,46.0,96.0,2.65,1,43.0
2026-08-29-Diyarbakır Hipodromu-2,2026-08-29,2,Diyarbakır Hipodromu,1700.0,TARGUTAY,MUSTAFA IŞIK,SÜLEYMAN KARAKEÇİLİ,59.0,6,0.0,0.0,50.0,50.0,0.0,96.0,2.21,1,72.0
2026-08-29-Diyarbakır Hipodromu-2,2026-08-29,2,Diyarbakır Hipodromu,1700.0,YALNIZ BABA,LEVENT TAPTIK,MEHMET ALİ SUBAY,59.0,3,0.0,50.0,50.0,50.0,50.0,96.0,5.63,0,71.0
2026-08-29-Diyarbakır Hipodromu-2,2026-08-29,2,Diyarbakır Hipodromu,1700.0,ÇİLOBEY,İSA AKYAVUZ,EMRAH ÇİZİK,59.0,1,100.0,50.0,50.0,50.0,100.0,96.0,14.47,1,85.0
2026-08-29-Diyarbakır Hipodromu-2,2026-08-29,2,Diyarbakır Hipodromu,1700.0,ŞEŞENSULTANI,İSA KATAR,MEHMET ALİ SUBAY,59.0,11,0.0,50.0,50.0,50.0,50.0,96.0,2.82,0,81.0
2026-08-29-Diyarbakır Hipodromu-3,2026-08-29,3,Diyarbakır Hipodromu,1800.0,BAKTAGÖR,MUSTAFA IŞIK,HALİL TÜRKMAN,56.0,6,0.0,50.0,50.0,50.0,50.0,84.0,3.42,0,48.0
2026-08-29-Diyarbakır Hipodromu-3,2026-08-29,3,Diyarbakır Hipodromu,1800.0,FIRST BREATH,MEHMET DOĞAN,MEHMET KAYA,56.0,4,0.0,50.0,50.0,50.0,50.0,84.0,3.26,0,68.0
2026-08-29-Diyarbakır Hipodromu-3,2026-08-29,3,Diyarbakır Hipodromu,1800.0,KORKMAZ KARDEŞLER,İSA AKYAVUZ,OSMAN DEMİR,60.0,11,0.0,50.0,50.0,50.0,50.0,100.0,18.06,0,76.0
2026-08-29-Diyarbakır Hipodromu-3,2026-08-29,3,Diyarbakır Hipodromu,1800.0,MY BRAVE SON,AZİZ AKDEMİR,MURAT DOĞAN,58.0,8,0.0,50.0,50.0,50.0,50.0,92.0,5.73,0,66.0
2026-08-29-Diyarbakır Hipodromu-3,2026-08-29,3,Diyarbakır Hipodromu,1800.0,MİRA CETİ,LEVENT TAPTIK,HASAN TEKİNALP,56.0,7,0.0,50.0,50.0,50.0,50.0,84.0,2.38,0,49.0
2026-08-29-Diyarbakır Hipodromu-3,2026-08-29,3,Diyarbakır Hipodromu,1800.0,NINJA,HAKİM YÖNDEN,RESUL KAYA,56.0,10,0.0,50.0,50.0,50.0,50.0,84.0,0.8,0,54.0
2026-08-29-Diyarbakır Hipodromu-3,2026-08-29,3,Diyarbakır Hipodromu,1800.0,NOW SEE ME,İSA KATAR,MEHMET ALİ SUBAY,55.0,1,0.0,50.0,50.0,50.0,50.0,80.0,1.42,0,34.0
2026-08-29-Diyarbakır Hipodromu-3,2026-08-29,3,Diyarbakır Hipodromu,1800.0,RÜZGAR AGAH,EMRE AKKILIÇ,VELİ ÇİZİK,58.0,9,70.0,64.0,50.0,50.0,64.0,92.0,1.87,1,49.0
2026-08-29-Diyarbakır Hipodromu-3,2026-08-29,3,Diyarbakır Hipodromu,1800.0,SEEK AND DESTROY,REMZİ DOĞAN,ELİF AÇMAZ,61.0,3,100.0,100.0,100.0,100.0,100.0,96.0,50.71,1,86.0
2026-08-29-Diyarbakır Hipodromu-3,2026-08-29,3,Diyarbakır Hipodromu,1800.0,SMALL BURGAZ,NECMİ ALTIN,ERCAN ALTIN,58.0,5,0.0,50.0,50.0,50.0,50.0,92.0,10.64,0,68.0
2026-08-29-Diyarbakır Hipodromu-3,2026-08-29,3,Diyarbakır Hipodromu,1800.0,SUNFYRE,SAMİ KAPLAN,MEHMET KAYA,54.0,2,0.0,50.0,50.0,50.0,50.0,76.0,0.38,0,0.0
2026-08-29-Diyarbakır Hipodromu-4,2026-08-29,4,Diyarbakır Hipodromu,1200.0,HÜRREM HANIM,NECMİ ALTIN,ERCAN ALTIN,54.0,5,0.0,50.0,50.0,50.0,50.0,76.0,10.32,0,0.0
2026-08-29-Diyarbakır Hipodromu-4,2026-08-29,4,Diyarbakır Hipodromu,1200.0,KUMSAL STAR,MUSTAFA IŞIK,ELİF AÇMAZ,57.0,1,0.0,50.0,50.0,50.0,50.0,88.0,35.73,0,26.0
2026-08-29-Diyarbakır Hipodromu-4,2026-08-29,4,Diyarbakır Hipodromu,1200.0,LOVE IS LOVE,HAKİM YÖNDEN,BAHATTİN DEMİRKAPU,52.0,9,0.0,50.0,50.0,50.0,50.0,68.0,2.16,0,0.0
2026-08-29-Diyarbakır Hipodromu-4,2026-08-29,4,Diyarbakır Hipodromu,1200.0,MAYBE FOR US,LEVENT TAPTIK,YELİZ BAYSAL,56.0,2,0.0,50.0,50.0,50.0,50.0,84.0,5.43,0,12.0
2026-08-29-Diyarbakır Hipodromu-4,2026-08-29,4,Diyarbakır Hipodromu,1200.0,MONICA SULTAN,FERİT YARDIMCI,ZEKERİYA AKDEMİR,54.0,4,0.0,50.0,50.0,50.0,50.0,76.0,19.87,0,0.0
2026-08-29-Diyarbakır Hipodromu-4,2026-08-29,4,Diyarbakır Hipodromu,1200.0,OTTO MOYE,İSA KATAR,ELİF AÇMAZ,56.0,7,0.0,50.0,50.0,50.0,50.0,84.0,0.85,0,7.0
2026-08-29-Diyarbakır Hipodromu-4,2026-08-29,4,Diyarbakır Hipodromu,1200.0,QOUNTM CAT,YUSUF CENGİZ,ERCAN ALTIN,56.0,6,0.0,50.0,50.0,50.0,50.0,84.0,3.68,0,11.0
2026-08-29-Diyarbakır Hipodromu-4,2026-08-29,4,Diyarbakır Hipodromu,1200.0,USLU TAY,AZİZ AKDEMİR,İBRAHİM ATMACA,55.0,3,0.0,50.0,50.0,50.0,50.0,80.0,14.57,0,20.0
2026-08-29-Diyarbakır Hipodromu-4,2026-08-29,4,Diyarbakır Hipodromu,1200.0,ÇİKOK FIRTINASI,SAMİ KAPLAN,HAKAN ATAKAYA,55.0,8,0.0,50.0,50.0,50.0,50.0,80.0,6.28,0,24.0
2026-08-29-Diyarbakır Hipodromu-5,2026-08-29,5,Diyarbakır Hipodromu,1200.0,CEMİYET HAYATI,FERİT YARDIMCI,HALİL TÜRKMAN,59.0,7,0.0,50.0,50.0,50.0,50.0,96.0,24.32,0,44.0
2026-08-29-Diyarbakır Hipodromu-5,2026-08-29,5,Diyarbakır Hipodromu,1200.0,ENESPAŞA,İSA KATAR,EMRAH ÇİZİK,57.0,4,0.0,50.0,50.0,50.0,50.0,88.0,4.89,0,32.0
2026-08-29-Diyarbakır Hipodromu-5,2026-08-29,5,Diyarbakır Hipodromu,1200.0,KAVİM,NECMİ ALTIN,ERCAN ALTIN,55.0,3,0.0,50.0,50.0,50.0,50.0,80.0,7.58,0,31.0
2026-08-29-Diyarbakır Hipodromu-5,2026-08-29,5,Diyarbakır Hipodromu,1200.0,KOŞ ARTUN,İSA AKYAVUZ,SÜLEYMAN KARAKEÇİLİ,57.0,2,0.0,50.0,50.0,50.0,50.0,88.0,35.01,0,37.0
2026-08-29-Diyarbakır Hipodromu-5,2026-08-29,5,Diyarbakır Hipodromu,1200.0,SERHAN ATEŞİ,MUSTAFA IŞIK,BAHATTİN DEMİRKAPU,57.0,1,0.0,50.0,50.0,50.0,50.0,88.0,6.63,0,32.0
2026-08-29-Diyarbakır Hipodromu-5,2026-08-29,5,Diyarbakır Hipodromu,1200.0,ÇELİK ŞAHİN,AHMET HASAN BAYAR,MEHMET ALİ SUBAY,57.0,5,0.0,50.0,50.0,50.0,50.0,88.0,11.65,0,38.0
2026-08-29-Diyarbakır Hipodromu-5,2026-08-29,5,Diyarbakır Hipodromu,1200.0,İLKBAHAR KIZI,CANER YILDIRIM,İBRAHİM ATMACA,53.0,6,0.0,50.0,50.0,50.0,50.0,72.0,3.74,0,29.0
2026-08-29-Diyarbakır Hipodromu-5,2026-08-29,5,Diyarbakır Hipodromu,1200.0,ŞENERHAN,SAMİ KAPLAN,İBRAHİM ATMACA,57.0,8,0.0,50.0,50.0,50.0,50.0,88.0,6.18,0,41.0
2026-08-29-Diyarbakır Hipodromu-6,2026-08-29,6,Diyarbakır Hipodromu,1200.0,BLUE COMET,AHMET HASAN BAYAR,MEHRİBAN ÇİÇEK,60.0,4,0.0,50.0,50.0,50.0,50.0,100.0,18.34,0,26.0
2026-08-29-Diyarbakır Hipodromu-6,2026-08-29,6,Diyarbakır Hipodromu,1200.0,CRAZY RIVER,İSA KATAR,SÜLEYMAN KARAKEÇİLİ,59.0,14,0.0,50.0,50.0,50.0,50.0,96.0,2.39,0,26.0
2026-08-29-Diyarbakır Hipodromu-6,2026-08-29,6,Diyarbakır Hipodromu,1200.0,EAGLE BORAN,FERİT YARDIMCI,VELİ ÇİZİK,56.0,15,0.0,50.0,50.0,50.0,50.0,84.0,12.26,0,0.0
2026-08-29-Diyarbakır Hipodromu-6,2026-08-29,6,Diyarbakır Hipodromu,1200.0,KARACI,NECMİ ALTIN,KADİR TAŞDEMİR,56.0,1,0.0,50.0,50.0,50.0,50.0,84.0,4.52,0,7.0
2026-08-29-Diyarbakır Hipodromu-6,2026-08-29,6,Diyarbakır Hipodromu,1200.0,KİKAZARU,AZİZ AKDEMİR,ESER YILDIRIM,60.0,3,0.0,50.0,50.0,50.0,50.0,100.0,18.07,0,32.0
2026-08-29-Diyarbakır Hipodromu-6,2026-08-29,6,Diyarbakır Hipodromu,1200.0,LIGHT TO VICTORY,LEVENT TAPTIK,YELİZ BAYSAL,56.0,8,0.0,50.0,50.0,50.0,50.0,84.0,2.33,0,21.0
2026-08-29-Diyarbakır Hipodromu-6,2026-08-29,6,Diyarbakır Hipodromu,1200.0,LORD SEYFO,EMRE AKKILIÇ,MEHRİBAN ÇİÇEK,56.0,2,0.0,50.0,50.0,50.0,50.0,84.0,2.34,0,7.0
2026-08-29-Diyarbakır Hipodromu-6,2026-08-29,6,Diyarbakır Hipodromu,1200.0,MR I MİRHAT,MUSTAFA IŞIK,RESUL KAYA,60.0,5,0.0,50.0,50.0,50.0,50.0,100.0,2.47,0,23.0
2026-08-29-Diyarbakır Hipodromu-6,2026-08-29,6,Diyarbakır Hipodromu,1200.0,MR MASTER,İLKER AKIN,MEHMET KAYA,54.0,7,0.0,50.0,50.0,50.0,50.0,76.0,1.1,0,22.0
2026-08-29-Diyarbakır Hipodromu-6,2026-08-29,6,Diyarbakır Hipodromu,1200.0,PRENSES MELTEM,İSA AKYAVUZ,AHMET AKBABA,59.0,9,0.0,50.0,50.0,50.0,50.0,96.0,11.16,0,23.0
2026-08-29-Diyarbakır Hipodromu-6,2026-08-29,6,Diyarbakır Hipodromu,1200.0,RAMSGATE,MEHMET DOĞAN,YELİZ BAYSAL,56.0,11,0.0,50.0,50.0,50.0,50.0,84.0,5.33,0,14.0
2026-08-29-Diyarbakır Hipodromu-6,2026-08-29,6,Diyarbakır Hipodromu,1200.0,SINCERO,YUSUF CENGİZ,AHMET AKBABA,61.0,12,0.0,50.0,50.0,50.0,50.0,96.0,4.16,0,29.0
2026-08-29-Diyarbakır Hipodromu-6,2026-08-29,6,Diyarbakır Hipodromu,1200.0,SON OF FEARLESS,SAMİ KAPLAN,YELİZ BAYSAL,60.0,10,0.0,50.0,50.0,50.0,50.0,100.0,4.13,0,30.0
2026-08-29-Diyarbakır Hipodromu-6,2026-08-29,6,Diyarbakır Hipodromu,1200.0,SUPER SHOW,HAKİM YÖNDEN,MEHMET KAYA,57.0,6,0.0,50.0,50.0,50.0,50.0,88.0,2.97,0,34.0
2026-08-29-Diyarbakır Hipodromu-6,2026-08-29,6,Diyarbakır Hipodromu,1200.0,WORSE,REMZİ DOĞAN,SÜLEYMAN KARAKEÇİLİ,60.0,13,0.0,50.0,50.0,50.0,50.0,100.0,8.42,0,33.0
2026-08-30-Adana Yeşiloba Hipodromu-1,2026-08-30,1,Adana Yeşiloba Hipodromu,1300.0,ASİLBULUT,FATİH SULTAN MEHMET SANSAR,VEYSEL TEKİN,55.0,5,0.0,50.0,50.0,50.0,50.0,80.0,8.05,0,34.0
2026-08-30-Adana Yeşiloba Hipodromu-1,2026-08-30,1,Adana Yeşiloba Hipodromu,1300.0,DİYAREFE,NİZAMETTİN DEMİR,MEHMET ALİ CANPOLATLI,57.0,7,0.0,50.0,50.0,50.0,50.0,88.0,11.83,0,37.0
2026-08-30-Adana Yeşiloba Hipodromu-1,2026-08-30,1,Adana Yeşiloba Hipodromu,1300.0,FERİTBATUR,SALİH ÇELİK,ELİF AÇMAZ,55.0,9,0.0,50.0,50.0,50.0,50.0,80.0,19.15,0,38.0
2026-08-30-Adana Yeşiloba Hipodromu-1,2026-08-30,1,Adana Yeşiloba Hipodromu,1300.0,HEVSELİM,SERHAT ÇELİK,AYHAN DİNÇ,53.0,6,0.0,50.0,50.0,50.0,50.0,72.0,2.27,0,41.0
2026-08-30-Adana Yeşiloba Hipodromu-1,2026-08-30,1,Adana Yeşiloba Hipodromu,1300.0,KARA ALEV,ROJHAT KURT,AYHAN DİNÇ,51.0,4,0.0,50.0,50.0,50.0,50.0,64.0,5.09,0,37.0
2026-08-30-Adana Yeşiloba Hipodromu-1,2026-08-30,1,Adana Yeşiloba Hipodromu,1300.0,KATI HANIM,MURAT AKDAĞ,YUNUS TUNCAY,52.0,10,0.0,50.0,50.0,50.0,50.0,68.0,1.91,0,17.0
2026-08-30-Adana Yeşiloba Hipodromu-1,2026-08-30,1,Adana Yeşiloba Hipodromu,1300.0,KONÇİÇEK,ENES ATLAMAZ,MÜSLÜM DOLAK,52.0,3,0.0,50.0,50.0,50.0,50.0,68.0,14.42,0,41.0
2026-08-30-Adana Yeşiloba Hipodromu-1,2026-08-30,1,Adana Yeşiloba Hipodromu,1300.0,QUEEN HANIM,MEHMET TAHA COŞKUN,YUSUF UÇAR,54.0,1,0.0,50.0,50.0,50.0,50.0,76.0,30.07,0,40.0
2026-08-30-Adana Yeşiloba Hipodromu-1,2026-08-30,1,Adana Yeşiloba Hipodromu,1300.0,ZÜMRÜTCAN,MEHMET TİBET MURTOĞLU,YUNUS TUNCAY,50.0,8,0.0,50.0,50.0,50.0,50.0,60.0,0.28,0,0.0
2026-08-30-Adana Yeşiloba Hipodromu-1,2026-08-30,1,Adana Yeşiloba Hipodromu,1300.0,ÇİĞDEMGELİN,REMZİ DOĞAN,YUNUS TUNCAY,55.0,2,100.0,50.0,100.0,50.0,50.0,80.0,6.93,1,32.0
2026-08-30-Adana Yeşiloba Hipodromu-2,2026-08-30,2,Adana Yeşiloba Hipodromu,1400.0,BABA DOÇKA,SALİH ÇELİK,YAKUP ÇAĞLAR,58.0,1,0.0,50.0,50.0,50.0,50.0,92.0,18.76,0,41.0
2026-08-30-Adana Yeşiloba Hipodromu-2,2026-08-30,2,Adana Yeşiloba Hipodromu,1400.0,BARAKHAN,FATİH SULTAN MEHMET SANSAR,AYHAN DİNÇ,54.0,11,0.0,50.0,50.0,50.0,50.0,76.0,1.05,0,26.0
2026-08-30-Adana Yeşiloba Hipodromu-2,2026-08-30,2,Adana Yeşiloba Hipodromu,1400.0,BORGA,MURAT AKDAĞ,AYHAN DİNÇ,54.0,12,0.0,50.0,50.0,50.0,50.0,76.0,1.49,0,40.0
2026-08-30-Adana Yeşiloba Hipodromu-2,2026-08-30,2,Adana Yeşiloba Hipodromu,1400.0,FANDOROS,VELAT DEMİR,OSMAN DEMİR,56.0,13,0.0,50.0,50.0,50.0,50.0,84.0,1.74,0,31.0
2026-08-30-Adana Yeşiloba Hipodromu-2,2026-08-30,2,Adana Yeşiloba Hipodromu,1400.0,FELICIA STAR,MEHMET SALİH ÇELİK,SERKAN SÜSLÜ,56.0,3,0.0,50.0,50.0,50.0,50.0,84.0,35.06,0,66.0
2026-08-30-Adana Yeşiloba Hipodromu-2,2026-08-30,2,Adana Yeşiloba Hipodromu,1400.0,GİZLİ KAHRAMAN,İLHAMİ GÖÇER,MEVLÜT TEK,55.0,7,0.0,50.0,50.0,50.0,50.0,80.0,0.71,0,37.0
2026-08-30-Adana Yeşiloba Hipodromu-2,2026-08-30,2,Adana Yeşiloba Hipodromu,1400.0,KING GÖKALP,NİZAMETTİN DEMİR,AVNİ KARAKUŞ,58.0,8,0.0,50.0,50.0,50.0,50.0,92.0,9.27,0,48.0
2026-08-30-Adana Yeşiloba Hipodromu-2,2026-08-30,2,Adana Yeşiloba Hipodromu,1400.0,LEGANDARY WARRIOR,FESİH ÇETİNBAŞ,MURAT DOĞAN,60.0,5,0.0,50.0,50.0,50.0,50.0,100.0,13.18,0,66.0
2026-08-30-Adana Yeşiloba Hipodromu-2,2026-08-30,2,Adana Yeşiloba Hipodromu,1400.0,MY ARES,İSA KATAR,MEHMET KAYA,58.0,4,0.0,50.0,50.0,50.0,50.0,92.0,9.71,0,62.0
2026-08-30-Adana Yeşiloba Hipodromu-2,2026-08-30,2,Adana Yeşiloba Hipodromu,1400.0,PRINCESS BALA,FATİH RÜSTEM BEBEK,TAMER OĞUZHAN KARA,56.0,6,0.0,50.0,50.0,50.0,50.0,84.0,2.59,0,43.0
2026-08-30-Adana Yeşiloba Hipodromu-2,2026-08-30,2,Adana Yeşiloba Hipodromu,1400.0,SUN OF MY HOME,UĞUR TEMUR,YELİZ BAYSAL,54.0,9,0.0,50.0,50.0,50.0,50.0,76.0,0.91,0,37.0
2026-08-30-Adana Yeşiloba Hipodromu-2,2026-08-30,2,Adana Yeşiloba Hipodromu,1400.0,TAKEACHANCEONME,MEHMET TAHA COŞKUN,YAKUP MİSDİK,52.0,10,0.0,50.0,50.0,50.0,50.0,68.0,2.0,0,31.0
2026-08-30-Adana Yeşiloba Hipodromu-2,2026-08-30,2,Adana Yeşiloba Hipodromu,1400.0,TALADRRO,SERHAT ÇELİK,MUHAMMED AKYAVUZ,53.0,2,0.0,50.0,50.0,50.0,50.0,72.0,0.76,0,37.0
2026-08-30-Adana Yeşiloba Hipodromu-2,2026-08-30,2,Adana Yeşiloba Hipodromu,1400.0,THAT BEATS ALL,REMZİ DOĞAN,MEHMET TEKİNALP,58.0,14,0.0,50.0,50.0,50.0,50.0,92.0,2.77,0,40.0
2026-08-30-Adana Yeşiloba Hipodromu-3,2026-08-30,3,Adana Yeşiloba Hipodromu,1300.0,AFAMIA,SALİH ÇELİK,MUHAMMED AKYAVUZ,55.0,3,0.0,50.0,50.0,50.0,50.0,80.0,10.88,0,32.0
2026-08-30-Adana Yeşiloba Hipodromu-3,2026-08-30,3,Adana Yeşiloba Hipodromu,1300.0,BABA İBO,ROJHAT KURT,YUNUS TUNCAY,52.0,7,0.0,50.0,50.0,50.0,50.0,68.0,0.52,0,18.0
2026-08-30-Adana Yeşiloba Hipodromu-3,2026-08-30,3,Adana Yeşiloba Hipodromu,1300.0,HAVASUPAI,ERCAN ÇANKAYA,MÜSLÜM DOLAK,60.0,2,0.0,50.0,50.0,50.0,50.0,100.0,25.94,0,51.0
2026-08-30-Adana Yeşiloba Hipodromu-3,2026-08-30,3,Adana Yeşiloba Hipodromu,1300.0,HAWK,MEHMET SALİH ÇELİK,MÜSLÜM DOLAK,59.0,1,0.0,50.0,50.0,50.0,50.0,96.0,45.19,0,53.0
2026-08-30-Adana Yeşiloba Hipodromu-3,2026-08-30,3,Adana Yeşiloba Hipodromu,1300.0,KING İZZET,REMZİ DOĞAN,MEHMET TEKİNALP,56.5,4,0.0,50.0,50.0,50.0,50.0,86.0,4.43,0,36.0
2026-08-30-Adana Yeşiloba Hipodromu-3,2026-08-30,3,Adana Yeşiloba Hipodromu,1300.0,TAHSİN ALP,FATİH RÜSTEM BEBEK,TAMER OĞUZHAN KARA,54.0,5,0.0,50.0,50.0,50.0,50.0,76.0,0.5,0,0.0
2026-08-30-Adana Yeşiloba Hipodromu-3,2026-08-30,3,Adana Yeşiloba Hipodromu,1300.0,VALENTINE GIRL,SAMİ KAPLAN,ELİF AÇMAZ,55.0,6,0.0,50.0,50.0,50.0,50.0,80.0,12.54,0,39.0
2026-08-30-Adana Yeşiloba Hipodromu-4,2026-08-30,4,Adana Yeşiloba Hipodromu,1200.0,ASYANIN GÜNEŞİ,İLHAMİ GÖÇER,VEYSEL TEKİN,55.0,11,0.0,50.0,50.0,50.0,50.0,80.0,3.53,0,0.0
2026-08-30-Adana Yeşiloba Hipodromu-4,2026-08-30,4,Adana Yeşiloba Hipodromu,1200.0,JEFPRESS,MEHMET NURİ SUNKAR,HALİL TÜRKMAN,55.0,10,0.0,50.0,50.0,50.0,50.0,80.0,3.78,0,0.0
2026-08-30-Adana Yeşiloba Hipodromu-4,2026-08-30,4,Adana Yeşiloba Hipodromu,1200.0,KING ATEROK,REMZİ DOĞAN,ŞEREF OLĞAÇ,57.0,5,0.0,50.0,50.0,50.0,50.0,88.0,2.56,0,0.0
2026-08-30-Adana Yeşiloba Hipodromu-4,2026-08-30,4,Adana Yeşiloba Hipodromu,1200.0,LOK UP LADY,İSA KATAR,GÖZDE KÖSE,55.0,4,0.0,50.0,50.0,50.0,50.0,80.0,2.04,0,0.0
2026-08-30-Adana Yeşiloba Hipodromu-4,2026-08-30,4,Adana Yeşiloba Hipodromu,1200.0,MY ROSS,ERCAN ÇANKAYA,MÜSLÜM YARDIMCI,55.0,7,0.0,50.0,50.0,50.0,50.0,80.0,15.41,0,0.0
2026-08-30-Adana Yeşiloba Hipodromu-4,2026-08-30,4,Adana Yeşiloba Hipodromu,1200.0,MYONEDAY,MEHMET AKYAVUZ,MUHAMMED AKYAVUZ,57.0,1,0.0,50.0,50.0,50.0,50.0,88.0,34.18,0,0.0
2026-08-30-Adana Yeşiloba Hipodromu-4,2026-08-30,4,Adana Yeşiloba Hipodromu,1200.0,REAL GENERAL,VELAT DEMİR,OSMAN DEMİR,57.0,8,0.0,50.0,50.0,50.0,50.0,88.0,5.16,0,0.0
2026-08-30-Adana Yeşiloba Hipodromu-4,2026-08-30,4,Adana Yeşiloba Hipodromu,1200.0,SAND PIPER,AHMET HASAN BAYAR,YUNUS TUNCAY,57.0,2,0.0,50.0,50.0,50.0,50.0,88.0,4.69,0,0.0
2026-08-30-Adana Yeşiloba Hipodromu-4,2026-08-30,4,Adana Yeşiloba Hipodromu,1200.0,SORKAN ASLANI,NİZAMETTİN DEMİR,ALİ GÜLLÜ,57.0,6,0.0,50.0,50.0,50.0,50.0,88.0,8.42,0,0.0
2026-08-30-Adana Yeşiloba Hipodromu-4,2026-08-30,4,Adana Yeşiloba Hipodromu,1200.0,STREAM KAYRA,MEHMET SALİH ÇELİK,ŞAHİN İPEK,55.0,3,0.0,50.0,50.0,50.0,50.0,80.0,13.92,0,0.0
2026-08-30-Adana Yeşiloba Hipodromu-4,2026-08-30,4,Adana Yeşiloba Hipodromu,1200.0,VOOSEBHA,FATİH RÜSTEM BEBEK,TAMER OĞUZHAN KARA,55.0,9,0.0,50.0,50.0,50.0,50.0,80.0,6.29,0,0.0
2026-08-30-Adana Yeşiloba Hipodromu-5,2026-08-30,5,Adana Yeşiloba Hipodromu,1500.0,ATLANTIC BLACK,MEHMET AKYAVUZ,KADİR TAŞDEMİR,57.0,6,0.0,50.0,50.0,50.0,50.0,88.0,12.09,0,72.0
2026-08-30-Adana Yeşiloba Hipodromu-5,2026-08-30,5,Adana Yeşiloba Hipodromu,1500.0,BÜLENT,VELAT DEMİR,OSMAN DEMİR,58.0,4,0.0,50.0,50.0,50.0,50.0,92.0,14.01,0,84.0
2026-08-30-Adana Yeşiloba Hipodromu-5,2026-08-30,5,Adana Yeşiloba Hipodromu,1500.0,DARK SOUL,REMZİ DOĞAN,OSMAN DEMİR,60.0,15,0.0,50.0,50.0,0.0,50.0,100.0,0.7,1,39.0
2026-08-30-Adana Yeşiloba Hipodromu-5,2026-08-30,5,Adana Yeşiloba Hipodromu,1500.0,FALCONGIRL,İLHAMİ GÖÇER,VEYSEL TEKİN,55.0,12,0.0,50.0,50.0,50.0,50.0,80.0,0.32,0,32.0
2026-08-30-Adana Yeşiloba Hipodromu-5,2026-08-30,5,Adana Yeşiloba Hipodromu,1500.0,FORLORN,MEHMET SALİH ÇELİK,ALİ ÇIKMAN,55.0,2,0.0,50.0,50.0,50.0,50.0,80.0,28.15,0,85.0
2026-08-30-Adana Yeşiloba Hipodromu-5,2026-08-30,5,Adana Yeşiloba Hipodromu,1500.0,GARDAŞOV,NİZAMETTİN DEMİR,HALİL TÜRKMAN,57.0,3,0.0,50.0,50.0,50.0,50.0,88.0,2.78,0,74.0
2026-08-30-Adana Yeşiloba Hipodromu-5,2026-08-30,5,Adana Yeşiloba Hipodromu,1500.0,GOLDEN RACER,ENES ATLAMAZ,İSMET AKKILIÇ,56.0,1,0.0,50.0,50.0,50.0,50.0,84.0,9.14,0,73.0
2026-08-30-Adana Yeşiloba Hipodromu-5,2026-08-30,5,Adana Yeşiloba Hipodromu,1500.0,HANDSOME LAKE,TAMER BALİ,SERHAT CEYLAN,54.0,14,0.0,50.0,50.0,50.0,50.0,76.0,0.76,0,69.0
2026-08-30-Adana Yeşiloba Hipodromu-5,2026-08-30,5,Adana Yeşiloba Hipodromu,1500.0,IRONHOOF,ROJHAT KURT,GÖZDE KÖSE,52.5,11,0.0,50.0,50.0,50.0,50.0,70.0,0.32,0,47.0
2026-08-30-Adana Yeşiloba Hipodromu-5,2026-08-30,5,Adana Yeşiloba Hipodromu,1500.0,KING SHELBY,MEHMET NURİ SUNKAR,YAKUP MİSDİK,57.0,18,0.0,50.0,50.0,50.0,50.0,88.0,3.91,0,50.0
2026-08-30-Adana Yeşiloba Hipodromu-5,2026-08-30,5,Adana Yeşiloba Hipodromu,1500.0,LAST SYMPHONY,AHMET HASAN BAYAR,MEHMET KAYA,60.0,13,0.0,50.0,50.0,50.0,50.0,100.0,5.51,0,78.0
2026-08-30-Adana Yeşiloba Hipodromu-5,2026-08-30,5,Adana Yeşiloba Hipodromu,1500.0,LION GOLD,MURAT AKDAĞ,YUNUS TUNCAY,52.5,9,0.0,50.0,50.0,50.0,50.0,70.0,0.21,0,25.0
2026-08-30-Adana Yeşiloba Hipodromu-5,2026-08-30,5,Adana Yeşiloba Hipodromu,1500.0,MAJESTIC HOLIDAY,SALİH ÇELİK,VEYSEL TEKİN,58.0,10,0.0,50.0,50.0,50.0,50.0,92.0,5.94,0,60.0
2026-08-30-Adana Yeşiloba Hipodromu-5,2026-08-30,5,Adana Yeşiloba Hipodromu,1500.0,PHENOM,FATİH SULTAN MEHMET SANSAR,ABDULLAH ÇİFTÇİ,55.0,17,0.0,50.0,50.0,50.0,50.0,80.0,0.48,0,34.0
2026-08-30-Adana Yeşiloba Hipodromu-5,2026-08-30,5,Adana Yeşiloba Hipodromu,1500.0,SARI MAMBA,SERHAT ÇELİK,ZEKERİYA AKDEMİR,56.0,5,0.0,50.0,50.0,50.0,50.0,84.0,4.09,0,75.0
2026-08-30-Adana Yeşiloba Hipodromu-5,2026-08-30,5,Adana Yeşiloba Hipodromu,1500.0,SIRIUS BLACK,FESİH ÇETİNBAŞ,YUNUS TUNCAY,57.0,7,0.0,50.0,0.0,50.0,50.0,88.0,2.9,1,75.0
2026-08-30-Adana Yeşiloba Hipodromu-5,2026-08-30,5,Adana Yeşiloba Hipodromu,1500.0,STELLA GIRL,MEHMET TAHA COŞKUN,YUNUS TUNCAY,52.0,8,0.0,50.0,50.0,50.0,50.0,68.0,7.43,0,70.0
2026-08-30-Adana Yeşiloba Hipodromu-5,2026-08-30,5,Adana Yeşiloba Hipodromu,1500.0,VICENTE CALDERON,FATİH RÜSTEM BEBEK,TAMER OĞUZHAN KARA,57.0,16,0.0,50.0,50.0,50.0,50.0,88.0,1.26,0,44.0
2026-08-30-Adana Yeşiloba Hipodromu-6,2026-08-30,6,Adana Yeşiloba Hipodromu,1200.0,AGRESİF LADY,ERCAN ÇANKAYA,AHMET AKBABA,55.0,5,0.0,50.0,50.0,50.0,50.0,80.0,11.35,0,0.0
2026-08-30-Adana Yeşiloba Hipodromu-6,2026-08-30,6,Adana Yeşiloba Hipodromu,1200.0,BLACK FREEDOM,FATİH SULTAN MEHMET SANSAR,YAKUP ÇAĞLAR,55.0,9,0.0,50.0,50.0,50.0,50.0,80.0,2.18,0,0.0
2026-08-30-Adana Yeşiloba Hipodromu-6,2026-08-30,6,Adana Yeşiloba Hipodromu,1200.0,BORN TO STAR,İLHAMİ GÖÇER,MEVLÜT TEK,55.0,7,0.0,50.0,50.0,50.0,50.0,80.0,10.17,0,0.0
2026-08-30-Adana Yeşiloba Hipodromu-6,2026-08-30,6,Adana Yeşiloba Hipodromu,1200.0,CANPOLAT HAKAN,ENES ATLAMAZ,YUNUS TUNCAY,57.0,8,0.0,50.0,50.0,50.0,50.0,88.0,1.06,0,0.0
2026-08-30-Adana Yeşiloba Hipodromu-6,2026-08-30,6,Adana Yeşiloba Hipodromu,1200.0,HUNTER MAN,İSA KATAR,MEHMET ASLAN,57.0,4,0.0,50.0,50.0,50.0,50.0,88.0,3.26,0,0.0
2026-08-30-Adana Yeşiloba Hipodromu-6,2026-08-30,6,Adana Yeşiloba Hipodromu,1200.0,HÜLYA ÇİÇEĞİ,SALİH ÇELİK,YUNUS TUNCAY,55.0,2,0.0,50.0,50.0,50.0,50.0,80.0,21.07,0,0.0
2026-08-30-Adana Yeşiloba Hipodromu-6,2026-08-30,6,Adana Yeşiloba Hipodromu,1200.0,SUN OF POWER,VELAT DEMİR,ZEKERİYA AKDEMİR,57.0,1,0.0,50.0,50.0,50.0,50.0,88.0,5.59,0,0.0
2026-08-30-Adana Yeşiloba Hipodromu-6,2026-08-30,6,Adana Yeşiloba Hipodromu,1200.0,SYDNEY WIZARD,FESİH ÇETİNBAŞ,MURAT DOĞAN,55.0,3,0.0,50.0,50.0,50.0,50.0,80.0,21.91,0,0.0
2026-08-30-Adana Yeşiloba Hipodromu-6,2026-08-30,6,Adana Yeşiloba Hipodromu,1200.0,İPTİSAM,NİZAMETTİN DEMİR,YUNUS TUNCAY,55.0,6,0.0,50.0,50.0,50.0,50.0,80.0,2.49,0,0.0
2026-08-30-Adana Yeşiloba Hipodromu-7,2026-08-30,7,Adana Yeşiloba Hipodromu,2000.0,ALAMETİ FARİKA,SALİH ÇELİK,ERTAN ACER,55.0,2,25.0,50.0,10.0,50.0,50.0,80.0,0.0,1,71.0
2026-08-30-Adana Yeşiloba Hipodromu-7,2026-08-30,7,Adana Yeşiloba Hipodromu,2000.0,BERİD,MEHMET AKYAVUZ,MEHMET KAYA,58.5,5,25.0,50.0,10.0,50.0,10.0,94.0,0.0,1,68.0
2026-08-30-Adana Yeşiloba Hipodromu-7,2026-08-30,7,Adana Yeşiloba Hipodromu,2000.0,BEST ALYA,İLHAMİ GÖÇER,YELİZ BAYSAL,52.0,10,0.0,50.0,50.0,50.0,50.0,68.0,0.0,0,55.0
2026-08-30-Adana Yeşiloba Hipodromu-7,2026-08-30,7,Adana Yeşiloba Hipodromu,2000.0,HOLA Y CHAO,ERCAN ÇANKAYA,MÜSLÜM DOLAK,53.5,7,0.0,50.0,50.0,50.0,50.0,74.0,0.0,0,68.0
2026-08-30-Adana Yeşiloba Hipodromu-7,2026-08-30,7,Adana Yeşiloba Hipodromu,2000.0,MUALLİMBEY,MURAT AKDAĞ,YUNUS TUNCAY,52.0,11,0.0,50.0,50.0,50.0,50.0,68.0,0.0,0,50.0
2026-08-30-Adana Yeşiloba Hipodromu-7,2026-08-30,7,Adana Yeşiloba Hipodromu,2000.0,MY INVENTION,FATİH SULTAN MEHMET SANSAR,ZEKERİYA AKDEMİR,57.0,4,0.0,50.0,50.0,50.0,50.0,88.0,0.0,0,65.0
2026-08-30-Adana Yeşiloba Hipodromu-7,2026-08-30,7,Adana Yeşiloba Hipodromu,2000.0,PALURİ MAN,SERHAT ÇELİK,AYHAN DİNÇ,52.0,3,0.0,50.0,50.0,50.0,50.0,68.0,0.0,0,47.0
2026-08-30-Adana Yeşiloba Hipodromu-7,2026-08-30,7,Adana Yeşiloba Hipodromu,2000.0,SHINING FORCE,UĞUR TEMUR,YUNUS TUNCAY,60.0,8,0.0,50.0,50.0,50.0,50.0,100.0,0.0,0,71.0
2026-08-30-Adana Yeşiloba Hipodromu-7,2026-08-30,7,Adana Yeşiloba Hipodromu,2000.0,SIR AT,MEHMET NURİ SUNKAR,KEMAL SAVAŞ MUCUR,52.0,6,0.0,50.0,50.0,50.0,50.0,68.0,0.0,0,55.0
2026-08-30-Adana Yeşiloba Hipodromu-7,2026-08-30,7,Adana Yeşiloba Hipodromu,2000.0,ÇELİ BEZA,NİZAMETTİN DEMİR,MEHMET KAYA,63.0,9,0.0,50.0,50.0,50.0,50.0,88.0,0.0,0,77.0
2026-08-30-Adana Yeşiloba Hipodromu-7,2026-08-30,7,Adana Yeşiloba Hipodromu,2000.0,ŞAFAKATEŞ,MEHMET SALİH ÇELİK,KEMAL YILMAZ,53.0,1,0.0,50.0,50.0,50.0,50.0,72.0,0.0,0,67.0
2026-08-30-Adana Yeşiloba Hipodromu-8,2026-08-30,8,Adana Yeşiloba Hipodromu,1200.0,DISASTER GIRL,ERCAN ÇANKAYA,MEHMET DAŞ,55.0,6,0.0,50.0,50.0,50.0,50.0,80.0,0.0,0,0.0
2026-08-30-Adana Yeşiloba Hipodromu-8,2026-08-30,8,Adana Yeşiloba Hipodromu,1200.0,FALCON POWER,REMZİ DOĞAN,YUNUS TUNCAY,57.0,4,0.0,50.0,50.0,50.0,50.0,88.0,0.0,0,0.0
2026-08-30-Adana Yeşiloba Hipodromu-8,2026-08-30,8,Adana Yeşiloba Hipodromu,1200.0,HURRICANE TIME,FATİH SULTAN MEHMET SANSAR,GÖZDE KÖSE,57.0,5,0.0,50.0,50.0,50.0,50.0,88.0,0.0,0,0.0
2026-08-30-Adana Yeşiloba Hipodromu-8,2026-08-30,8,Adana Yeşiloba Hipodromu,1200.0,KUKULA,SALİH ÇELİK,MUHAMMED AKYAVUZ,57.0,2,0.0,50.0,50.0,50.0,50.0,88.0,0.0,0,0.0
2026-08-30-Adana Yeşiloba Hipodromu-8,2026-08-30,8,Adana Yeşiloba Hipodromu,1200.0,LADY BROWN,NİZAMETTİN DEMİR,MEVLÜT TEK,55.0,1,0.0,50.0,50.0,50.0,50.0,80.0,0.0,0,0.0
2026-08-30-Adana Yeşiloba Hipodromu-8,2026-08-30,8,Adana Yeşiloba Hipodromu,1200.0,PRINCESS AZRA,MEHMET SALİH ÇELİK,ZEKERİYA AKDEMİR,55.0,7,0.0,50.0,50.0,50.0,50.0,80.0,0.0,0,0.0
2026-08-30-Adana Yeşiloba Hipodromu-8,2026-08-30,8,Adana Yeşiloba Hipodromu,1200.0,STRAW,İLHAMİ GÖÇER,ABDULLAH ÇİFTÇİ,57.0,9,0.0,50.0,50.0,50.0,50.0,88.0,0.0,0,0.0
2026-08-30-Adana Yeşiloba Hipodromu-8,2026-08-30,8,Adana Yeşiloba Hipodromu,1200.0,SİGNOMİ,MEHMET AKYAVUZ,VEYSEL TEKİN,55.0,3,0.0,50.0,50.0,50.0,50.0,80.0,0.0,0,0.0
2026-08-30-Adana Yeşiloba Hipodromu-8,2026-08-30,8,Adana Yeşiloba Hipodromu,1200.0,VEGVİSİR,VELAT DEMİR,VEYSEL TEKİN,57.0,8,0.0,50.0,50.0,50.0,50.0,88.0,0.0,0,0.0
2026-08-30-Adana Yeşiloba Hipodromu-9,2026-08-30,9,Adana Yeşiloba Hipodromu,1900.0,AZERBAYCANLI,MERT UYAR,HASAN ERGİN,60.0,15,0.0,50.0,50.0,50.0,50.0,100.0,0.0,0,66.0
2026-08-30-Adana Yeşiloba Hipodromu-9,2026-08-30,9,Adana Yeşiloba Hipodromu,1900.0,BÜYÜKATAK,ROJHAT KURT,MEVLÜT TEK,51.0,14,0.0,50.0,50.0,50.0,50.0,64.0,0.0,0,31.0
2026-08-30-Adana Yeşiloba Hipodromu-9,2026-08-30,9,Adana Yeşiloba Hipodromu,1900.0,BÜYÜKSULTAN,MEHMET SALİH ÇELİK,SERKAN SÜSLÜ,53.5,3,0.0,50.0,50.0,50.0,50.0,74.0,0.0,0,51.0
2026-08-30-Adana Yeşiloba Hipodromu-9,2026-08-30,9,Adana Yeşiloba Hipodromu,1900.0,BİNBİR FATİH,SERHAT ÇELİK,ÇETİN ARSLAN,59.0,1,25.0,50.0,10.0,50.0,10.0,96.0,0.0,1,68.0
2026-08-30-Adana Yeşiloba Hipodromu-9,2026-08-30,9,Adana Yeşiloba Hipodromu,1900.0,FENNAN,REMZİ DOĞAN,MEHMET ALİ CANPOLATLI,60.0,7,0.0,50.0,50.0,50.0,50.0,100.0,0.0,0,60.0
2026-08-30-Adana Yeşiloba Hipodromu-9,2026-08-30,9,Adana Yeşiloba Hipodromu,1900.0,GECE IŞIĞI,AHMET HASAN BAYAR,ZEKERİYA AKDEMİR,56.5,9,0.0,50.0,50.0,50.0,50.0,86.0,0.0,0,53.0
2026-08-30-Adana Yeşiloba Hipodromu-9,2026-08-30,9,Adana Yeşiloba Hipodromu,1900.0,KRAL AHMET,SAMİ KAPLAN,YELİZ BAYSAL,52.0,13,0.0,50.0,50.0,50.0,50.0,68.0,0.0,0,44.0
2026-08-30-Adana Yeşiloba Hipodromu-9,2026-08-30,9,Adana Yeşiloba Hipodromu,1900.0,KÜÇÜK KARTAL,ERKAN TUNÇ,YUNUS TUNCAY,52.0,11,0.0,50.0,50.0,50.0,50.0,68.0,0.0,0,30.0
2026-08-30-Adana Yeşiloba Hipodromu-9,2026-08-30,9,Adana Yeşiloba Hipodromu,1900.0,MUNİS,ENES ATLAMAZ,MEHMET ALİ CANPOLATLI,53.5,6,0.0,50.0,50.0,50.0,50.0,74.0,0.0,0,53.0
2026-08-30-Adana Yeşiloba Hipodromu-9,2026-08-30,9,Adana Yeşiloba Hipodromu,1900.0,MİRİALEM,FESİH ÇETİNBAŞ,MÜSLÜM YARDIMCI,60.5,8,0.0,50.0,50.0,50.0,50.0,98.0,0.0,0,61.0
2026-08-30-Adana Yeşiloba Hipodromu-9,2026-08-30,9,Adana Yeşiloba Hipodromu,1900.0,OĞUZBEYİ,ERCAN ÇANKAYA,YELİZ BAYSAL,58.5,10,0.0,50.0,50.0,50.0,50.0,94.0,0.0,0,61.0
2026-08-30-Adana Yeşiloba Hipodromu-9,2026-08-30,9,Adana Yeşiloba Hipodromu,1900.0,TOS FER,MEHMET TİBET MURTOĞLU,YAKUP ÇAĞLAR,50.0,18,0.0,50.0,50.0,50.0,50.0,60.0,0.0,0,42.0
2026-08-30-Adana Yeşiloba Hipodromu-9,2026-08-30,9,Adana Yeşiloba Hipodromu,1900.0,VETCİHAN,FATİH SULTAN MEHMET SANSAR,MEHMET GÜNEŞ,52.0,4,0.0,50.0,50.0,50.0,50.0,68.0,0.0,0,34.0
2026-08-30-Adana Yeşiloba Hipodromu-9,2026-08-30,9,Adana Yeşiloba Hipodromu,1900.0,YEDİKARDEŞLER,MEHMET TAHA COŞKUN,MEHMET KAYA,58.5,17,0.0,50.0,50.0,50.0,0.0,94.0,0.0,1,63.0
2026-08-30-Adana Yeşiloba Hipodromu-9,2026-08-30,9,Adana Yeşiloba Hipodromu,1900.0,YUSUF KAPTAN,SALİH ÇELİK,YELİZ BAYSAL,61.5,2,0.0,50.0,50.0,50.0,50.0,94.0,0.0,0,67.0
2026-08-30-Adana Yeşiloba Hipodromu-9,2026-08-30,9,Adana Yeşiloba Hipodromu,1900.0,ÇELİK PARÇASI,MURAT AKDAĞ,YUNUS TUNCAY,50.0,5,0.0,50.0,50.0,50.0,50.0,60.0,0.0,0,44.0
2026-08-30-Adana Yeşiloba Hipodromu-9,2026-08-30,9,Adana Yeşiloba Hipodromu,1900.0,ÇİMENGÖZ,İLKER AKIN,OSMAN DEMİR,52.0,16,0.0,50.0,50.0,50.0,50.0,68.0,0.0,0,36.0
2026-08-30-Adana Yeşiloba Hipodromu-9,2026-08-30,9,Adana Yeşiloba Hipodromu,1900.0,ÖMERİNOĞLU,NİZAMETTİN DEMİR,ELİF AÇMAZ,56.0,12,55.0,50.0,50.0,50.0,46.0,84.0,0.0,1,56.0
2026-08-31-Bursa Osmangazi Hipodromu-1,2026-08-31,1,Bursa Osmangazi Hipodromu,1400.0,ANGEL QUEST,EFE AKPINAR,KAZIM ŞENGEL,60.0,1,25.0,10.0,10.0,50.0,10.0,100.0,7.49,1,50.0
2026-08-31-Bursa Osmangazi Hipodromu-1,2026-08-31,1,Bursa Osmangazi Hipodromu,1400.0,APOLLON,ONUR ATMACA,FERDİ KIRAN,52.5,5,0.0,50.0,50.0,50.0,50.0,70.0,16.5,0,38.0
2026-08-31-Bursa Osmangazi Hipodromu-1,2026-08-31,1,Bursa Osmangazi Hipodromu,1400.0,BAHRİYELİ ÇİKOK,TOLGA YILDIZ,TUNCAY ATEŞ,57.0,7,0.0,50.0,50.0,50.0,50.0,88.0,8.95,0,47.0
2026-08-31-Bursa Osmangazi Hipodromu-1,2026-08-31,1,Bursa Osmangazi Hipodromu,1400.0,BLACK BREEZE,ÇAĞLAR TAŞCI,REŞAT KILIÇ,59.0,11,0.0,50.0,50.0,50.0,50.0,96.0,1.2,0,48.0
2026-08-31-Bursa Osmangazi Hipodromu-1,2026-08-31,1,Bursa Osmangazi Hipodromu,1400.0,DEAR BRIANA,ÖMER FARUK ÖZEN,SEMİ YUDUM,54.0,13,0.0,50.0,50.0,50.0,50.0,76.0,0.84,0,36.0
2026-08-31-Bursa Osmangazi Hipodromu-1,2026-08-31,1,Bursa Osmangazi Hipodromu,1400.0,ERİKDALI,CEM ALTUN,KENAN KAYALIK,52.5,3,0.0,50.0,50.0,50.0,50.0,70.0,3.7,0,38.0
2026-08-31-Bursa Osmangazi Hipodromu-1,2026-08-31,1,Bursa Osmangazi Hipodromu,1400.0,KUMSALIM,YİĞİTCAN GÖKÇE,AHMET ÖCAL,60.0,4,0.0,50.0,50.0,50.0,50.0,100.0,2.26,0,48.0
2026-08-31-Bursa Osmangazi Hipodromu-1,2026-08-31,1,Bursa Osmangazi Hipodromu,1400.0,LORD OF NORTH,TUGAY ALICI,FAHRETTİN SEZER,55.5,10,0.0,50.0,50.0,50.0,50.0,82.0,0.55,0,35.0
2026-08-31-Bursa Osmangazi Hipodromu-1,2026-08-31,1,Bursa Osmangazi Hipodromu,1400.0,MAEGELLE,RECEP KETME,BAYRAM KOCAKAYA,55.0,8,0.0,50.0,50.0,50.0,50.0,80.0,2.92,0,47.0
2026-08-31-Bursa Osmangazi Hipodromu-1,2026-08-31,1,Bursa Osmangazi Hipodromu,1400.0,SILENT TOUCH,ALİ YILDIZ,AHMET MANTAŞ,57.5,6,0.0,50.0,50.0,50.0,50.0,90.0,27.74,0,48.0
2026-08-31-Bursa Osmangazi Hipodromu-1,2026-08-31,1,Bursa Osmangazi Hipodromu,1400.0,STORMER,MUHAMMED MİR BİLGİN,ABDULLAH TEMİZER,53.5,9,0.0,50.0,50.0,50.0,50.0,74.0,11.4,0,40.0
2026-08-31-Bursa Osmangazi Hipodromu-1,2026-08-31,1,Bursa Osmangazi Hipodromu,1400.0,SYRENA,NEVZAT AVCİ,YELİZ BAYSAL,55.5,2,0.0,50.0,50.0,50.0,50.0,82.0,14.48,0,44.0
2026-08-31-Bursa Osmangazi Hipodromu-1,2026-08-31,1,Bursa Osmangazi Hipodromu,1400.0,ZUATANEYO,EREN KADİRLER,RAMAZAN COŞKUN,56.5,12,0.0,50.0,50.0,50.0,50.0,86.0,1.97,0,41.0
2026-08-31-Bursa Osmangazi Hipodromu-2,2026-08-31,2,Bursa Osmangazi Hipodromu,1800.0,ALYCONE,GÖRKEM ÖZÇELİK,MEHMET YALÇIN,56.0,4,0.0,50.0,50.0,50.0,50.0,84.0,19.76,0,93.0
2026-08-31-Bursa Osmangazi Hipodromu-2,2026-08-31,2,Bursa Osmangazi Hipodromu,1800.0,OHIO MAN,ONUR YILDIZ,AHMET EMİN AVCI,60.0,3,0.0,50.0,50.0,50.0,50.0,100.0,10.28,0,89.0
2026-08-31-Bursa Osmangazi Hipodromu-2,2026-08-31,2,Bursa Osmangazi Hipodromu,1800.0,RECUERDAME,NEVZAT AVCİ,HÜSEYİN SUNKAR,53.5,5,85.0,82.0,50.0,50.0,82.0,74.0,7.52,1,71.0
2026-08-31-Bursa Osmangazi Hipodromu-2,2026-08-31,2,Bursa Osmangazi Hipodromu,1800.0,SELLYBOY,EFE AKPINAR,AHMET MANTAŞ,56.0,1,0.0,50.0,50.0,50.0,50.0,84.0,40.7,0,99.0
2026-08-31-Bursa Osmangazi Hipodromu-2,2026-08-31,2,Bursa Osmangazi Hipodromu,1800.0,THINDER OF SHINE,ALİ YILDIZ,AHMET MANTAŞ,56.0,2,0.0,50.0,50.0,50.0,50.0,84.0,21.74,0,90.0
2026-08-31-Bursa Osmangazi Hipodromu-3,2026-08-31,3,Bursa Osmangazi Hipodromu,1400.0,ALFA ORENDA,ÖMER FARUK ÖZEN,SARVEN ZADİK ATİLLA MİNASOĞLU,53.0,9,0.0,50.0,50.0,50.0,50.0,72.0,0.65,0,25.0
2026-08-31-Bursa Osmangazi Hipodromu-3,2026-08-31,3,Bursa Osmangazi Hipodromu,1400.0,BEYOND BRAVE,NEVZAT AVCİ,MUHAMMED UĞUR TURAN,58.0,14,0.0,50.0,50.0,50.0,50.0,92.0,5.6,0,0.0
2026-08-31-Bursa Osmangazi Hipodromu-3,2026-08-31,3,Bursa Osmangazi Hipodromu,1400.0,BLACK BLAZE,ALİ YILDIZ,TUNCAY ATEŞ,56.0,3,0.0,50.0,50.0,50.0,50.0,84.0,2.79,0,25.0
2026-08-31-Bursa Osmangazi Hipodromu-3,2026-08-31,3,Bursa Osmangazi Hipodromu,1400.0,CLYDE BARROW,YİĞİTCAN GÖKÇE,YILMAZ GÜNDOĞDİ,55.0,7,0.0,50.0,50.0,50.0,50.0,80.0,0.44,0,8.0
2026-08-31-Bursa Osmangazi Hipodromu-3,2026-08-31,3,Bursa Osmangazi Hipodromu,1400.0,FIRST ROSE,MAHMUT TURAN,SERHAT YARDIMCI,59.0,6,0.0,50.0,50.0,50.0,50.0,96.0,0.63,0,29.0
2026-08-31-Bursa Osmangazi Hipodromu-3,2026-08-31,3,Bursa Osmangazi Hipodromu,1400.0,JULYUS,ERHAN AKKAYA,MELEK ÖZGÜL,54.0,13,0.0,50.0,50.0,50.0,50.0,76.0,0.25,0,8.0
2026-08-31-Bursa Osmangazi Hipodromu-3,2026-08-31,3,Bursa Osmangazi Hipodromu,1400.0,KUZU DAYI,NURETTİN ŞEN,ALİ RIZA AYDIN,58.0,4,0.0,50.0,50.0,50.0,50.0,92.0,1.79,0,13.0
2026-08-31-Bursa Osmangazi Hipodromu-3,2026-08-31,3,Bursa Osmangazi Hipodromu,1400.0,LUNATIC TIME,RÜZGAR YILDIZ,YUSUF KAYA,52.0,11,0.0,50.0,50.0,50.0,50.0,68.0,0.27,0,22.0
2026-08-31-Bursa Osmangazi Hipodromu-3,2026-08-31,3,Bursa Osmangazi Hipodromu,1400.0,MIND GAMES,GÖKHAN KOCAKAYA,ERGÜN USLU,56.0,8,0.0,50.0,50.0,50.0,50.0,84.0,11.68,0,18.0
2026-08-31-Bursa Osmangazi Hipodromu-3,2026-08-31,3,Bursa Osmangazi Hipodromu,1400.0,RUS FARUK,KADİR TOKAÇOĞLU,AZİZ TEKDEMİR,60.0,2,0.0,50.0,50.0,50.0,50.0,100.0,14.42,0,35.0
2026-08-31-Bursa Osmangazi Hipodromu-3,2026-08-31,3,Bursa Osmangazi Hipodromu,1400.0,SHAERA,MUSTAFA ÇİÇEK,MÜLAYİM ANAT,60.0,1,0.0,50.0,50.0,50.0,50.0,100.0,52.89,0,39.0
2026-08-31-Bursa Osmangazi Hipodromu-3,2026-08-31,3,Bursa Osmangazi Hipodromu,1400.0,SWIFT RANSOM,OĞUZ EREN,MEHMET DEMİR,56.0,15,0.0,50.0,50.0,50.0,50.0,84.0,0.69,0,0.0
2026-08-31-Bursa Osmangazi Hipodromu-3,2026-08-31,3,Bursa Osmangazi Hipodromu,1400.0,UTAH,SİNAN ÖZEN,CANSU ŞİMŞEK,58.0,5,0.0,50.0,50.0,50.0,50.0,92.0,0.8,0,0.0
2026-08-31-Bursa Osmangazi Hipodromu-3,2026-08-31,3,Bursa Osmangazi Hipodromu,1400.0,YOUNG SITARE,ONUR ATMACA,AHMET EMİN AVCI,58.0,10,0.0,50.0,50.0,50.0,50.0,92.0,6.31,0,20.0
2026-08-31-Bursa Osmangazi Hipodromu-3,2026-08-31,3,Bursa Osmangazi Hipodromu,1400.0,ZAMBUCCA,BEKİR MERT MIRIK,MÜLAYİM ANAT,58.0,12,0.0,50.0,50.0,50.0,50.0,92.0,0.79,0,16.0
2026-08-31-Bursa Osmangazi Hipodromu-4,2026-08-31,4,Bursa Osmangazi Hipodromu,1300.0,AKGOBAK,OĞUZ EREN,YAŞAR ARSLANCA,56.0,9,0.0,50.0,50.0,50.0,50.0,84.0,3.59,0,87.0
2026-08-31-Bursa Osmangazi Hipodromu-4,2026-08-31,4,Bursa Osmangazi Hipodromu,1300.0,ANEMON ÇİÇEĞİ,TUGAY ALICI,TAYFUN SAYILKAN,55.0,14,0.0,50.0,50.0,50.0,50.0,80.0,0.68,0,64.0
2026-08-31-Bursa Osmangazi Hipodromu-4,2026-08-31,4,Bursa Osmangazi Hipodromu,1300.0,AYPOYRAZ,İSMAİL GÜN,TAYFUN SAYILKAN,50.0,15,0.0,50.0,50.0,50.0,50.0,60.0,0.14,0,0.0
2026-08-31-Bursa Osmangazi Hipodromu-4,2026-08-31,4,Bursa Osmangazi Hipodromu,1300.0,CANCANER,GÖRKEM ÖZÇELİK,TUNCAY TURAN,55.0,6,0.0,50.0,50.0,50.0,50.0,80.0,5.48,0,99.0
2026-08-31-Bursa Osmangazi Hipodromu-4,2026-08-31,4,Bursa Osmangazi Hipodromu,1300.0,GÜROBASI,AHMET EFEKAN ELMAS,TEKİN BİRİCİK,57.0,8,0.0,50.0,50.0,50.0,50.0,88.0,3.49,0,78.0
2026-08-31-Bursa Osmangazi Hipodromu-4,2026-08-31,4,Bursa Osmangazi Hipodromu,1300.0,HAVZALI,SERCAN TIRPAN,FERDİ KIRAN,53.0,4,0.0,0.0,0.0,50.0,0.0,72.0,1.45,1,80.0
2026-08-31-Bursa Osmangazi Hipodromu-4,2026-08-31,4,Bursa Osmangazi Hipodromu,1300.0,KÜÇÜK EYYÜP,MEHMET TAHA COŞKUN,TUNCAY ATEŞ,52.0,10,0.0,50.0,50.0,50.0,50.0,68.0,1.69,0,79.0
2026-08-31-Bursa Osmangazi Hipodromu-4,2026-08-31,4,Bursa Osmangazi Hipodromu,1300.0,MEGAFAUNA,RECEP KETME,MELEK ÖZGÜL,58.0,1,40.0,50.0,28.0,28.0,28.0,92.0,5.28,1,71.0
2026-08-31-Bursa Osmangazi Hipodromu-4,2026-08-31,4,Bursa Osmangazi Hipodromu,1300.0,MÜKREMİN,YİĞİTCAN GÖKÇE,FERHAT ALTIN,53.0,13,0.0,50.0,50.0,50.0,50.0,72.0,2.16,0,71.0
2026-08-31-Bursa Osmangazi Hipodromu-4,2026-08-31,4,Bursa Osmangazi Hipodromu,1300.0,PRENSES DI,EREN KADİRLER,RAMAZAN COŞKUN,51.0,7,0.0,0.0,50.0,0.0,0.0,64.0,1.24,1,77.0
2026-08-31-Bursa Osmangazi Hipodromu-4,2026-08-31,4,Bursa Osmangazi Hipodromu,1300.0,SARAFİM,MERTCAN ÇELİK,MEHMET EMİN AVCI,55.0,5,0.0,50.0,50.0,50.0,50.0,80.0,14.21,0,93.0
2026-08-31-Bursa Osmangazi Hipodromu-4,2026-08-31,4,Bursa Osmangazi Hipodromu,1300.0,SERHUNEFE,MUSTAFA ÇİÇEK,GÜLTEKİN SUBAŞI,61.0,2,0.0,50.0,50.0,50.0,50.0,96.0,36.24,0,92.0
2026-08-31-Bursa Osmangazi Hipodromu-4,2026-08-31,4,Bursa Osmangazi Hipodromu,1300.0,TARÇINKIZ,MUHAMMED MİR BİLGİN,MUHAMMED ALİ TURAN,60.0,3,0.0,50.0,50.0,50.0,50.0,100.0,12.35,0,87.0
2026-08-31-Bursa Osmangazi Hipodromu-4,2026-08-31,4,Bursa Osmangazi Hipodromu,1300.0,UMUDUNU KAYBETME,MEHMET KAYA,VELAT KARAKUŞ,59.0,12,0.0,50.0,50.0,50.0,50.0,96.0,8.83,0,68.0
2026-08-31-Bursa Osmangazi Hipodromu-4,2026-08-31,4,Bursa Osmangazi Hipodromu,1300.0,YANACAK,BEKİR MERT MIRIK,EKREM TURAN,55.0,11,0.0,50.0,50.0,50.0,50.0,80.0,3.18,0,72.0
2026-08-31-Bursa Osmangazi Hipodromu-5,2026-08-31,5,Bursa Osmangazi Hipodromu,2000.0,ESENYIL,BEKİR MERT MIRIK,FERHAT ALTIN,58.0,1,0.0,50.0,50.0,50.0,50.0,92.0,4.09,0,50.0
2026-08-31-Bursa Osmangazi Hipodromu-5,2026-08-31,5,Bursa Osmangazi Hipodromu,2000.0,ESRABO,EREN KADİRLER,TUNCAY ATEŞ,53.5,9,0.0,50.0,50.0,50.0,50.0,74.0,4.17,0,36.0
2026-08-31-Bursa Osmangazi Hipodromu-5,2026-08-31,5,Bursa Osmangazi Hipodromu,2000.0,GEWRE,ONUR YILDIZ,HAKAN DEMİRBAŞ,56.0,6,0.0,50.0,50.0,50.0,50.0,84.0,8.34,0,46.0
2026-08-31-Bursa Osmangazi Hipodromu-5,2026-08-31,5,Bursa Osmangazi Hipodromu,2000.0,KURUÇAY,AHMET EFEKAN ELMAS,TEKİN BİRİCİK,57.0,2,85.0,50.0,50.0,82.0,82.0,88.0,16.57,1,43.0
2026-08-31-Bursa Osmangazi Hipodromu-5,2026-08-31,5,Bursa Osmangazi Hipodromu,2000.0,LUNA,MAHMUT TURAN,SENİHA ŞEN,56.5,7,0.0,50.0,50.0,50.0,50.0,86.0,6.42,0,47.0
2026-08-31-Bursa Osmangazi Hipodromu-5,2026-08-31,5,Bursa Osmangazi Hipodromu,2000.0,NEFESİMOL,RECEP KETME,BAYRAM KOCAKAYA,52.0,3,0.0,50.0,50.0,50.0,50.0,68.0,2.51,0,30.0
2026-08-31-Bursa Osmangazi Hipodromu-5,2026-08-31,5,Bursa Osmangazi Hipodromu,2000.0,PRENSES MEHLİKA,ONUR ATMACA,KAZIM ŞENGEL,61.0,4,0.0,50.0,50.0,50.0,0.0,96.0,4.82,1,56.0
2026-08-31-Bursa Osmangazi Hipodromu-5,2026-08-31,5,Bursa Osmangazi Hipodromu,2000.0,SEMENDİN GÜCÜ,NEVZAT AVCİ,TURGAY ÇEKİCİ,61.0,11,40.0,50.0,50.0,50.0,28.0,96.0,15.55,1,51.0
2026-08-31-Bursa Osmangazi Hipodromu-5,2026-08-31,5,Bursa Osmangazi Hipodromu,2000.0,SOSAN YILDIZI,YİĞİTCAN GÖKÇE,İZZET TURAN,61.0,8,0.0,50.0,50.0,50.0,50.0,96.0,8.77,0,60.0
2026-08-31-Bursa Osmangazi Hipodromu-5,2026-08-31,5,Bursa Osmangazi Hipodromu,2000.0,SÜTLİMAN,CEMAL PASO,SALİH BAYDAN,57.0,5,0.0,50.0,50.0,50.0,50.0,88.0,23.33,0,48.0
2026-08-31-Bursa Osmangazi Hipodromu-5,2026-08-31,5,Bursa Osmangazi Hipodromu,2000.0,ÖZKEHRİBAR,MEHMET TAHA COŞKUN,ALİ KARATOPRAK,59.5,10,0.0,50.0,50.0,50.0,50.0,98.0,5.43,0,54.0
2026-08-31-Bursa Osmangazi Hipodromu-6,2026-08-31,6,Bursa Osmangazi Hipodromu,1400.0,ALTYN ORDA,EFE AKPINAR,YELİZ BAYSAL,56.0,9,0.0,50.0,50.0,50.0,50.0,84.0,1.31,0,29.0
2026-08-31-Bursa Osmangazi Hipodromu-6,2026-08-31,6,Bursa Osmangazi Hipodromu,1400.0,BLUE CHIEF,SERCAN TIRPAN,AKIN ÖZDENİZ,58.0,14,0.0,50.0,50.0,50.0,50.0,92.0,0.37,0,8.0
2026-08-31-Bursa Osmangazi Hipodromu-6,2026-08-31,6,Bursa Osmangazi Hipodromu,1400.0,CALL TO WARRIOR,MERTCAN ÇELİK,MEHMET ALİ PAKEL,56.0,7,0.0,50.0,50.0,50.0,50.0,84.0,2.85,0,22.0
2026-08-31-Bursa Osmangazi Hipodromu-6,2026-08-31,6,Bursa Osmangazi Hipodromu,1400.0,DIVINE SON,NEVZAT AVCİ,HARUN REŞİT YEŞİLBUDAK,58.0,1,0.0,50.0,50.0,50.0,50.0,92.0,32.22,0,0.0
2026-08-31-Bursa Osmangazi Hipodromu-6,2026-08-31,6,Bursa Osmangazi Hipodromu,1400.0,EMERY,KADİR TOKAÇOĞLU,RAMAZAN COŞKUN,56.0,12,0.0,50.0,50.0,50.0,50.0,84.0,3.3,0,29.0
2026-08-31-Bursa Osmangazi Hipodromu-6,2026-08-31,6,Bursa Osmangazi Hipodromu,1400.0,MR EKO,TUGAY ALICI,ERCÜMENT ERGÜNAY,58.0,6,0.0,50.0,50.0,50.0,50.0,92.0,0.74,0,0.0
2026-08-31-Bursa Osmangazi Hipodromu-6,2026-08-31,6,Bursa Osmangazi Hipodromu,1400.0,MYBOYAKIN,ONUR ATMACA,VAHİT TURAN,58.0,5,0.0,50.0,50.0,50.0,50.0,92.0,1.78,0,19.0
2026-08-31-Bursa Osmangazi Hipodromu-6,2026-08-31,6,Bursa Osmangazi Hipodromu,1400.0,QUEEN ASEL,BEKİR MERT MIRIK,RÜSTEM ALİ TEKELİ,56.0,4,0.0,50.0,50.0,50.0,50.0,84.0,6.88,0,25.0
2026-08-31-Bursa Osmangazi Hipodromu-6,2026-08-31,6,Bursa Osmangazi Hipodromu,1400.0,SHAREHOLDER,MEHMET KAYA,VELAT KARAKUŞ,63.0,2,0.0,50.0,50.0,50.0,50.0,88.0,23.49,0,33.0
2026-08-31-Bursa Osmangazi Hipodromu-6,2026-08-31,6,Bursa Osmangazi Hipodromu,1400.0,SILVER CROWN,RECEP KETME,YUSUF AKBULUT,53.0,10,0.0,50.0,50.0,50.0,50.0,72.0,1.26,0,9.0
2026-08-31-Bursa Osmangazi Hipodromu-6,2026-08-31,6,Bursa Osmangazi Hipodromu,1400.0,SOSAN,YİĞİTCAN GÖKÇE,İZZET TURAN,59.0,3,0.0,50.0,50.0,50.0,50.0,96.0,16.98,0,33.0
2026-08-31-Bursa Osmangazi Hipodromu-6,2026-08-31,6,Bursa Osmangazi Hipodromu,1400.0,SPECIAL STAR,OKAN GÖKÇE,DAVUT AKBULUT,56.0,8,0.0,50.0,50.0,50.0,50.0,84.0,1.67,0,20.0
2026-08-31-Bursa Osmangazi Hipodromu-6,2026-08-31,6,Bursa Osmangazi Hipodromu,1400.0,THREE LETTER,ÖMER FARUK ÖZEN,SEZGİN CAN GÖZÜNGÜ,55.0,11,0.0,50.0,50.0,50.0,50.0,80.0,1.96,0,17.0
2026-08-31-Bursa Osmangazi Hipodromu-6,2026-08-31,6,Bursa Osmangazi Hipodromu,1400.0,TOP POWER,CEM ALTUN,AHMET MANTAŞ,58.0,13,0.0,50.0,50.0,50.0,50.0,92.0,5.18,0,0.0
2026-08-31-Bursa Osmangazi Hipodromu-7,2026-08-31,7,Bursa Osmangazi Hipodromu,1200.0,ANGEL ON THE RIGHT,ÖMER FARUK ÖZEN,SEMİ YUDUM,57.0,4,0.0,50.0,50.0,50.0,50.0,88.0,0.0,0,73.0
2026-08-31-Bursa Osmangazi Hipodromu-7,2026-08-31,7,Bursa Osmangazi Hipodromu,1200.0,ESİN GÜZELİ,RÜZGAR YILDIZ,TUNCAY ATEŞ,50.0,3,0.0,50.0,50.0,50.0,50.0,60.0,0.0,0,52.0
2026-08-31-Bursa Osmangazi Hipodromu-7,2026-08-31,7,Bursa Osmangazi Hipodromu,1200.0,FEARLESS DRAGON,NEVZAT AVCİ,AHMET MANTAŞ,53.5,1,0.0,50.0,50.0,50.0,50.0,74.0,0.0,0,71.0
2026-08-31-Bursa Osmangazi Hipodromu-7,2026-08-31,7,Bursa Osmangazi Hipodromu,1200.0,GENERAL SHERMAN,GÖKHAN KOCAKAYA,UMUT ÇİÇEK,53.0,5,100.0,50.0,100.0,50.0,100.0,72.0,0.0,1,61.0
2026-08-31-Bursa Osmangazi Hipodromu-7,2026-08-31,7,Bursa Osmangazi Hipodromu,1200.0,KING ZELAY,MEHMET KAYA,ÜMİT TANER,56.5,2,0.0,50.0,50.0,50.0,50.0,86.0,0.0,0,68.0
2026-08-31-Bursa Osmangazi Hipodromu-7,2026-08-31,7,Bursa Osmangazi Hipodromu,1200.0,LEJUR,RECEP KETME,YILMAZ GÜNDOĞDİ,61.0,6,0.0,50.0,50.0,50.0,50.0,96.0,0.0,0,81.0
2026-08-31-Bursa Osmangazi Hipodromu-7,2026-08-31,7,Bursa Osmangazi Hipodromu,1200.0,MEGA POWER,YİĞİTCAN GÖKÇE,AKIN ÖZDENİZ,52.0,7,0.0,50.0,50.0,50.0,50.0,68.0,0.0,0,55.0
2026-08-31-Bursa Osmangazi Hipodromu-7,2026-08-31,7,Bursa Osmangazi Hipodromu,1200.0,MY BOY GÖKSU,BEKİR MERT MIRIK,REŞAT KILIÇ,52.0,8,0.0,50.0,50.0,50.0,50.0,68.0,0.0,0,51.0
2026-08-31-Bursa Osmangazi Hipodromu-7,2026-08-31,7,Bursa Osmangazi Hipodromu,1200.0,STAR MY BEST,ONUR ATMACA,TUNCAY TURAN,59.5,9,0.0,50.0,50.0,50.0,50.0,98.0,0.0,0,74.0
2026-08-31-Bursa Osmangazi Hipodromu-8,2026-08-31,8,Bursa Osmangazi Hipodromu,1300.0,BRAVE ATHENA,SİNAN ÖZEN,NURHAN BAKIR,57.0,5,0.0,50.0,50.0,50.0,50.0,88.0,0.0,0,49.0
2026-08-31-Bursa Osmangazi Hipodromu-8,2026-08-31,8,Bursa Osmangazi Hipodromu,1300.0,PERHAPS,GÖKHAN KOCAKAYA,MURAT TÜRKOĞLU,57.0,1,0.0,50.0,50.0,50.0,50.0,88.0,0.0,0,51.0
2026-08-31-Bursa Osmangazi Hipodromu-8,2026-08-31,8,Bursa Osmangazi Hipodromu,1300.0,PONCA,NEVZAT AVCİ,HÜSEYİN SUNKAR,55.0,2,0.0,50.0,50.0,50.0,50.0,80.0,0.0,0,46.0
2026-08-31-Bursa Osmangazi Hipodromu-8,2026-08-31,8,Bursa Osmangazi Hipodromu,1300.0,SUGAR STORM,MAHMUT TURAN,KAZIM ŞENGEL,55.0,4,0.0,50.0,50.0,50.0,50.0,80.0,0.0,0,40.0
2026-08-31-Bursa Osmangazi Hipodromu-8,2026-08-31,8,Bursa Osmangazi Hipodromu,1300.0,WOLF WOMEN,MUHAMMED MİR BİLGİN,AHMET MANTAŞ,54.0,3,0.0,50.0,50.0,50.0,50.0,76.0,0.0,0,47.0
2026-08-31-Bursa Osmangazi Hipodromu-9,2026-08-31,9,Bursa Osmangazi Hipodromu,1400.0,BABA ZÜLKÜF,KADİR TOKAÇOĞLU,AHMET ÖCAL,58.0,7,0.0,50.0,50.0,50.0,50.0,92.0,0.0,0,19.0
2026-08-31-Bursa Osmangazi Hipodromu-9,2026-08-31,9,Bursa Osmangazi Hipodromu,1400.0,GONE WITH STORM,TUGAY ALICI,MEHMET DEMİR,58.0,8,0.0,50.0,50.0,50.0,50.0,92.0,0.0,0,22.0
2026-08-31-Bursa Osmangazi Hipodromu-9,2026-08-31,9,Bursa Osmangazi Hipodromu,1400.0,LAST CHANCE GIRL,RECEP KETME,NİHAT KAYA,53.0,6,0.0,50.0,50.0,50.0,50.0,72.0,0.0,0,18.0
2026-08-31-Bursa Osmangazi Hipodromu-9,2026-08-31,9,Bursa Osmangazi Hipodromu,1400.0,LIFE AND LIGHT,MUHAMMED MİR BİLGİN,HÜSEYİN KARABULUT,60.0,1,0.0,50.0,50.0,50.0,50.0,100.0,0.0,0,35.0
2026-08-31-Bursa Osmangazi Hipodromu-9,2026-08-31,9,Bursa Osmangazi Hipodromu,1400.0,LOVE IN MELİSA,HÜSEYİN TURAN,AHMET ÖCAL,56.0,13,0.0,50.0,50.0,50.0,50.0,84.0,0.0,0,8.0
2026-08-31-Bursa Osmangazi Hipodromu-9,2026-08-31,9,Bursa Osmangazi Hipodromu,1400.0,MAMBERAMO,OĞUZ EREN,ŞEYDA GÜMÜŞ,56.0,10,0.0,50.0,50.0,50.0,50.0,84.0,0.0,0,9.0
2026-08-31-Bursa Osmangazi Hipodromu-9,2026-08-31,9,Bursa Osmangazi Hipodromu,1400.0,MEVLÜDE HATUN,NEVZAT AVCİ,İBRAHİM KIZILDAĞ,56.0,3,0.0,50.0,50.0,50.0,50.0,84.0,0.0,0,26.0
2026-08-31-Bursa Osmangazi Hipodromu-9,2026-08-31,9,Bursa Osmangazi Hipodromu,1400.0,NORTH DANCER,ÖMER FARUK ÖZEN,ŞEYDA GÜMÜŞ,55.0,4,0.0,50.0,50.0,50.0,50.0,80.0,0.0,0,14.0
2026-08-31-Bursa Osmangazi Hipodromu-9,2026-08-31,9,Bursa Osmangazi Hipodromu,1400.0,PERSIAN JADE,EREN KADİRLER,KAZIM ŞENGEL,53.0,5,0.0,50.0,50.0,50.0,50.0,72.0,0.0,0,18.0
2026-08-31-Bursa Osmangazi Hipodromu-9,2026-08-31,9,Bursa Osmangazi Hipodromu,1400.0,SINIR KARTALI,CEMAL PASO,RAMAZAN AKDUMAN,58.0,12,0.0,50.0,50.0,50.0,50.0,92.0,0.0,0,9.0
2026-08-31-Bursa Osmangazi Hipodromu-9,2026-08-31,9,Bursa Osmangazi Hipodromu,1400.0,VERONA SPRING,MUSTAFA ÇİÇEK,FERDİ KIRAN,58.0,9,0.0,50.0,50.0,50.0,50.0,92.0,0.0,0,29.0
2026-08-31-Bursa Osmangazi Hipodromu-9,2026-08-31,9,Bursa Osmangazi Hipodromu,1400.0,WAR BOY,SİNAN ÖZEN,GALİP KILIÇ,58.0,2,0.0,50.0,50.0,50.0,50.0,92.0,0.0,0,0.0
2026-08-31-Bursa Osmangazi Hipodromu-9,2026-08-31,9,Bursa Osmangazi Hipodromu,1400.0,ÇAKÇİTOS,İSMAİL KATI,TURGAY ÇEKİCİ,58.0,11,0.0,50.0,50.0,50.0,50.0,92.0,0.0,0,0.0
2026-08-31-Bursa Osmangazi Hipodromu-10,2026-08-31,10,Bursa Osmangazi Hipodromu,1800.0,ARLİN SU,CEMAL PASO,TURGAY ÇEKİCİ,55.0,11,0.0,50.0,50.0,50.0,50.0,80.0,0.0,0,36.0
2026-08-31-Bursa Osmangazi Hipodromu-10,2026-08-31,10,Bursa Osmangazi Hipodromu,1800.0,BALATÜRK,EREN KADİRLER,YASİN TAŞKIN,52.5,12,0.0,50.0,50.0,50.0,50.0,70.0,0.0,0,35.0
2026-08-31-Bursa Osmangazi Hipodromu-10,2026-08-31,10,Bursa Osmangazi Hipodromu,1800.0,CEVATHAN,MAHMUT TURAN,MUHAMMED ALİ TURAN,60.5,1,0.0,50.0,50.0,50.0,50.0,98.0,0.0,0,47.0
2026-08-31-Bursa Osmangazi Hipodromu-10,2026-08-31,10,Bursa Osmangazi Hipodromu,1800.0,DAĞ YONCASI,NURETTİN ŞEN,TUNCAY ATEŞ,56.0,5,70.0,64.0,50.0,50.0,64.0,84.0,0.0,1,38.0
2026-08-31-Bursa Osmangazi Hipodromu-10,2026-08-31,10,Bursa Osmangazi Hipodromu,1800.0,DERMANCAN,GÖRKEM ÖZÇELİK,KIVANÇ KINAY,54.0,15,0.0,50.0,50.0,50.0,50.0,76.0,0.0,0,34.0
2026-08-31-Bursa Osmangazi Hipodromu-10,2026-08-31,10,Bursa Osmangazi Hipodromu,1800.0,EFSANE HANIM,MEHMET TAHA COŞKUN,MERT DEMİRTAŞ,57.0,6,0.0,50.0,50.0,50.0,50.0,88.0,0.0,0,46.0
2026-08-31-Bursa Osmangazi Hipodromu-10,2026-08-31,10,Bursa Osmangazi Hipodromu,1800.0,HÜMALI KIZ,ALİ YILDIZ,TUNCAY ATEŞ,57.5,3,0.0,50.0,50.0,50.0,50.0,90.0,0.0,0,41.0
2026-08-31-Bursa Osmangazi Hipodromu-10,2026-08-31,10,Bursa Osmangazi Hipodromu,1800.0,MATİLDA HANIM,ÇAĞLAR TAŞCI,FATİH ŞEN,53.0,9,0.0,50.0,50.0,50.0,50.0,72.0,0.0,0,32.0
2026-08-31-Bursa Osmangazi Hipodromu-10,2026-08-31,10,Bursa Osmangazi Hipodromu,1800.0,ONURSÜREN,ÖMER FARUK ÖZEN,SEZGİN CAN GÖZÜNGÜ,52.0,4,0.0,50.0,50.0,50.0,50.0,68.0,0.0,0,22.0
2026-08-31-Bursa Osmangazi Hipodromu-10,2026-08-31,10,Bursa Osmangazi Hipodromu,1800.0,SAHAFBEY,İSMAİL GÜN,RAMAZAN AKDUMAN,52.0,14,0.0,50.0,50.0,50.0,50.0,68.0,0.0,0,10.0
2026-08-31-Bursa Osmangazi Hipodromu-10,2026-08-31,10,Bursa Osmangazi Hipodromu,1800.0,SANCAR EFESİ,EFE AKPINAR,KAZIM ŞENGEL,58.5,7,100.0,100.0,50.0,50.0,100.0,94.0,0.0,1,49.0
2026-08-31-Bursa Osmangazi Hipodromu-10,2026-08-31,10,Bursa Osmangazi Hipodromu,1800.0,TARIKCANBEY,CEM ALTUN,KIVANÇ KINAY,56.0,16,0.0,50.0,50.0,50.0,50.0,84.0,0.0,0,38.0
2026-08-31-Bursa Osmangazi Hipodromu-10,2026-08-31,10,Bursa Osmangazi Hipodromu,1800.0,TEKÖMER,RECEP KETME,MEHMET DEMİR,58.0,10,0.0,50.0,50.0,50.0,50.0,92.0,0.0,0,46.0
2026-08-31-Bursa Osmangazi Hipodromu-10,2026-08-31,10,Bursa Osmangazi Hipodromu,1800.0,TURGUT BEY,RÜZGAR YILDIZ,MURAT TÜRKOĞLU,52.0,13,0.0,50.0,50.0,50.0,50.0,68.0,0.0,0,36.0
2026-08-31-Bursa Osmangazi Hipodromu-10,2026-08-31,10,Bursa Osmangazi Hipodromu,1800.0,YAKUP ABİ,MUHAMMED MİR BİLGİN,FERHAT ALTIN,58.0,2,40.0,28.0,50.0,50.0,28.0,92.0,0.0,1,42.0
2026-08-31-Bursa Osmangazi Hipodromu-10,2026-08-31,10,Bursa Osmangazi Hipodromu,1800.0,İHTİMAL,SERCAN TIRPAN,TEKİN BİRİCİK,52.0,8,0.0,0.0,50.0,50.0,0.0,68.0,0.0,1,8.0
2026-08-31-Elazığ Hipodromu-1,2026-08-31,1,Elazığ Hipodromu,1200.0,ALGANHAN,REMZİ DOĞAN,HAKAN ATAKAYA,56.0,12,0.0,50.0,50.0,50.0,50.0,84.0,10.84,0,86.0
2026-08-31-Elazığ Hipodromu-1,2026-08-31,1,Elazığ Hipodromu,1200.0,BİRÇETİN,HÜSEYİN ALTUNKILIÇ,ARİF IŞIK,56.0,7,0.0,50.0,50.0,50.0,50.0,84.0,12.73,0,86.0
2026-08-31-Elazığ Hipodromu-1,2026-08-31,1,Elazığ Hipodromu,1200.0,BİTİRİM SEDA,NECMİ ALTIN,İBRAHİM ATMACA,54.0,4,0.0,0.0,0.0,50.0,0.0,76.0,2.62,1,56.0
2026-08-31-Elazığ Hipodromu-1,2026-08-31,1,Elazığ Hipodromu,1200.0,DEDE YALAZ,İSA AKYAVUZ,ARİF IŞIK,56.0,3,0.0,0.0,50.0,50.0,0.0,84.0,6.84,1,70.0
2026-08-31-Elazığ Hipodromu-1,2026-08-31,1,Elazığ Hipodromu,1200.0,HAMDİ AĞA,İSA KATAR,SÜLEYMAN KARAKEÇİLİ,59.0,8,0.0,0.0,0.0,0.0,0.0,96.0,2.39,1,50.0
2026-08-31-Elazığ Hipodromu-1,2026-08-31,1,Elazığ Hipodromu,1200.0,KILIÇ OSMAN,ABDULLAH ÇANKAYA,MEHMET KAYA,61.0,11,0.0,50.0,50.0,50.0,50.0,96.0,6.72,0,77.0
2026-08-31-Elazığ Hipodromu-1,2026-08-31,1,Elazığ Hipodromu,1200.0,LARİSA,AHMET HASAN BAYAR,SÜLEYMAN KARAKEÇİLİ,59.0,1,0.0,50.0,50.0,50.0,50.0,96.0,8.23,0,76.0
2026-08-31-Elazığ Hipodromu-1,2026-08-31,1,Elazığ Hipodromu,1200.0,MELİHTAY,AZİZ AKDEMİR,MEHMET ALTIN,56.0,5,40.0,50.0,28.0,50.0,50.0,84.0,13.42,1,71.0
2026-08-31-Elazığ Hipodromu-1,2026-08-31,1,Elazığ Hipodromu,1200.0,YAĞIZALP,FERİT YARDIMCI,İBRAHİM ATMACA,62.0,9,0.0,50.0,50.0,50.0,50.0,92.0,17.16,0,80.0
2026-08-31-Elazığ Hipodromu-1,2026-08-31,1,Elazığ Hipodromu,1200.0,YOLKIRAN,YUSUF CENGİZ,MEHMET ALTIN,61.0,10,0.0,50.0,0.0,50.0,0.0,96.0,6.25,1,60.0
2026-08-31-Elazığ Hipodromu-1,2026-08-31,1,Elazığ Hipodromu,1200.0,ÇETİNYEL,MEHMET DOĞAN,FİGEN BAKIR,55.0,6,0.0,50.0,50.0,50.0,50.0,80.0,2.2,0,32.0
2026-08-31-Elazığ Hipodromu-1,2026-08-31,1,Elazığ Hipodromu,1200.0,ÖZAYDIN,MEHMET ALİ AKTÜRK,MEHMET KAYA,56.0,2,0.0,50.0,50.0,50.0,50.0,84.0,10.58,0,95.0
2026-08-31-Elazığ Hipodromu-2,2026-08-31,2,Elazığ Hipodromu,1500.0,ADANALI DEMİR,NECMİ ALTIN,İBRAHİM ATMACA,57.0,6,40.0,28.0,50.0,50.0,28.0,88.0,6.14,1,25.0
2026-08-31-Elazığ Hipodromu-2,2026-08-31,2,Elazığ Hipodromu,1500.0,KAUÇUKÇU,FERİT YARDIMCI,OSMAN DEMİR,57.0,1,70.0,64.0,50.0,64.0,64.0,88.0,18.48,1,27.0
2026-08-31-Elazığ Hipodromu-2,2026-08-31,2,Elazığ Hipodromu,1500.0,KRAL LAMİ,İSA AKYAVUZ,ERCAN ALTIN,59.0,2,85.0,50.0,50.0,50.0,82.0,96.0,57.37,1,27.0
2026-08-31-Elazığ Hipodromu-2,2026-08-31,2,Elazığ Hipodromu,1500.0,KİNG BEDİRHAN,MEHMET ALİ AKTÜRK,RAMAZAN BARMAN,57.0,4,10.0,0.0,50.0,0.0,50.0,88.0,1.38,1,7.0
2026-08-31-Elazığ Hipodromu-2,2026-08-31,2,Elazığ Hipodromu,1500.0,RECEPPAŞA,İSA KATAR,MEHMET ALİ SUBAY,57.0,3,70.0,64.0,50.0,64.0,64.0,88.0,7.55,1,21.0
2026-08-31-Elazığ Hipodromu-2,2026-08-31,2,Elazığ Hipodromu,1500.0,RÜZGAR DELİSİ,SAMİ KAPLAN,ERCAN ALTIN,57.0,7,0.0,0.0,50.0,50.0,0.0,88.0,1.97,1,7.0
2026-08-31-Elazığ Hipodromu-2,2026-08-31,2,Elazığ Hipodromu,1500.0,UÇAN GENÇ,AZİZ AKDEMİR,HAKAN ATAKAYA,57.0,8,0.0,0.0,50.0,50.0,0.0,88.0,1.46,1,0.0
2026-08-31-Elazığ Hipodromu-2,2026-08-31,2,Elazığ Hipodromu,1500.0,ÖZGÜRAK,YUSUF CENGİZ,İBRAHİM ATMACA,57.0,5,0.0,50.0,50.0,50.0,50.0,88.0,5.66,0,24.0
2026-08-31-Elazığ Hipodromu-3,2026-08-31,3,Elazığ Hipodromu,2000.0,BARBAROSOĞLU,YUNUS ÇELİKBAŞ,ARİF IŞIK,59.0,3,0.0,50.0,50.0,50.0,50.0,96.0,11.63,0,39.0
2026-08-31-Elazığ Hipodromu-3,2026-08-31,3,Elazığ Hipodromu,2000.0,CAN YAKUP,HÜSEYİN ALTUNKILIÇ,ARİF IŞIK,55.0,5,0.0,50.0,50.0,50.0,50.0,80.0,4.85,0,31.0
2026-08-31-Elazığ Hipodromu-3,2026-08-31,3,Elazığ Hipodromu,2000.0,EYBERK,AZİZ AKDEMİR,ELİF AÇMAZ,58.5,8,70.0,50.0,50.0,50.0,64.0,94.0,12.7,1,38.0
2026-08-31-Elazığ Hipodromu-3,2026-08-31,3,Elazığ Hipodromu,2000.0,KAPGAN KAĞAN,ABDULLAH ÇANKAYA,VELİ ÇİZİK,52.0,11,0.0,50.0,50.0,50.0,50.0,68.0,5.01,0,17.0
2026-08-31-Elazığ Hipodromu-3,2026-08-31,3,Elazığ Hipodromu,2000.0,MOHİ TAY,NECMİ ALTIN,TEMÜR AYDIN,63.0,2,0.0,50.0,50.0,50.0,50.0,88.0,9.87,0,42.0
2026-08-31-Elazığ Hipodromu-3,2026-08-31,3,Elazığ Hipodromu,2000.0,POWER OF RED,SAMİ KAPLAN,MEHMET KAYA,57.5,10,0.0,50.0,50.0,50.0,50.0,90.0,17.92,0,36.0
2026-08-31-Elazığ Hipodromu-3,2026-08-31,3,Elazığ Hipodromu,2000.0,TURBO BEYİ,İSA AKYAVUZ,ELİF AÇMAZ,59.0,6,0.0,50.0,50.0,50.0,50.0,96.0,9.64,0,39.0
2026-08-31-Elazığ Hipodromu-3,2026-08-31,3,Elazığ Hipodromu,2000.0,TURBOKOLİK,FERİT YARDIMCI,ARİF IŞIK,54.0,4,0.0,50.0,50.0,50.0,50.0,76.0,10.34,0,29.0
2026-08-31-Elazığ Hipodromu-3,2026-08-31,3,Elazığ Hipodromu,2000.0,VARTOALAGÖZ,MUHAMMED BARAN ÇAKMAK,ARİF IŞIK,52.5,9,0.0,50.0,50.0,50.0,50.0,70.0,3.99,0,26.0
2026-08-31-Elazığ Hipodromu-3,2026-08-31,3,Elazığ Hipodromu,2000.0,YAĞTU,YUSUF CENGİZ,SİNEM BAKIR,60.5,1,0.0,50.0,50.0,50.0,50.0,98.0,11.97,0,42.0
2026-08-31-Elazığ Hipodromu-3,2026-08-31,3,Elazığ Hipodromu,2000.0,ZOR ODİN,REMZİ DOĞAN,RAMAZAN BARMAN,56.5,7,0.0,50.0,50.0,50.0,50.0,86.0,2.09,0,34.0
2026-08-31-Elazığ Hipodromu-4,2026-08-31,4,Elazığ Hipodromu,1900.0,AEMOND,AHMET HASAN BAYAR,SALİH BECENE,58.0,1,0.0,50.0,50.0,50.0,50.0,92.0,4.6,0,33.0
2026-08-31-Elazığ Hipodromu-4,2026-08-31,4,Elazığ Hipodromu,1900.0,BANDID,AZİZ AKDEMİR,VELİ ÇİZİK,60.0,4,100.0,100.0,100.0,50.0,100.0,100.0,23.18,1,46.0
2026-08-31-Elazığ Hipodromu-4,2026-08-31,4,Elazığ Hipodromu,1900.0,COSAS,SAMİ KAPLAN,SALİH BECENE,54.0,11,0.0,50.0,50.0,50.0,50.0,76.0,1.53,0,19.0
2026-08-31-Elazığ Hipodromu-4,2026-08-31,4,Elazığ Hipodromu,1900.0,KING BOREAS,İSA KATAR,MEHMET KAYA,60.0,9,70.0,64.0,64.0,50.0,64.0,100.0,9.88,1,37.0
2026-08-31-Elazığ Hipodromu-4,2026-08-31,4,Elazığ Hipodromu,1900.0,PROBABLY THE BEST,MEHMET ALİ AKTÜRK,MEHMET KAYA,55.0,8,0.0,50.0,50.0,50.0,50.0,80.0,2.93,0,39.0
2026-08-31-Elazığ Hipodromu-4,2026-08-31,4,Elazığ Hipodromu,1900.0,RANIL OĞLU,HÜSEYİN ALTUNKILIÇ,MEHMET ALTIN,54.0,6,0.0,0.0,50.0,50.0,0.0,76.0,1.21,1,23.0
2026-08-31-Elazığ Hipodromu-4,2026-08-31,4,Elazığ Hipodromu,1900.0,ROYAL WARRIOR,FERİT YARDIMCI,ZEKERİYA AKDEMİR,60.0,3,0.0,50.0,50.0,50.0,50.0,100.0,13.86,0,56.0
2026-08-31-Elazığ Hipodromu-4,2026-08-31,4,Elazığ Hipodromu,1900.0,SILVEN,YUSUF CENGİZ,KADİR TAŞDEMİR,60.0,2,85.0,82.0,82.0,50.0,82.0,100.0,16.22,1,41.0
2026-08-31-Elazığ Hipodromu-4,2026-08-31,4,Elazığ Hipodromu,1900.0,TALEBE,NECMİ ALTIN,ERCAN ALTIN,55.0,7,0.0,50.0,50.0,50.0,50.0,80.0,16.04,0,28.0
2026-08-31-Elazığ Hipodromu-4,2026-08-31,4,Elazığ Hipodromu,1900.0,VALLEY OF HONOUR,MEHMET TAŞKAYA,MEHMET ALTIN,55.0,10,0.0,50.0,50.0,50.0,50.0,80.0,7.05,0,27.0
2026-08-31-Elazığ Hipodromu-4,2026-08-31,4,Elazığ Hipodromu,1900.0,ÇEVİK DEVRANI,MEHMET DOĞAN,MUHAMMED BULUÇ,55.0,5,0.0,50.0,50.0,50.0,50.0,80.0,3.5,0,36.0
2026-08-31-Elazığ Hipodromu-5,2026-08-31,5,Elazığ Hipodromu,1500.0,ATAKAYA HÜKÜMDARI,MEHMET DOĞAN,HAKAN ATAKAYA,57.0,8,40.0,28.0,50.0,50.0,28.0,88.0,2.78,1,14.0
2026-08-31-Elazığ Hipodromu-5,2026-08-31,5,Elazığ Hipodromu,1500.0,AVUS MAZEN,MUHAMMED BARAN ÇAKMAK,FİGEN BAKIR,55.0,9,0.0,50.0,50.0,50.0,50.0,80.0,6.33,0,18.0
2026-08-31-Elazığ Hipodromu-5,2026-08-31,5,Elazığ Hipodromu,1500.0,BY ORMANCI,YUSUF CENGİZ,FİGEN BAKIR,57.0,5,0.0,0.0,50.0,50.0,0.0,88.0,3.47,1,0.0
2026-08-31-Elazığ Hipodromu-5,2026-08-31,5,Elazığ Hipodromu,1500.0,EFSANE YILMAZ,MEHMET ALİ AKTÜRK,HAKAN ATAKAYA,57.0,3,55.0,46.0,50.0,46.0,46.0,88.0,4.51,1,19.0
2026-08-31-Elazığ Hipodromu-5,2026-08-31,5,Elazığ Hipodromu,1500.0,EMOHELİL,İSA AKYAVUZ,MEHMET ALİ SUBAY,60.0,1,85.0,82.0,50.0,82.0,50.0,100.0,54.61,1,26.0
2026-08-31-Elazığ Hipodromu-5,2026-08-31,5,Elazığ Hipodromu,1500.0,GÜLPAŞA,REMZİ DOĞAN,BAHATTİN DEMİRKAPU,57.0,4,25.0,10.0,50.0,10.0,10.0,88.0,4.35,1,15.0
2026-08-31-Elazığ Hipodromu-5,2026-08-31,5,Elazığ Hipodromu,1500.0,IŞIKALP,FERİT YARDIMCI,MEHMET ALTIN,57.0,7,55.0,50.0,50.0,50.0,46.0,88.0,15.02,1,20.0
2026-08-31-Elazığ Hipodromu-5,2026-08-31,5,Elazığ Hipodromu,1500.0,MİRZACAN,NECMİ ALTIN,RAMAZAN BARMAN,57.0,2,10.0,0.0,50.0,0.0,0.0,88.0,5.36,1,10.0
2026-08-31-Elazığ Hipodromu-5,2026-08-31,5,Elazığ Hipodromu,1500.0,ŞAH TUNALI,HÜSEYİN ALTUNKILIÇ,HAKAN ATAKAYA,57.0,6,0.0,0.0,50.0,50.0,50.0,88.0,3.57,1,21.0
2026-08-31-Elazığ Hipodromu-6,2026-08-31,6,Elazığ Hipodromu,1200.0,DAUGHTER OF VICTOR,YUNUS ÇELİKBAŞ,VELİ ÇİZİK,57.5,4,85.0,82.0,82.0,82.0,82.0,90.0,12.51,1,33.0
2026-08-31-Elazığ Hipodromu-6,2026-08-31,6,Elazığ Hipodromu,1200.0,KING RHAEGAL,NECMİ ALTIN,SALİH BECENE,57.0,6,0.0,50.0,50.0,50.0,50.0,88.0,23.25,0,32.0
2026-08-31-Elazığ Hipodromu-6,2026-08-31,6,Elazığ Hipodromu,1200.0,PINAR,AHMET HASAN BAYAR,KADİR TAŞDEMİR,58.0,2,0.0,50.0,50.0,50.0,50.0,92.0,25.2,0,34.0
2026-08-31-Elazığ Hipodromu-6,2026-08-31,6,Elazığ Hipodromu,1200.0,VOOYASUB,HAKİM YÖNDEN,İBRAHİM ATMACA,53.5,5,55.0,46.0,46.0,50.0,46.0,74.0,7.57,1,31.0
2026-08-31-Elazığ Hipodromu-6,2026-08-31,6,Elazığ Hipodromu,1200.0,ÇELİK STAR,AZİZ AKDEMİR,SÜLEYMAN KARAKEÇİLİ,57.5,3,0.0,50.0,50.0,50.0,50.0,90.0,10.96,0,33.0
2026-08-31-Elazığ Hipodromu-6,2026-08-31,6,Elazığ Hipodromu,1200.0,ŞAHPERİ,FERİT YARDIMCI,OSMAN DEMİR,57.0,1,0.0,50.0,50.0,50.0,50.0,88.0,20.52,0,32.0
2026-08-31-Elazığ Hipodromu-7,2026-08-31,7,Elazığ Hipodromu,2000.0,APOLACYPSE,ABDULLAH ÇANKAYA,ELİF AÇMAZ,62.0,2,0.0,50.0,50.0,0.0,0.0,92.0,0.0,1,52.0
2026-08-31-Elazığ Hipodromu-7,2026-08-31,7,Elazığ Hipodromu,2000.0,DANCING GRACE,HAKİM YÖNDEN,MAHMUT DOĞAN,52.0,7,0.0,50.0,50.0,50.0,50.0,68.0,0.0,0,31.0
2026-08-31-Elazığ Hipodromu-7,2026-08-31,7,Elazığ Hipodromu,2000.0,DOBRA KIZ,HÜSEYİN ALTUNKILIÇ,SİNEM BAKIR,54.0,6,0.0,50.0,50.0,50.0,50.0,76.0,0.0,0,36.0
2026-08-31-Elazığ Hipodromu-7,2026-08-31,7,Elazığ Hipodromu,2000.0,INFORMACTION,AZİZ AKDEMİR,ZEKERİYA AKDEMİR,62.5,4,0.0,50.0,50.0,50.0,50.0,90.0,0.0,0,53.0
2026-08-31-Elazığ Hipodromu-7,2026-08-31,7,Elazığ Hipodromu,2000.0,LEO MELO,SAMİ KAPLAN,ESER YILDIRIM,52.5,1,55.0,46.0,46.0,50.0,50.0,70.0,0.0,1,33.0
2026-08-31-Elazığ Hipodromu-7,2026-08-31,7,Elazığ Hipodromu,2000.0,MARDİ GRAS,İSA AKYAVUZ,OSMAN DEMİR,60.5,3,0.0,50.0,50.0,50.0,50.0,98.0,0.0,0,49.0
2026-08-31-Elazığ Hipodromu-7,2026-08-31,7,Elazığ Hipodromu,2000.0,MELİS HANIM,MEHMET DOĞAN,MUHAMMED BULUÇ,63.0,5,10.0,0.0,0.0,50.0,0.0,88.0,0.0,1,54.0
2026-08-31-Elazığ Hipodromu-7,2026-08-31,7,Elazığ Hipodromu,2000.0,MR SHORTY,ÇETİN CANPOLAT,HAKAN ATAKAYA,52.0,12,0.0,50.0,50.0,50.0,50.0,68.0,0.0,0,30.0
2026-08-31-Elazığ Hipodromu-7,2026-08-31,7,Elazığ Hipodromu,2000.0,SAKLIKAPI,NECMİ ALTIN,TUĞRUL TAHTA,59.0,8,0.0,50.0,50.0,50.0,50.0,96.0,0.0,0,46.0
2026-08-31-Elazığ Hipodromu-7,2026-08-31,7,Elazığ Hipodromu,2000.0,TALENTED HERO,MEHMET TAŞKAYA,RAMAZAN BARMAN,58.0,9,0.0,50.0,50.0,50.0,50.0,92.0,0.0,0,44.0
2026-08-31-Elazığ Hipodromu-7,2026-08-31,7,Elazığ Hipodromu,2000.0,THE SNAKE PIT,MUHAMMED BARAN ÇAKMAK,HAKAN ATAKAYA,52.0,11,0.0,50.0,50.0,50.0,50.0,68.0,0.0,0,28.0
2026-08-31-Elazığ Hipodromu-7,2026-08-31,7,Elazığ Hipodromu,2000.0,YILAN DERELİ,YUSUF CENGİZ,HAKAN ATAKAYA,59.0,10,0.0,50.0,50.0,50.0,50.0,96.0,0.0,0,46.0
2026-08-31-Elazığ Hipodromu-8,2026-08-31,8,Elazığ Hipodromu,1200.0,BÜYÜK HATUN,ABDULLAH ÇANKAYA,ERCAN ALTIN,52.5,11,0.0,50.0,50.0,50.0,50.0,70.0,0.0,0,31.0
2026-08-31-Elazığ Hipodromu-8,2026-08-31,8,Elazığ Hipodromu,1200.0,BİLGİNURKIZI,ÇETİN CANPOLAT,SALİH BECENE,52.5,2,0.0,50.0,50.0,50.0,50.0,70.0,0.0,0,31.0
2026-08-31-Elazığ Hipodromu-8,2026-08-31,8,Elazığ Hipodromu,1200.0,CANŞİLAN,HÜSEYİN ALTUNKILIÇ,MAHMUT DOĞAN,53.5,4,0.0,50.0,50.0,50.0,50.0,74.0,0.0,0,33.0
2026-08-31-Elazığ Hipodromu-8,2026-08-31,8,Elazığ Hipodromu,1200.0,ELİFNAZ HANIM,AHMET HASAN BAYAR,MEHMET ALİ SUBAY,54.0,13,0.0,50.0,50.0,50.0,50.0,76.0,0.0,0,34.0
2026-08-31-Elazığ Hipodromu-8,2026-08-31,8,Elazığ Hipodromu,1200.0,FİRİYOZA,AZİZ AKDEMİR,MEHMET ALİ SUBAY,58.0,5,0.0,50.0,50.0,50.0,50.0,92.0,0.0,0,42.0
2026-08-31-Elazığ Hipodromu-8,2026-08-31,8,Elazığ Hipodromu,1200.0,GÜNÇİÇEK,YUNUS ÇELİKBAŞ,BAVER FAHRİOĞLU,54.0,10,0.0,50.0,50.0,50.0,50.0,76.0,0.0,0,34.0
2026-08-31-Elazığ Hipodromu-8,2026-08-31,8,Elazığ Hipodromu,1200.0,GÜZELBİLGE,FERİT YARDIMCI,EYYÜP YARDIMCI,55.0,8,0.0,50.0,50.0,50.0,50.0,80.0,0.0,0,36.0
2026-08-31-Elazığ Hipodromu-8,2026-08-31,8,Elazığ Hipodromu,1200.0,LEZGİNTAY,MUHAMMED BARAN ÇAKMAK,RAMAZAN BARMAN,53.5,7,0.0,50.0,50.0,50.0,50.0,74.0,0.0,0,37.0
2026-08-31-Elazığ Hipodromu-8,2026-08-31,8,Elazığ Hipodromu,1200.0,NARLIGÖL,MEHMET DOĞAN,İBRAHİM ATMACA,55.0,12,0.0,50.0,50.0,50.0,50.0,80.0,0.0,0,36.0
2026-08-31-Elazığ Hipodromu-8,2026-08-31,8,Elazığ Hipodromu,1200.0,RUHİNAZ,HAKİM YÖNDEN,RAMAZAN BARMAN,52.5,3,0.0,50.0,50.0,50.0,50.0,70.0,0.0,0,31.0
2026-08-31-Elazığ Hipodromu-8,2026-08-31,8,Elazığ Hipodromu,1200.0,SEDERİ GÜZELİ,MEHMET ALİ AKTÜRK,MEHMET ALİ SUBAY,58.0,6,0.0,50.0,50.0,50.0,50.0,92.0,0.0,0,42.0
2026-08-31-Elazığ Hipodromu-8,2026-08-31,8,Elazığ Hipodromu,1200.0,SON KRALİÇE,İSA AKYAVUZ,ERCAN ALTIN,53.0,1,0.0,50.0,50.0,50.0,50.0,72.0,0.0,0,32.0
2026-08-31-Elazığ Hipodromu-8,2026-08-31,8,Elazığ Hipodromu,1200.0,VIZVIZ KIZ,SAMİ KAPLAN,ALEYNA ELA TERKİN,53.5,9,0.0,50.0,50.0,50.0,50.0,74.0,0.0,0,33.0
2026-09-01-Ankara 75. Yıl Hipodromu-1,2026-09-01,1,Ankara 75. Yıl Hipodromu,1200.0,DEMİRKIR ŞAHI,ERAY ÇİZİK,ARZU KILIÇ,57.0,3,0.0,50.0,50.0,50.0,50.0,88.0,5.0,0,0.0
2026-09-01-Ankara 75. Yıl Hipodromu-1,2026-09-01,1,Ankara 75. Yıl Hipodromu,1200.0,DIABLO MORENO,AHMET ÇELİK,YAKUP ÇAĞLAR,57.0,2,0.0,50.0,50.0,50.0,50.0,88.0,26.48,0,0.0
2026-09-01-Ankara 75. Yıl Hipodromu-1,2026-09-01,1,Ankara 75. Yıl Hipodromu,1200.0,KING SPECTER,MEHMET AKYAVUZ,VEDAT YILDIRIM,57.0,6,0.0,50.0,50.0,50.0,50.0,88.0,10.85,0,0.0
2026-09-01-Ankara 75. Yıl Hipodromu-1,2026-09-01,1,Ankara 75. Yıl Hipodromu,1200.0,LADY ADİGES,SALİH ÇELİK,UĞUR KULAK,55.0,4,0.0,50.0,50.0,50.0,50.0,80.0,10.64,0,0.0
2026-09-01-Ankara 75. Yıl Hipodromu-1,2026-09-01,1,Ankara 75. Yıl Hipodromu,1200.0,SARATOGA SPRINGS,MEHMET SALİH ÇELİK,İBRAHİM TEMEL,57.0,1,0.0,50.0,50.0,50.0,50.0,88.0,29.02,0,0.0
2026-09-01-Ankara 75. Yıl Hipodromu-1,2026-09-01,1,Ankara 75. Yıl Hipodromu,1200.0,SAVCI BEY,AYHAN KURŞUN,ADNAN POLAT,57.0,5,0.0,50.0,50.0,50.0,50.0,88.0,15.5,0,0.0
2026-09-01-Ankara 75. Yıl Hipodromu-1,2026-09-01,1,Ankara 75. Yıl Hipodromu,1200.0,SON OF SPARTACUS,ALİ KAÇMAZ,ZÜLKÜF YILMAZ,57.0,7,0.0,50.0,50.0,50.0,50.0,88.0,2.12,0,0.0
2026-09-01-Ankara 75. Yıl Hipodromu-2,2026-09-01,2,Ankara 75. Yıl Hipodromu,1500.0,ABBAS BEY,AYHAN KURŞUN,ÜMİT ARSLAN,59.5,2,0.0,50.0,50.0,50.0,50.0,98.0,28.98,0,90.0
2026-09-01-Ankara 75. Yıl Hipodromu-2,2026-09-01,2,Ankara 75. Yıl Hipodromu,1500.0,BEŞİR ÇAVUŞ,MEHMET TAHA COŞKUN,RAMAZAN KAYA,57.0,3,40.0,50.0,28.0,28.0,50.0,88.0,3.85,1,79.0
2026-09-01-Ankara 75. Yıl Hipodromu-2,2026-09-01,2,Ankara 75. Yıl Hipodromu,1500.0,DEĞERHAN,FATİH SULTAN MEHMET SANSAR,ŞEFİK AYDEMİR,55.5,4,0.0,50.0,50.0,50.0,50.0,82.0,8.88,0,80.0
2026-09-01-Ankara 75. Yıl Hipodromu-2,2026-09-01,2,Ankara 75. Yıl Hipodromu,1500.0,GÜRAYHAN,İSMAİL YILDIRIM,MEHMET KORKMAZ,61.5,1,55.0,46.0,46.0,50.0,46.0,94.0,21.44,1,99.0
2026-09-01-Ankara 75. Yıl Hipodromu-2,2026-09-01,2,Ankara 75. Yıl Hipodromu,1500.0,ROCKSTAR,SALİH ÇELİK,MEHMET ALİ CANPOLATLI,57.5,7,0.0,50.0,50.0,50.0,50.0,90.0,2.45,0,86.0
2026-09-01-Ankara 75. Yıl Hipodromu-2,2026-09-01,2,Ankara 75. Yıl Hipodromu,1500.0,TAÇYİĞİT,SERHAT ÇELİK,İSMAİL ÇEÇAN,57.5,5,40.0,28.0,50.0,28.0,50.0,90.0,15.87,1,88.0
2026-09-01-Ankara 75. Yıl Hipodromu-2,2026-09-01,2,Ankara 75. Yıl Hipodromu,1500.0,TUNCER,AHMET ÇELİK,KENAN KAYALIK,62.5,6,0.0,50.0,50.0,50.0,50.0,90.0,17.63,0,98.0
2026-09-01-Ankara 75. Yıl Hipodromu-2,2026-09-01,2,Ankara 75. Yıl Hipodromu,1500.0,YALI EFESİ,ROJHAT KURT,KEMAL YILMAZ,51.5,8,0.0,50.0,50.0,50.0,50.0,66.0,0.91,0,85.0
2026-09-01-Ankara 75. Yıl Hipodromu-3,2026-09-01,3,Ankara 75. Yıl Hipodromu,2200.0,AKAR EDA,ENES ATLAMAZ,AYKUT ECEVİT BAŞ,52.0,7,0.0,50.0,50.0,50.0,50.0,68.0,2.15,0,42.0
2026-09-01-Ankara 75. Yıl Hipodromu-3,2026-09-01,3,Ankara 75. Yıl Hipodromu,2200.0,ALTIN SAAD,İSMAİL YILDIRIM,RAMAZAN KAYA,61.0,3,0.0,50.0,50.0,50.0,50.0,96.0,12.39,0,64.0
2026-09-01-Ankara 75. Yıl Hipodromu-3,2026-09-01,3,Ankara 75. Yıl Hipodromu,2200.0,ATLI FIRTINA,FATİH SULTAN MEHMET SANSAR,ÜMİT ARSLAN,56.0,6,0.0,50.0,50.0,50.0,50.0,84.0,41.98,0,55.0
2026-09-01-Ankara 75. Yıl Hipodromu-3,2026-09-01,3,Ankara 75. Yıl Hipodromu,2200.0,BURÇİGİN,FESİH ÇETİNBAŞ,CASIM KATI,53.0,1,0.0,50.0,50.0,50.0,50.0,72.0,7.53,0,49.0
2026-09-01-Ankara 75. Yıl Hipodromu-3,2026-09-01,3,Ankara 75. Yıl Hipodromu,2200.0,EŞAY,NİZAMETTİN DEMİR,OSMAN İPEK,58.0,5,0.0,50.0,50.0,50.0,50.0,92.0,10.79,0,54.0
2026-09-01-Ankara 75. Yıl Hipodromu-3,2026-09-01,3,Ankara 75. Yıl Hipodromu,2200.0,KUZGUNİ YEŞİL,MEHMET KESKİN,CASIM KATI,52.0,2,0.0,50.0,50.0,50.0,50.0,68.0,8.18,0,43.0
2026-09-01-Ankara 75. Yıl Hipodromu-3,2026-09-01,3,Ankara 75. Yıl Hipodromu,2200.0,KÜÇÜKCEVER,ERAY ÇİZİK,CASIM KATI,52.0,9,0.0,50.0,50.0,50.0,50.0,68.0,11.57,0,47.0
2026-09-01-Ankara 75. Yıl Hipodromu-3,2026-09-01,3,Ankara 75. Yıl Hipodromu,2200.0,OYAZADE,ROJHAT KURT,MEHMET DEMİROL,56.5,8,0.0,50.0,50.0,50.0,50.0,86.0,1.56,0,57.0
2026-09-01-Ankara 75. Yıl Hipodromu-3,2026-09-01,3,Ankara 75. Yıl Hipodromu,2200.0,PERVARİ,ALİ KAÇMAZ,MEHMET DEMİROL,52.0,4,0.0,50.0,50.0,50.0,50.0,68.0,1.37,0,45.0
2026-09-01-Ankara 75. Yıl Hipodromu-3,2026-09-01,3,Ankara 75. Yıl Hipodromu,2200.0,SAKARBAŞI KIZI,SERHAT ÇELİK,HASAN YILDIRIM,53.0,10,0.0,50.0,50.0,50.0,50.0,72.0,1.17,0,48.0
2026-09-01-Ankara 75. Yıl Hipodromu-3,2026-09-01,3,Ankara 75. Yıl Hipodromu,2200.0,YILDIZLARIN ALTINDA,MÜCAHİT BAYIR,TOLGA SÜSLÜ,50.0,11,0.0,50.0,50.0,50.0,50.0,60.0,1.32,0,18.0
2026-09-01-Ankara 75. Yıl Hipodromu-4,2026-09-01,4,Ankara 75. Yıl Hipodromu,1200.0,BAYIR KHAN,AYHAN KURŞUN,UĞUR KULAK,57.0,7,0.0,50.0,50.0,50.0,50.0,88.0,26.04,0,0.0
2026-09-01-Ankara 75. Yıl Hipodromu-4,2026-09-01,4,Ankara 75. Yıl Hipodromu,1200.0,CANLİNARDA,MEHMET SALİH ÇELİK,CUMALİ KARATAŞ,57.0,5,0.0,50.0,50.0,50.0,50.0,88.0,12.6,0,0.0
2026-09-01-Ankara 75. Yıl Hipodromu-4,2026-09-01,4,Ankara 75. Yıl Hipodromu,1200.0,EMANET,ERAY ÇİZİK,FERDİ KİP,57.0,1,0.0,50.0,50.0,50.0,50.0,88.0,8.33,0,0.0
2026-09-01-Ankara 75. Yıl Hipodromu-4,2026-09-01,4,Ankara 75. Yıl Hipodromu,1200.0,MÜTEFEKKİR,GÖKHAN KOCAKAYA,KAAN GÜNEŞ,57.0,4,0.0,50.0,50.0,50.0,50.0,88.0,20.06,0,0.0
2026-09-01-Ankara 75. Yıl Hipodromu-4,2026-09-01,4,Ankara 75. Yıl Hipodromu,1200.0,TIMEWARDEN,MEHMET NURİ SUNKAR,CUMA DEMİR,57.0,2,0.0,50.0,50.0,50.0,50.0,88.0,8.12,0,0.0
2026-09-01-Ankara 75. Yıl Hipodromu-4,2026-09-01,4,Ankara 75. Yıl Hipodromu,1200.0,VICTORY ADDICT,ERCAN ÇANKAYA,MUSTAFA ÖZYİĞİT,57.0,6,0.0,50.0,50.0,50.0,50.0,88.0,8.13,0,0.0
2026-09-01-Ankara 75. Yıl Hipodromu-4,2026-09-01,4,Ankara 75. Yıl Hipodromu,1200.0,ŞAHAP BAŞKAN,AHMET ÇELİK,YILMAZ ARİ,57.0,3,0.0,50.0,50.0,50.0,50.0,88.0,16.07,0,0.0
2026-09-01-Ankara 75. Yıl Hipodromu-5,2026-09-01,5,Ankara 75. Yıl Hipodromu,1400.0,ALSAYFA,MEHMET NURİ SUNKAR,ERGÜN ÇETİNKURT,58.0,6,0.0,50.0,50.0,50.0,50.0,92.0,21.16,0,49.0
2026-09-01-Ankara 75. Yıl Hipodromu-5,2026-09-01,5,Ankara 75. Yıl Hipodromu,1400.0,DERTSAÇANKIZ,SERHAT ÇELİK,HASAN YILDIRIM,53.0,5,85.0,82.0,82.0,50.0,82.0,72.0,16.83,1,45.0
2026-09-01-Ankara 75. Yıl Hipodromu-5,2026-09-01,5,Ankara 75. Yıl Hipodromu,1400.0,GÜZEL ZEHRA,MEHMET TAHA COŞKUN,RAMAZAN KAYA,53.0,2,0.0,50.0,50.0,50.0,50.0,72.0,3.97,0,41.0
2026-09-01-Ankara 75. Yıl Hipodromu-5,2026-09-01,5,Ankara 75. Yıl Hipodromu,1400.0,HOŞBAKIŞ,ERAY ÇİZİK,MEHMET AKKUŞ,53.5,3,0.0,50.0,50.0,50.0,50.0,74.0,7.53,0,40.0
2026-09-01-Ankara 75. Yıl Hipodromu-5,2026-09-01,5,Ankara 75. Yıl Hipodromu,1400.0,KIZIM BİNDAL,NİZAMETTİN DEMİR,MERT KORKMAZ,53.5,1,55.0,46.0,46.0,50.0,46.0,74.0,7.51,1,40.0
2026-09-01-Ankara 75. Yıl Hipodromu-5,2026-09-01,5,Ankara 75. Yıl Hipodromu,1400.0,RAHİME ABLA,AHMET ÇELİK,MEHMET DEMİROL,55.0,7,0.0,50.0,50.0,50.0,50.0,80.0,16.9,0,43.0
2026-09-01-Ankara 75. Yıl Hipodromu-5,2026-09-01,5,Ankara 75. Yıl Hipodromu,1400.0,SERDADE,GÖKHAN KOCAKAYA,BATUHAN TURGUL,55.0,4,0.0,50.0,50.0,50.0,50.0,80.0,26.09,0,43.0
2026-09-01-Ankara 75. Yıl Hipodromu-6,2026-09-01,6,Ankara 75. Yıl Hipodromu,2400.0,ANSHBA,AYHAN KURŞUN,İBRAHİM BEKİROĞULLARI,60.0,2,0.0,50.0,50.0,50.0,50.0,100.0,54.78,0,90.0
2026-09-01-Ankara 75. Yıl Hipodromu-6,2026-09-01,6,Ankara 75. Yıl Hipodromu,2400.0,PRANDELLO,AHMET ÇELİK,İBRAHİM ÇAK,59.0,3,0.0,50.0,50.0,50.0,50.0,96.0,18.88,0,85.0
2026-09-01-Ankara 75. Yıl Hipodromu-6,2026-09-01,6,Ankara 75. Yıl Hipodromu,2400.0,TAKEOVER,MEHMET SALİH ÇELİK,İBRAHİM TEMEL,58.0,4,0.0,50.0,50.0,50.0,50.0,92.0,6.55,0,62.0
2026-09-01-Ankara 75. Yıl Hipodromu-6,2026-09-01,6,Ankara 75. Yıl Hipodromu,2400.0,TAM TIME,MEHMET AKYAVUZ,VEDAT YILDIRIM,59.0,1,0.0,50.0,50.0,50.0,50.0,96.0,8.64,0,91.0
2026-09-01-Ankara 75. Yıl Hipodromu-6,2026-09-01,6,Ankara 75. Yıl Hipodromu,2400.0,TESCİL,GÖKHAN KOCAKAYA,YÜCEL ŞİMŞEK,58.0,5,0.0,50.0,50.0,50.0,50.0,92.0,11.16,0,57.0
2026-09-01-Ankara 75. Yıl Hipodromu-7,2026-09-01,7,Ankara 75. Yıl Hipodromu,2600.0,ATOMIC CAT,ÖZCAN YILDIRIM,YUSUF UÇAR,56.0,2,0.0,50.0,50.0,50.0,50.0,84.0,0.0,0,73.0
2026-09-01-Ankara 75. Yıl Hipodromu-7,2026-09-01,7,Ankara 75. Yıl Hipodromu,2600.0,BOUCHERON,İSMAİL YILDIRIM,ERTAN ACER,61.0,6,0.0,50.0,50.0,50.0,50.0,96.0,0.0,0,87.0
2026-09-01-Ankara 75. Yıl Hipodromu-7,2026-09-01,7,Ankara 75. Yıl Hipodromu,2600.0,MON BİJOU,MÜCAHİT BAYIR,ÖMER ALAÇAM,52.0,4,0.0,50.0,50.0,50.0,50.0,68.0,0.0,0,65.0
2026-09-01-Ankara 75. Yıl Hipodromu-7,2026-09-01,7,Ankara 75. Yıl Hipodromu,2600.0,RACING STAR,ALİ KAÇMAZ,CUMA DEMİR,50.0,1,0.0,50.0,50.0,50.0,50.0,60.0,0.0,0,50.0
2026-09-01-Ankara 75. Yıl Hipodromu-7,2026-09-01,7,Ankara 75. Yıl Hipodromu,2600.0,RUN FOR YAVUZ,MEHMET TAHA COŞKUN,YAKUP ÇAĞLAR,56.5,7,0.0,50.0,50.0,50.0,50.0,86.0,0.0,0,80.0
2026-09-01-Ankara 75. Yıl Hipodromu-7,2026-09-01,7,Ankara 75. Yıl Hipodromu,2600.0,SIRIUS VEGA,ERAY ÇİZİK,KAAN GÜNEŞ,52.0,5,0.0,50.0,50.0,50.0,50.0,68.0,0.0,0,64.0
2026-09-01-Ankara 75. Yıl Hipodromu-7,2026-09-01,7,Ankara 75. Yıl Hipodromu,2600.0,TERCAL NİHAT,MERT UYAR,YUSUF UÇAR,50.0,3,0.0,50.0,50.0,50.0,50.0,60.0,0.0,0,53.0
2026-09-01-Ankara 75. Yıl Hipodromu-8,2026-09-01,8,Ankara 75. Yıl Hipodromu,1600.0,ANKARA GÜZELİ,MEHMET NURİ SUNKAR,İSMAİL ÇEÇAN,55.0,9,0.0,50.0,50.0,50.0,50.0,80.0,0.0,0,51.0
2026-09-01-Ankara 75. Yıl Hipodromu-8,2026-09-01,8,Ankara 75. Yıl Hipodromu,1600.0,ASLANLI OVA,SALİH ÇELİK,MEHMET ÇELİK,57.0,1,40.0,28.0,50.0,50.0,28.0,88.0,0.0,1,47.0
2026-09-01-Ankara 75. Yıl Hipodromu-8,2026-09-01,8,Ankara 75. Yıl Hipodromu,1600.0,AĞILMUS ASLANI,GÖKHAN KOCAKAYA,MEHMET DEMİROL,57.0,8,25.0,10.0,50.0,50.0,10.0,88.0,0.0,1,45.0
2026-09-01-Ankara 75. Yıl Hipodromu-8,2026-09-01,8,Ankara 75. Yıl Hipodromu,1600.0,BEŞİRHAT,MEHMET TAHA COŞKUN,RAMAZAN KAYA,55.0,7,100.0,100.0,100.0,100.0,100.0,80.0,0.0,1,49.0
2026-09-01-Ankara 75. Yıl Hipodromu-8,2026-09-01,8,Ankara 75. Yıl Hipodromu,1600.0,GÖZÜDELİ,MEHMET AKYAVUZ,KENAN KORKMAZ,57.0,4,0.0,50.0,50.0,50.0,50.0,88.0,0.0,0,52.0
2026-09-01-Ankara 75. Yıl Hipodromu-8,2026-09-01,8,Ankara 75. Yıl Hipodromu,1600.0,KATI YÜREKLİ,MEHMET SALİH ÇELİK,CASIM KATI,57.0,2,0.0,50.0,50.0,50.0,50.0,88.0,0.0,0,50.0
2026-09-01-Ankara 75. Yıl Hipodromu-8,2026-09-01,8,Ankara 75. Yıl Hipodromu,1600.0,PARSIBEY,ALİ KAÇMAZ,ÜMİT ARSLAN,55.0,5,0.0,50.0,50.0,50.0,50.0,80.0,0.0,0,42.0
2026-09-01-Ankara 75. Yıl Hipodromu-8,2026-09-01,8,Ankara 75. Yıl Hipodromu,1600.0,RASTGELOĞLUM,FESİH ÇETİNBAŞ,CASIM KATI,57.0,3,70.0,64.0,50.0,64.0,64.0,88.0,0.0,1,40.0
2026-09-01-Ankara 75. Yıl Hipodromu-8,2026-09-01,8,Ankara 75. Yıl Hipodromu,1600.0,ÇANAKKALE FIRTINASI,AYHAN KURŞUN,KEMAL YILMAZ,57.0,6,0.0,50.0,50.0,50.0,50.0,88.0,0.0,0,50.0
2026-09-01-Kocaeli Kartepe Hipodromu-1,2026-09-01,1,Kocaeli Kartepe Hipodromu,1800.0,FEMALE WARRIOR,MERT ALİ SOLMAZ,SERKAN SÜSLÜ,54.0,3,85.0,50.0,50.0,82.0,50.0,76.0,30.4,1,47.0
2026-09-01-Kocaeli Kartepe Hipodromu-1,2026-09-01,1,Kocaeli Kartepe Hipodromu,1800.0,HAMMERWICH,ÖMER FARUK ÖZEN,GALİP KILIÇ,53.5,7,0.0,50.0,50.0,50.0,50.0,74.0,2.6,0,46.0
2026-09-01-Kocaeli Kartepe Hipodromu-1,2026-09-01,1,Kocaeli Kartepe Hipodromu,1800.0,HEAVEN LIGHT,ALİ YILDIZ,SEDAT ÇİFTÇİ,54.5,5,100.0,100.0,50.0,50.0,100.0,78.0,17.7,1,48.0
2026-09-01-Kocaeli Kartepe Hipodromu-1,2026-09-01,1,Kocaeli Kartepe Hipodromu,1800.0,ICE DROPS,ADEM ASLAN,MİRAÇ İPEK,52.0,6,55.0,46.0,50.0,50.0,46.0,68.0,5.55,1,40.0
2026-09-01-Kocaeli Kartepe Hipodromu-1,2026-09-01,1,Kocaeli Kartepe Hipodromu,1800.0,KARDAHA,MUSTAFA ÇİÇEK,SAMET AKYAVUZ,57.5,1,0.0,50.0,50.0,50.0,50.0,90.0,5.45,0,54.0
2026-09-01-Kocaeli Kartepe Hipodromu-1,2026-09-01,1,Kocaeli Kartepe Hipodromu,1800.0,LA COPA,BERKANT GÖKÇE,BEYDA TANRIKULU,60.0,4,0.0,50.0,50.0,50.0,50.0,100.0,3.15,0,63.0
2026-09-01-Kocaeli Kartepe Hipodromu-1,2026-09-01,1,Kocaeli Kartepe Hipodromu,1800.0,RAIN BEAUTY,ENES BOZDAĞ,GÜNGÖR SÜTCÜ,54.5,8,0.0,50.0,50.0,50.0,50.0,78.0,5.88,0,48.0
2026-09-01-Kocaeli Kartepe Hipodromu-1,2026-09-01,1,Kocaeli Kartepe Hipodromu,1800.0,SULTANIM NERİMAN,NEVZAT AVCİ,HAKAN YÜZBAŞI,54.5,2,0.0,50.0,50.0,50.0,50.0,78.0,16.23,0,48.0
2026-09-01-Kocaeli Kartepe Hipodromu-1,2026-09-01,1,Kocaeli Kartepe Hipodromu,1800.0,VICTORY LANE,MUHAMMED MİR BİLGİN,ÖMER FARUK TAN,59.0,9,0.0,50.0,50.0,50.0,50.0,96.0,13.05,0,57.0
2026-09-01-Kocaeli Kartepe Hipodromu-2,2026-09-01,2,Kocaeli Kartepe Hipodromu,1500.0,DİPLOMAT ZAFER,MUHAMMED MİR BİLGİN,GÜLŞAH TAŞDELEN,57.0,1,0.0,50.0,50.0,50.0,50.0,88.0,37.59,0,62.0
2026-09-01-Kocaeli Kartepe Hipodromu-2,2026-09-01,2,Kocaeli Kartepe Hipodromu,1500.0,RACING RAPTURE,BERKANT GÖKÇE,GÜNGÖR SÜTCÜ,61.0,3,0.0,50.0,50.0,50.0,50.0,96.0,12.27,0,67.0
2026-09-01-Kocaeli Kartepe Hipodromu-2,2026-09-01,2,Kocaeli Kartepe Hipodromu,1500.0,SANS PAREİL,RÜZGAR YILDIZ,FERHAT YAVAŞ,50.0,6,0.0,50.0,50.0,50.0,50.0,60.0,2.91,0,41.0
2026-09-01-Kocaeli Kartepe Hipodromu-2,2026-09-01,2,Kocaeli Kartepe Hipodromu,1500.0,SHAWSHANK,ONUR ÖZTÜRK,AHMET ÖCAL,58.5,4,0.0,50.0,50.0,50.0,50.0,94.0,16.46,0,65.0
2026-09-01-Kocaeli Kartepe Hipodromu-2,2026-09-01,2,Kocaeli Kartepe Hipodromu,1500.0,THE CHOSEN,NEVZAT AVCİ,DERYA ERGİN,52.5,2,0.0,50.0,50.0,50.0,50.0,70.0,7.57,0,53.0
2026-09-01-Kocaeli Kartepe Hipodromu-2,2026-09-01,2,Kocaeli Kartepe Hipodromu,1500.0,THRACE FEVER,ÖMER FARUK ÖZEN,SAMET AKYAVUZ,59.5,7,0.0,50.0,50.0,50.0,50.0,98.0,5.83,0,64.0
2026-09-01-Kocaeli Kartepe Hipodromu-2,2026-09-01,2,Kocaeli Kartepe Hipodromu,1500.0,WINNING DRAGON,MERT ALİ SOLMAZ,SERKAN SÜSLÜ,52.5,5,0.0,50.0,50.0,50.0,50.0,70.0,4.19,0,53.0
2026-09-01-Kocaeli Kartepe Hipodromu-3,2026-09-01,3,Kocaeli Kartepe Hipodromu,1900.0,ARKEN TAŞI,ENES BOZDAĞ,MEHMET ARSLAN,58.5,8,0.0,50.0,50.0,50.0,50.0,94.0,3.28,0,47.0
2026-09-01-Kocaeli Kartepe Hipodromu-3,2026-09-01,3,Kocaeli Kartepe Hipodromu,1900.0,Bİ ANKA,ADEM ASLAN,TURGAY ÇEKİCİ,52.0,1,0.0,50.0,50.0,50.0,50.0,68.0,26.61,0,34.0
2026-09-01-Kocaeli Kartepe Hipodromu-3,2026-09-01,3,Kocaeli Kartepe Hipodromu,1900.0,ELMAPINAR,İSMAİL GÜN,MEHMET FATİH ATCI,50.0,7,0.0,50.0,50.0,50.0,50.0,60.0,0.65,0,32.0
2026-09-01-Kocaeli Kartepe Hipodromu-3,2026-09-01,3,Kocaeli Kartepe Hipodromu,1900.0,GECE GÜZELİ,YİĞİTCAN GÖKÇE,İMDAT KÖKSEL,61.0,9,0.0,50.0,50.0,50.0,50.0,96.0,10.42,0,56.0
2026-09-01-Kocaeli Kartepe Hipodromu-3,2026-09-01,3,Kocaeli Kartepe Hipodromu,1900.0,KIVIRCIKKIZ,MERTCAN ÇELİK,DAVUT SAV,58.5,4,55.0,46.0,50.0,50.0,46.0,94.0,15.34,1,47.0
2026-09-01-Kocaeli Kartepe Hipodromu-3,2026-09-01,3,Kocaeli Kartepe Hipodromu,1900.0,MEVHİDE HANIM,RECEP KETME,ŞEVVAL ŞİMAL DEMİR,52.0,5,25.0,10.0,50.0,50.0,10.0,68.0,7.81,1,38.0
2026-09-01-Kocaeli Kartepe Hipodromu-3,2026-09-01,3,Kocaeli Kartepe Hipodromu,1900.0,PONÇİKTAY,ÇAĞLAR TAŞCI,ŞEVVAL ŞİMAL DEMİR,57.0,6,0.0,50.0,50.0,50.0,50.0,88.0,4.27,0,46.0
2026-09-01-Kocaeli Kartepe Hipodromu-3,2026-09-01,3,Kocaeli Kartepe Hipodromu,1900.0,SEHERYELİ,MAHMUT TURAN,FIRAT GARZAN,58.5,2,0.0,50.0,50.0,50.0,50.0,94.0,10.77,0,43.0
2026-09-01-Kocaeli Kartepe Hipodromu-3,2026-09-01,3,Kocaeli Kartepe Hipodromu,1900.0,SEVDA MEVSİMİ,BERKANT GÖKÇE,YUSUF KAYA,60.0,3,0.0,50.0,50.0,50.0,50.0,100.0,17.63,0,54.0
2026-09-01-Kocaeli Kartepe Hipodromu-4,2026-09-01,4,Kocaeli Kartepe Hipodromu,1500.0,DRAGON FURIOUS,BURAK AKÇAY,NİHAT KAYA,57.0,7,0.0,50.0,50.0,50.0,50.0,88.0,2.38,0,30.0
2026-09-01-Kocaeli Kartepe Hipodromu-4,2026-09-01,4,Kocaeli Kartepe Hipodromu,1500.0,FLIGHT MODE,CANER TEPE,TURGAY ATAÇ,57.0,8,0.0,50.0,50.0,50.0,50.0,88.0,1.11,0,0.0
2026-09-01-Kocaeli Kartepe Hipodromu-4,2026-09-01,4,Kocaeli Kartepe Hipodromu,1500.0,LORD OF LIGHT,NEVZAT AVCİ,TARKAN ŞİT,57.0,6,0.0,50.0,50.0,50.0,50.0,88.0,7.33,0,0.0
2026-09-01-Kocaeli Kartepe Hipodromu-4,2026-09-01,4,Kocaeli Kartepe Hipodromu,1500.0,PROPITIOUS,MUHAMMED MİR BİLGİN,SERGEN GÖKÇE,57.0,4,0.0,50.0,50.0,50.0,50.0,88.0,3.42,0,0.0
2026-09-01-Kocaeli Kartepe Hipodromu-4,2026-09-01,4,Kocaeli Kartepe Hipodromu,1500.0,RED VICTORY,ALİ YILDIZ,ABDULLAH AVCI,61.0,1,0.0,50.0,50.0,50.0,50.0,96.0,21.05,0,35.0
2026-09-01-Kocaeli Kartepe Hipodromu-4,2026-09-01,4,Kocaeli Kartepe Hipodromu,1500.0,SCARRED,MAHMUT TURAN,SENİHA ŞEN,57.0,5,0.0,50.0,50.0,50.0,50.0,88.0,2.2,0,0.0
2026-09-01-Kocaeli Kartepe Hipodromu-4,2026-09-01,4,Kocaeli Kartepe Hipodromu,1500.0,SHERIFF IS BACK,MUSTAFA ÇİÇEK,YILMAZ GÜNDOĞDİ,57.0,3,70.0,50.0,64.0,64.0,64.0,88.0,16.79,1,33.0
2026-09-01-Kocaeli Kartepe Hipodromu-4,2026-09-01,4,Kocaeli Kartepe Hipodromu,1500.0,STEEL WINGS,MEHMET KAYA,ÖMER FARUK TAŞDELEN,59.0,2,0.0,50.0,50.0,50.0,50.0,96.0,40.5,0,33.0
2026-09-01-Kocaeli Kartepe Hipodromu-5,2026-09-01,5,Kocaeli Kartepe Hipodromu,1400.0,ALKATRAZ KUŞÇUSU,ÖMER FARUK ÖZEN,YUSUF AKBULUT,57.0,4,0.0,50.0,50.0,50.0,50.0,88.0,12.04,0,38.0
2026-09-01-Kocaeli Kartepe Hipodromu-5,2026-09-01,5,Kocaeli Kartepe Hipodromu,1400.0,BİLGE HATUN,OĞUZ EREN,ŞEVVAL ŞİMAL DEMİR,57.0,7,0.0,50.0,50.0,50.0,50.0,88.0,4.65,0,40.0
2026-09-01-Kocaeli Kartepe Hipodromu-5,2026-09-01,5,Kocaeli Kartepe Hipodromu,1400.0,GÜMÜŞSU,MUHAMMED MİR BİLGİN,ALİ KARATOPRAK,59.0,10,0.0,50.0,50.0,50.0,50.0,96.0,23.33,0,43.0
2026-09-01-Kocaeli Kartepe Hipodromu-5,2026-09-01,5,Kocaeli Kartepe Hipodromu,1400.0,HEVENK,NEVZAT AVCİ,CUMA GÜNEŞ,59.0,1,55.0,50.0,46.0,46.0,46.0,96.0,16.16,1,39.0
2026-09-01-Kocaeli Kartepe Hipodromu-5,2026-09-01,5,Kocaeli Kartepe Hipodromu,1400.0,KARAT,GÖRKEM ÖZÇELİK,HAYRİ YILDIRIM,60.0,6,0.0,50.0,50.0,50.0,50.0,100.0,6.93,0,39.0
2026-09-01-Kocaeli Kartepe Hipodromu-5,2026-09-01,5,Kocaeli Kartepe Hipodromu,1400.0,KÜÇÜK HASO,ALİ YILDIZ,EMRE KESKİN,57.0,11,0.0,50.0,50.0,50.0,50.0,88.0,2.58,0,40.0
2026-09-01-Kocaeli Kartepe Hipodromu-5,2026-09-01,5,Kocaeli Kartepe Hipodromu,1400.0,MESTAN,MUSTAFA ÇİÇEK,GÜLTEKİN SUBAŞI,59.0,8,0.0,50.0,50.0,50.0,50.0,96.0,5.52,0,38.0
2026-09-01-Kocaeli Kartepe Hipodromu-5,2026-09-01,5,Kocaeli Kartepe Hipodromu,1400.0,NİZİPLİ OZAN,ÇAĞLAR TAŞCI,EMRE KESKİN,52.0,9,0.0,50.0,50.0,50.0,50.0,68.0,0.4,0,0.0
2026-09-01-Kocaeli Kartepe Hipodromu-5,2026-09-01,5,Kocaeli Kartepe Hipodromu,1400.0,PERGA,RECEP KETME,MELEK ÖZGÜL,57.0,3,0.0,50.0,50.0,50.0,50.0,88.0,12.74,0,38.0
2026-09-01-Kocaeli Kartepe Hipodromu-5,2026-09-01,5,Kocaeli Kartepe Hipodromu,1400.0,TOROSOĞLU,ADEM ASLAN,MİRAÇ İPEK,59.0,5,0.0,50.0,50.0,50.0,50.0,96.0,9.33,0,40.0
2026-09-01-Kocaeli Kartepe Hipodromu-5,2026-09-01,5,Kocaeli Kartepe Hipodromu,1400.0,URASEFE,KADİR TOKAÇOĞLU,MELEK ÖZGÜL,59.0,2,0.0,50.0,50.0,50.0,50.0,96.0,6.31,0,39.0
2026-09-01-Kocaeli Kartepe Hipodromu-6,2026-09-01,6,Kocaeli Kartepe Hipodromu,1500.0,ASLAN HALİLİM,KÜRŞAT YILMAZ,GÖKMEN GÖKÇE,60.0,3,0.0,50.0,50.0,50.0,50.0,100.0,3.57,0,92.0
2026-09-01-Kocaeli Kartepe Hipodromu-6,2026-09-01,6,Kocaeli Kartepe Hipodromu,1500.0,GRAND MISSION,BEKİR MERT MIRIK,MUHAMMED UĞUR TURAN,60.0,6,70.0,64.0,50.0,50.0,64.0,100.0,1.77,1,85.0
2026-09-01-Kocaeli Kartepe Hipodromu-6,2026-09-01,6,Kocaeli Kartepe Hipodromu,1500.0,HARD AND FAST,NEVZAT AVCİ,SEZGİN CAN GÖZÜNGÜ,60.0,10,0.0,50.0,50.0,50.0,50.0,100.0,8.55,0,95.0
2026-09-01-Kocaeli Kartepe Hipodromu-6,2026-09-01,6,Kocaeli Kartepe Hipodromu,1500.0,LEGENDARY MAJESTY,MEHMET KAYA,ATİLLA GÖKÇE,56.5,2,0.0,50.0,50.0,50.0,50.0,86.0,22.55,0,84.0
2026-09-01-Kocaeli Kartepe Hipodromu-6,2026-09-01,6,Kocaeli Kartepe Hipodromu,1500.0,LORD OF YILDIZER,MUHAMMED MİR BİLGİN,KAZIM ŞENGEL,58.0,4,0.0,50.0,50.0,50.0,50.0,92.0,12.97,0,94.0
2026-09-01-Kocaeli Kartepe Hipodromu-6,2026-09-01,6,Kocaeli Kartepe Hipodromu,1500.0,LOVİBOND,GÖRKEM ÖZÇELİK,SERKAN SÜSLÜ,60.0,1,0.0,50.0,50.0,50.0,50.0,100.0,35.22,0,94.0
2026-09-01-Kocaeli Kartepe Hipodromu-6,2026-09-01,6,Kocaeli Kartepe Hipodromu,1500.0,LUPELYAN,MUSTAFA ÇİÇEK,TUBA ÖZTÜRK TİMUR,58.0,8,0.0,50.0,50.0,50.0,50.0,92.0,5.17,0,88.0
2026-09-01-Kocaeli Kartepe Hipodromu-6,2026-09-01,6,Kocaeli Kartepe Hipodromu,1500.0,ROCK FOR EVER,BURAK AKÇAY,FAHRETTİN GEZİCİ,58.5,9,0.0,50.0,50.0,50.0,50.0,94.0,1.33,0,71.0
2026-09-01-Kocaeli Kartepe Hipodromu-6,2026-09-01,6,Kocaeli Kartepe Hipodromu,1500.0,SERASKER,KADİR TOKAÇOĞLU,GALİP KILIÇ,56.0,5,0.0,50.0,50.0,50.0,50.0,84.0,4.78,0,84.0
2026-09-01-Kocaeli Kartepe Hipodromu-6,2026-09-01,6,Kocaeli Kartepe Hipodromu,1500.0,STAR BLOOD,ALİ YILDIZ,EMRAH KARAKÖLEOĞLU,63.0,7,0.0,50.0,50.0,50.0,50.0,88.0,4.09,0,92.0
2026-09-01-Kocaeli Kartepe Hipodromu-7,2026-09-01,7,Kocaeli Kartepe Hipodromu,1400.0,BARBUDA,KADİR TOKAÇOĞLU,MELEK ÖZGÜL,59.5,7,10.0,50.0,50.0,50.0,0.0,98.0,0.0,1,79.0
2026-09-01-Kocaeli Kartepe Hipodromu-7,2026-09-01,7,Kocaeli Kartepe Hipodromu,1400.0,FUNDO,ALİ YILDIZ,BEYDA TANRIKULU,59.5,5,0.0,50.0,50.0,50.0,50.0,98.0,0.0,0,81.0
2026-09-01-Kocaeli Kartepe Hipodromu-7,2026-09-01,7,Kocaeli Kartepe Hipodromu,1400.0,KAYALARIN ŞAHI,GÖRKEM ÖZÇELİK,HÜSEYİN KAYA,59.5,1,0.0,50.0,50.0,50.0,50.0,98.0,0.0,0,85.0
2026-09-01-Kocaeli Kartepe Hipodromu-7,2026-09-01,7,Kocaeli Kartepe Hipodromu,1400.0,MELİHİN İZİ,İSMAİL KATI,ŞEVVAL ŞİMAL DEMİR,55.5,12,0.0,50.0,0.0,50.0,0.0,82.0,0.0,1,78.0
2026-09-01-Kocaeli Kartepe Hipodromu-7,2026-09-01,7,Kocaeli Kartepe Hipodromu,1400.0,NEVERLAND,MERTCAN ÇELİK,ŞEYDA GÜMÜŞ,59.5,3,0.0,50.0,50.0,50.0,50.0,98.0,0.0,0,98.0
2026-09-01-Kocaeli Kartepe Hipodromu-7,2026-09-01,7,Kocaeli Kartepe Hipodromu,1400.0,PUSAT BEYİ,ENES BOZDAĞ,MEHMET ARSLAN,55.5,8,0.0,50.0,50.0,50.0,0.0,82.0,0.0,1,74.0
2026-09-01-Kocaeli Kartepe Hipodromu-7,2026-09-01,7,Kocaeli Kartepe Hipodromu,1400.0,RİGEL,ONUR ÖZTÜRK,AHMET ÖCAL,59.5,10,0.0,50.0,50.0,50.0,50.0,98.0,0.0,0,75.0
2026-09-01-Kocaeli Kartepe Hipodromu-7,2026-09-01,7,Kocaeli Kartepe Hipodromu,1400.0,SAADINSOYU,KÜRŞAT YILMAZ,TUNCAY ATEŞ,54.0,11,0.0,50.0,50.0,50.0,50.0,76.0,0.0,0,64.0
2026-09-01-Kocaeli Kartepe Hipodromu-7,2026-09-01,7,Kocaeli Kartepe Hipodromu,1400.0,TUNÇDAĞ,MEHMET KAYA,TUNCAY TURAN,62.5,2,0.0,50.0,50.0,50.0,50.0,90.0,0.0,0,98.0
2026-09-01-Kocaeli Kartepe Hipodromu-7,2026-09-01,7,Kocaeli Kartepe Hipodromu,1400.0,YEK GÜLÜM,MUSTAFA ÇİÇEK,NİHAT KAYA,54.5,9,0.0,50.0,50.0,50.0,50.0,78.0,0.0,0,89.0
2026-09-01-Kocaeli Kartepe Hipodromu-7,2026-09-01,7,Kocaeli Kartepe Hipodromu,1400.0,YER TİTRETEN,BURAK AKÇAY,ŞEVVAL ŞİMAL DEMİR,56.0,13,0.0,50.0,50.0,50.0,50.0,84.0,0.0,0,30.0
2026-09-01-Kocaeli Kartepe Hipodromu-7,2026-09-01,7,Kocaeli Kartepe Hipodromu,1400.0,İLBAN BEYİ,NEVZAT AVCİ,HÜSEYİN KAYA,59.5,6,0.0,50.0,50.0,50.0,50.0,98.0,0.0,0,88.0
2026-09-01-Kocaeli Kartepe Hipodromu-7,2026-09-01,7,Kocaeli Kartepe Hipodromu,1400.0,ŞAHSEKİN,ÖMER FARUK ÖZEN,SENER GÖKÇE,53.5,4,25.0,50.0,50.0,50.0,10.0,74.0,0.0,1,82.0
2026-09-01-Kocaeli Kartepe Hipodromu-8,2026-09-01,8,Kocaeli Kartepe Hipodromu,1200.0,AKİDE SULTAN,ÇAĞLAR TAŞCI,YILMAZ ÖZTAŞ,52.0,11,0.0,50.0,50.0,50.0,50.0,68.0,0.0,0,17.0
2026-09-01-Kocaeli Kartepe Hipodromu-8,2026-09-01,8,Kocaeli Kartepe Hipodromu,1200.0,BEST AND FAST,GÖRKEM ÖZÇELİK,KAAN TURAN YURDABAK,58.0,6,0.0,50.0,50.0,50.0,50.0,92.0,0.0,0,31.0
2026-09-01-Kocaeli Kartepe Hipodromu-8,2026-09-01,8,Kocaeli Kartepe Hipodromu,1200.0,BIRD CAGE,BURAK AKÇAY,TUNCAY YILMAZ,54.0,5,0.0,50.0,50.0,50.0,50.0,76.0,0.0,0,10.0
2026-09-01-Kocaeli Kartepe Hipodromu-8,2026-09-01,8,Kocaeli Kartepe Hipodromu,1200.0,CRY OF VICTORY,YİĞİTCAN GÖKÇE,ATAKAN ŞIVGIN,53.0,8,0.0,50.0,50.0,50.0,50.0,72.0,0.0,0,10.0
2026-09-01-Kocaeli Kartepe Hipodromu-8,2026-09-01,8,Kocaeli Kartepe Hipodromu,1200.0,DRAGON BREATH,MAHMUT TURAN,GÜVEN GÖKÇE,58.0,1,0.0,50.0,50.0,50.0,50.0,92.0,0.0,0,29.0
2026-09-01-Kocaeli Kartepe Hipodromu-8,2026-09-01,8,Kocaeli Kartepe Hipodromu,1200.0,GIPSY THUNDER,ALİ YILDIZ,GÜLŞAH TAŞDELEN,56.0,10,0.0,50.0,50.0,50.0,50.0,84.0,0.0,0,32.0
2026-09-01-Kocaeli Kartepe Hipodromu-8,2026-09-01,8,Kocaeli Kartepe Hipodromu,1200.0,KING CLOUD,GÖKHAN BEKTAŞ,GÜLTEKİN SUBAŞI,56.0,14,0.0,50.0,50.0,50.0,50.0,84.0,0.0,0,0.0
2026-09-01-Kocaeli Kartepe Hipodromu-8,2026-09-01,8,Kocaeli Kartepe Hipodromu,1200.0,KING MUSTAFA,KAANCAN GÖKÇE,ATİLLA GÖKÇE,56.0,12,0.0,50.0,50.0,50.0,50.0,84.0,0.0,0,9.0
2026-09-01-Kocaeli Kartepe Hipodromu-8,2026-09-01,8,Kocaeli Kartepe Hipodromu,1200.0,MY STAR GIRL,RECEP KETME,TURGAY ÇEKİCİ,52.0,4,0.0,50.0,50.0,50.0,50.0,68.0,0.0,0,16.0
2026-09-01-Kocaeli Kartepe Hipodromu-8,2026-09-01,8,Kocaeli Kartepe Hipodromu,1200.0,PLIOSAUR,İSMAİL KATI,MELEK ÖZGÜL,56.0,9,0.0,0.0,0.0,50.0,0.0,84.0,0.0,1,15.0
2026-09-01-Kocaeli Kartepe Hipodromu-8,2026-09-01,8,Kocaeli Kartepe Hipodromu,1200.0,REBEL MOON,KADİR TOKAÇOĞLU,MELEK ÖZGÜL,58.0,7,0.0,50.0,50.0,50.0,50.0,92.0,0.0,0,31.0
2026-09-01-Kocaeli Kartepe Hipodromu-8,2026-09-01,8,Kocaeli Kartepe Hipodromu,1200.0,ROYAL ROMANCE,ENES BOZDAĞ,ÖMER FARUK TAN,56.0,3,0.0,50.0,50.0,50.0,50.0,84.0,0.0,0,31.0
2026-09-01-Kocaeli Kartepe Hipodromu-8,2026-09-01,8,Kocaeli Kartepe Hipodromu,1200.0,SE Sİ GUAŞE,CANER TEPE,TURGAY ÇEKİCİ,54.0,13,0.0,50.0,50.0,50.0,50.0,76.0,0.0,0,16.0
2026-09-01-Kocaeli Kartepe Hipodromu-8,2026-09-01,8,Kocaeli Kartepe Hipodromu,1200.0,ŞAHİKA MARA,ZÜLFÜKAR KARABULUT,METİN TEKDOĞAN,54.0,2,0.0,50.0,50.0,50.0,50.0,76.0,0.0,0,12.0
2026-09-02-Elazığ Hipodromu-1,2026-09-02,1,Elazığ Hipodromu,1200.0,ALGHABRA,NECMİ ALTIN,HAKAN ATAKAYA,57.0,7,0.0,50.0,50.0,50.0,50.0,88.0,14.1,0,14.0
2026-09-02-Elazığ Hipodromu-1,2026-09-02,1,Elazığ Hipodromu,1200.0,ALİYE ANA,ABDULLAH ÇANKAYA,EYYÜP YARDIMCI,57.0,3,0.0,0.0,0.0,50.0,0.0,88.0,9.1,1,22.0
2026-09-02-Elazığ Hipodromu-1,2026-09-02,1,Elazığ Hipodromu,1200.0,DEMİRŞİMŞEK KIZI,İSA KATAR,ZEKERİYA AKDEMİR,57.0,12,0.0,50.0,50.0,50.0,50.0,88.0,5.19,0,0.0
2026-09-02-Elazığ Hipodromu-1,2026-09-02,1,Elazığ Hipodromu,1200.0,ELİFİN IŞIĞI,HÜSEYİN ALTUNKILIÇ,RAMAZAN BARMAN,57.0,2,0.0,50.0,50.0,50.0,50.0,88.0,21.25,0,0.0
2026-09-02-Elazığ Hipodromu-1,2026-09-02,1,Elazığ Hipodromu,1200.0,GÖNLÜMDE KUTUP,REMZİ DOĞAN,SİNEM BAKIR,57.0,13,0.0,50.0,50.0,50.0,50.0,88.0,1.37,0,9.0
2026-09-02-Elazığ Hipodromu-1,2026-09-02,1,Elazığ Hipodromu,1200.0,KIZIM DAMLA,MEHMET DOĞAN,FİGEN BAKIR,57.0,4,0.0,50.0,50.0,50.0,50.0,88.0,3.29,0,28.0
2026-09-02-Elazığ Hipodromu-1,2026-09-02,1,Elazığ Hipodromu,1200.0,MAVİ DAMLA,ÇETİN CANPOLAT,ELİF AÇMAZ,54.0,11,0.0,50.0,50.0,50.0,50.0,76.0,0.86,0,0.0
2026-09-02-Elazığ Hipodromu-1,2026-09-02,1,Elazığ Hipodromu,1200.0,MISRADA,MEHMET ALİ AKTÜRK,HAKAN ATAKAYA,57.0,6,0.0,0.0,0.0,50.0,0.0,88.0,2.45,1,6.0
2026-09-02-Elazığ Hipodromu-1,2026-09-02,1,Elazığ Hipodromu,1200.0,MİR ATHENA,AHMET HASAN BAYAR,FATİH EMİR AKIL,57.0,9,0.0,50.0,50.0,50.0,50.0,88.0,3.31,0,0.0
2026-09-02-Elazığ Hipodromu-1,2026-09-02,1,Elazığ Hipodromu,1200.0,RENKLİ GÜZEL,SAMİ KAPLAN,MEHMET ALİ SUBAY,57.0,1,0.0,50.0,50.0,50.0,50.0,88.0,4.61,0,0.0
2026-09-02-Elazığ Hipodromu-1,2026-09-02,1,Elazığ Hipodromu,1200.0,ROZERİNA,YUSUF CENGİZ,MAHMUT DOĞAN,61.0,10,0.0,50.0,50.0,50.0,50.0,96.0,13.56,0,27.0
2026-09-02-Elazığ Hipodromu-1,2026-09-02,1,Elazığ Hipodromu,1200.0,TOPRAK ÇİÇEĞİ,AZİZ AKDEMİR,VELİ ÇİZİK,57.0,5,0.0,50.0,50.0,50.0,50.0,88.0,3.94,0,15.0
2026-09-02-Elazığ Hipodromu-1,2026-09-02,1,Elazığ Hipodromu,1200.0,TİGRİS HANIM,FERİT YARDIMCI,ELİF AÇMAZ,57.0,8,40.0,50.0,28.0,50.0,28.0,88.0,16.98,1,26.0
2026-09-02-Elazığ Hipodromu-2,2026-09-02,2,Elazığ Hipodromu,1500.0,ALEMİCİHAN,AZİZ AKDEMİR,SÜLEYMAN KARAKEÇİLİ,54.0,1,0.0,50.0,50.0,50.0,50.0,76.0,13.22,0,33.0
2026-09-02-Elazığ Hipodromu-2,2026-09-02,2,Elazığ Hipodromu,1500.0,ATEŞKARTAL,İSA AKYAVUZ,MAHMUT DOĞAN,58.0,7,70.0,64.0,50.0,64.0,64.0,92.0,26.34,1,41.0
2026-09-02-Elazığ Hipodromu-2,2026-09-02,2,Elazığ Hipodromu,1500.0,DEDEBEDO,AHMET HASAN BAYAR,BÜNYAMİN CENGİZ,54.0,3,0.0,50.0,50.0,50.0,50.0,76.0,1.73,0,33.0
2026-09-02-Elazığ Hipodromu-2,2026-09-02,2,Elazığ Hipodromu,1500.0,GÜMÜŞÇELİK,HÜSEYİN ALTUNKILIÇ,HAKAN ATAKAYA,57.5,4,55.0,46.0,50.0,50.0,46.0,90.0,7.12,1,40.0
2026-09-02-Elazığ Hipodromu-2,2026-09-02,2,Elazığ Hipodromu,1500.0,HÜKÜMSÜREN,NECMİ ALTIN,ERCAN ALTIN,55.0,2,100.0,100.0,50.0,100.0,100.0,80.0,30.6,1,35.0
2026-09-02-Elazığ Hipodromu-2,2026-09-02,2,Elazığ Hipodromu,1500.0,MERTENS,FERİT YARDIMCI,RAMAZAN BARMAN,54.0,6,0.0,50.0,50.0,50.0,50.0,76.0,17.22,0,33.0
2026-09-02-Elazığ Hipodromu-2,2026-09-02,2,Elazığ Hipodromu,1500.0,ŞİRİNHAT,SAMİ KAPLAN,MEHMET ASLAN,52.5,5,40.0,28.0,50.0,50.0,28.0,70.0,3.77,1,30.0
2026-09-02-Elazığ Hipodromu-3,2026-09-02,3,Elazığ Hipodromu,1200.0,ALFERDA,İLKER AKIN,ERCAN ALTIN,53.0,12,0.0,50.0,50.0,50.0,50.0,72.0,1.09,0,0.0
2026-09-02-Elazığ Hipodromu-3,2026-09-02,3,Elazığ Hipodromu,1200.0,BABİTTA,AZİZ AKDEMİR,MAHMUT DOĞAN,57.0,9,0.0,0.0,0.0,50.0,0.0,88.0,2.11,1,0.0
2026-09-02-Elazığ Hipodromu-3,2026-09-02,3,Elazığ Hipodromu,1200.0,BALTIMORE,REMZİ DOĞAN,YELİZ BAYSAL,57.0,1,0.0,50.0,50.0,50.0,50.0,88.0,12.76,0,26.0
2026-09-02-Elazığ Hipodromu-3,2026-09-02,3,Elazığ Hipodromu,1200.0,BUZ KRALİÇESİ,İSA KATAR,MAHMUT DOĞAN,57.0,6,0.0,50.0,50.0,50.0,50.0,88.0,19.94,0,26.0
2026-09-02-Elazığ Hipodromu-3,2026-09-02,3,Elazığ Hipodromu,1200.0,ELMAS GÖZLÜM,FERİT YARDIMCI,İBRAHİM ATMACA,57.0,10,0.0,50.0,50.0,50.0,50.0,88.0,10.21,0,13.0
2026-09-02-Elazığ Hipodromu-3,2026-09-02,3,Elazığ Hipodromu,1200.0,EMOŞUN KIZI,YUNUS ÇELİKBAŞ,ARİF IŞIK,57.0,5,40.0,28.0,28.0,50.0,28.0,88.0,4.88,1,19.0
2026-09-02-Elazığ Hipodromu-3,2026-09-02,3,Elazığ Hipodromu,1200.0,GÖKAYKIZ,SAMİ KAPLAN,MAHMUT DOĞAN,57.0,7,0.0,50.0,50.0,50.0,50.0,88.0,1.94,0,0.0
2026-09-02-Elazığ Hipodromu-3,2026-09-02,3,Elazığ Hipodromu,1200.0,KIR PENÇE,ÇETİN CANPOLAT,VELİ ÇİZİK,54.0,11,0.0,50.0,50.0,50.0,50.0,76.0,0.54,0,7.0
2026-09-02-Elazığ Hipodromu-3,2026-09-02,3,Elazığ Hipodromu,1200.0,NALDÖKEN FIRTINASI,HÜSEYİN ALTUNKILIÇ,MUHAMMED BULUÇ,57.0,13,0.0,50.0,50.0,50.0,50.0,88.0,6.15,0,9.0
2026-09-02-Elazığ Hipodromu-3,2026-09-02,3,Elazığ Hipodromu,1200.0,PRENSES FADİLE,NECMİ ALTIN,BÜNYAMİN CENGİZ,60.0,3,0.0,0.0,0.0,50.0,50.0,100.0,8.11,1,26.0
2026-09-02-Elazığ Hipodromu-3,2026-09-02,3,Elazığ Hipodromu,1200.0,SEYYARETAY,MEHMET ALİ AKTÜRK,ESER YILDIRIM,57.0,4,0.0,50.0,50.0,50.0,50.0,88.0,5.89,0,0.0
2026-09-02-Elazığ Hipodromu-3,2026-09-02,3,Elazığ Hipodromu,1200.0,ÇİLEK SULTAN,AHMET HASAN BAYAR,BAHATTİN DEMİRKAPU,57.0,8,0.0,50.0,50.0,50.0,50.0,88.0,2.23,0,0.0
2026-09-02-Elazığ Hipodromu-3,2026-09-02,3,Elazığ Hipodromu,1200.0,ÖZTÜRK PINARI,ABDULLAH ÇANKAYA,SÜLEYMAN KARAKEÇİLİ,59.0,2,85.0,82.0,82.0,82.0,82.0,96.0,23.81,1,26.0
2026-09-02-Elazığ Hipodromu-4,2026-09-02,4,Elazığ Hipodromu,1900.0,ANADOLU KAPLANI,MEHMET ALİ AKTÜRK,ESER YILDIRIM,60.0,4,0.0,50.0,50.0,50.0,50.0,100.0,3.15,0,78.0
2026-09-02-Elazığ Hipodromu-4,2026-09-02,4,Elazığ Hipodromu,1900.0,DAR SOKAK,MUSTAFA IŞIK,ZEYNEP RUKİYE TOPRAK,60.0,11,70.0,50.0,64.0,64.0,50.0,100.0,7.57,1,91.0
2026-09-02-Elazığ Hipodromu-4,2026-09-02,4,Elazığ Hipodromu,1900.0,DOĞANTÜRKBEYİ,İSA AKYAVUZ,ELİF AÇMAZ,60.0,3,100.0,100.0,100.0,100.0,100.0,100.0,16.91,1,89.0
2026-09-02-Elazığ Hipodromu-4,2026-09-02,4,Elazığ Hipodromu,1900.0,EMİN AMCA,REMZİ DOĞAN,BAHATTİN DEMİRKAPU,60.0,10,70.0,64.0,64.0,64.0,64.0,100.0,2.64,1,81.0
2026-09-02-Elazığ Hipodromu-4,2026-09-02,4,Elazığ Hipodromu,1900.0,GALLOON,FERİT YARDIMCI,TEMÜR AYDIN,60.0,9,0.0,50.0,50.0,50.0,50.0,100.0,14.42,0,90.0
2026-09-02-Elazığ Hipodromu-4,2026-09-02,4,Elazığ Hipodromu,1900.0,KING OVA,İSA KATAR,RESUL KAYA,60.0,8,0.0,50.0,0.0,50.0,0.0,100.0,2.43,1,85.0
2026-09-02-Elazığ Hipodromu-4,2026-09-02,4,Elazığ Hipodromu,1900.0,LADY İSİS,AZİZ AKDEMİR,SALİH BECENE,58.0,5,0.0,50.0,50.0,50.0,50.0,92.0,1.74,0,80.0
2026-09-02-Elazığ Hipodromu-4,2026-09-02,4,Elazığ Hipodromu,1900.0,PIRATE OF THE SEA,AHMET HASAN BAYAR,BÜNYAMİN CENGİZ,60.0,6,0.0,50.0,0.0,50.0,50.0,100.0,1.97,1,87.0
2026-09-02-Elazığ Hipodromu-4,2026-09-02,4,Elazığ Hipodromu,1900.0,SECRET ROYAL,MEHMET TAŞKAYA,ESER YILDIRIM,56.5,2,0.0,50.0,50.0,50.0,50.0,86.0,16.74,0,82.0
2026-09-02-Elazığ Hipodromu-4,2026-09-02,4,Elazığ Hipodromu,1900.0,SELANİK PRENSİ,YUSUF CENGİZ,MEHMET ALTIN,60.0,7,25.0,50.0,10.0,50.0,10.0,100.0,3.04,1,78.0
2026-09-02-Elazığ Hipodromu-4,2026-09-02,4,Elazığ Hipodromu,1900.0,TRIBAL CHIEF,MEHMET DOĞAN,FİGEN BAKIR,60.0,1,0.0,50.0,50.0,50.0,50.0,100.0,29.39,0,95.0
2026-09-02-Elazığ Hipodromu-5,2026-09-02,5,Elazığ Hipodromu,1200.0,ETIQUETTE,MEHMET TAŞKAYA,TEMÜR AYDIN,59.0,6,0.0,50.0,50.0,50.0,50.0,96.0,50.96,0,45.0
2026-09-02-Elazığ Hipodromu-5,2026-09-02,5,Elazığ Hipodromu,1200.0,GHOSHA,İSA KATAR,YELİZ BAYSAL,58.0,7,0.0,50.0,50.0,50.0,50.0,92.0,8.58,0,50.0
2026-09-02-Elazığ Hipodromu-5,2026-09-02,5,Elazığ Hipodromu,1200.0,GÖKTEKİ YAĞMUR,YUSUF CENGİZ,EYYÜP YARDIMCI,56.0,8,0.0,50.0,50.0,50.0,50.0,84.0,1.94,0,40.0
2026-09-02-Elazığ Hipodromu-5,2026-09-02,5,Elazığ Hipodromu,1200.0,INFERNO BLAZE,YUNUS ÇELİKBAŞ,TEMÜR AYDIN,55.0,4,70.0,64.0,64.0,64.0,50.0,80.0,1.73,1,27.0
2026-09-02-Elazığ Hipodromu-5,2026-09-02,5,Elazığ Hipodromu,1200.0,KING OF LINGO,FERİT YARDIMCI,MEHMET ALİ SUBAY,60.0,5,0.0,50.0,50.0,50.0,50.0,100.0,16.89,0,52.0
2026-09-02-Elazığ Hipodromu-5,2026-09-02,5,Elazığ Hipodromu,1200.0,LORD OF KİRVE,AZİZ AKDEMİR,SALİH BECENE,59.0,3,100.0,100.0,100.0,100.0,100.0,96.0,5.3,1,36.0
2026-09-02-Elazığ Hipodromu-5,2026-09-02,5,Elazığ Hipodromu,1200.0,POWER OF IRON,NECMİ ALTIN,ERCAN ALTIN,57.0,2,0.0,50.0,50.0,50.0,50.0,88.0,10.35,0,43.0
2026-09-02-Elazığ Hipodromu-5,2026-09-02,5,Elazığ Hipodromu,1200.0,PRENS APTİ,MEHMET DOĞAN,EYYÜP YARDIMCI,57.0,1,0.0,50.0,50.0,50.0,50.0,88.0,4.25,0,36.0
2026-09-02-Elazığ Hipodromu-6,2026-09-02,6,Elazığ Hipodromu,1500.0,BY CURA,MEHMET DOĞAN,SALİH BECENE,55.5,4,0.0,50.0,50.0,50.0,50.0,82.0,8.36,0,49.0
2026-09-02-Elazığ Hipodromu-6,2026-09-02,6,Elazığ Hipodromu,1500.0,COOL POWER,AHMET HASAN BAYAR,VELİ ÇİZİK,56.5,6,55.0,50.0,50.0,46.0,46.0,86.0,4.6,1,51.0
2026-09-02-Elazığ Hipodromu-6,2026-09-02,6,Elazığ Hipodromu,1500.0,DESERT FEVER,HAKİM YÖNDEN,HAKAN ATAKAYA,56.5,5,0.0,50.0,50.0,50.0,50.0,86.0,2.44,0,57.0
2026-09-02-Elazığ Hipodromu-6,2026-09-02,6,Elazığ Hipodromu,1500.0,EL LEON,MEHMET ALİ AKTÜRK,SÜLEYMAN KARAKEÇİLİ,56.0,11,0.0,50.0,50.0,50.0,50.0,84.0,23.63,0,50.0
2026-09-02-Elazığ Hipodromu-6,2026-09-02,6,Elazığ Hipodromu,1500.0,FAST FOTON,İSA KATAR,HAKAN ATAKAYA,55.5,12,0.0,50.0,50.0,50.0,50.0,82.0,3.08,0,49.0
2026-09-02-Elazığ Hipodromu-6,2026-09-02,6,Elazığ Hipodromu,1500.0,GARONOR,MEHMET TAŞKAYA,MUHAMMED BULUÇ,58.0,8,0.0,50.0,50.0,50.0,50.0,92.0,4.26,0,54.0
2026-09-02-Elazığ Hipodromu-6,2026-09-02,6,Elazığ Hipodromu,1500.0,GREEN GÖLE,İSA AKYAVUZ,BAVER FAHRİOĞLU,57.0,15,0.0,50.0,50.0,50.0,50.0,88.0,13.44,0,52.0
2026-09-02-Elazığ Hipodromu-6,2026-09-02,6,Elazığ Hipodromu,1500.0,HUNTER OF VICTORY,ABDULLAH ÇANKAYA,BAHATTİN DEMİRKAPU,63.0,9,0.0,50.0,50.0,50.0,50.0,88.0,2.85,0,64.0
2026-09-02-Elazığ Hipodromu-6,2026-09-02,6,Elazığ Hipodromu,1500.0,KAROZBEY,MUHAMMED BARAN ÇAKMAK,YELİZ BAYSAL,53.0,10,0.0,50.0,50.0,50.0,50.0,72.0,2.14,0,44.0
2026-09-02-Elazığ Hipodromu-6,2026-09-02,6,Elazığ Hipodromu,1500.0,LION ROBERO,YUSUF CENGİZ,BÜNYAMİN CENGİZ,55.5,3,0.0,50.0,50.0,50.0,50.0,82.0,3.87,0,49.0
2026-09-02-Elazığ Hipodromu-6,2026-09-02,6,Elazığ Hipodromu,1500.0,MERYEM SULTAN,YUNUS ÇELİKBAŞ,YELİZ BAYSAL,54.0,14,0.0,0.0,50.0,0.0,50.0,76.0,0.67,1,46.0
2026-09-02-Elazığ Hipodromu-6,2026-09-02,6,Elazığ Hipodromu,1500.0,REEZ,AZİZ AKDEMİR,MEHMET ALTIN,59.0,7,0.0,50.0,50.0,50.0,50.0,96.0,15.86,0,56.0
2026-09-02-Elazığ Hipodromu-6,2026-09-02,6,Elazığ Hipodromu,1500.0,RHAEGAL,SAMİ KAPLAN,SALİH BECENE,55.0,2,0.0,50.0,50.0,50.0,50.0,80.0,2.71,0,48.0
2026-09-02-Elazığ Hipodromu-6,2026-09-02,6,Elazığ Hipodromu,1500.0,SIDNEY SHOW,FERİT YARDIMCI,ERCAN ALTIN,55.5,1,0.0,50.0,50.0,50.0,50.0,82.0,6.38,0,49.0
2026-09-02-Elazığ Hipodromu-6,2026-09-02,6,Elazığ Hipodromu,1500.0,TRIPLE AZAREKS,NECMİ ALTIN,VELİ ÇİZİK,60.0,13,0.0,50.0,50.0,50.0,50.0,100.0,5.33,0,58.0
2026-09-02-Elazığ Hipodromu-7,2026-09-02,7,Elazığ Hipodromu,1200.0,BAŞKUT ANA,SAMİ KAPLAN,MAHMUT DOĞAN,57.0,4,0.0,50.0,50.0,50.0,50.0,88.0,0.0,0,0.0
2026-09-02-Elazığ Hipodromu-7,2026-09-02,7,Elazığ Hipodromu,1200.0,CANU CİGER,NECMİ ALTIN,BÜNYAMİN CENGİZ,57.0,1,0.0,0.0,0.0,50.0,50.0,88.0,0.0,1,24.0
2026-09-02-Elazığ Hipodromu-7,2026-09-02,7,Elazığ Hipodromu,1200.0,EDEPLİ,İLKER AKIN,ERCAN ALTIN,53.0,11,0.0,50.0,50.0,50.0,50.0,72.0,0.0,0,7.0
2026-09-02-Elazığ Hipodromu-7,2026-09-02,7,Elazığ Hipodromu,1200.0,FATMA ŞAH,REMZİ DOĞAN,BAVER FAHRİOĞLU,57.0,13,0.0,50.0,50.0,50.0,50.0,88.0,0.0,0,0.0
2026-09-02-Elazığ Hipodromu-7,2026-09-02,7,Elazığ Hipodromu,1200.0,HAYDİ BİTANEM,AHMET HASAN BAYAR,SÜLEYMAN KARAKEÇİLİ,57.0,5,0.0,50.0,0.0,50.0,50.0,88.0,0.0,1,30.0
2026-09-02-Elazığ Hipodromu-7,2026-09-02,7,Elazığ Hipodromu,1200.0,KETRİN,AZİZ AKDEMİR,HAKAN ATAKAYA,57.0,3,0.0,50.0,50.0,50.0,50.0,88.0,0.0,0,0.0
2026-09-02-Elazığ Hipodromu-7,2026-09-02,7,Elazığ Hipodromu,1200.0,KOĞUN SESİ,MUHAMMED BARAN ÇAKMAK,ARİF IŞIK,54.0,8,0.0,0.0,0.0,0.0,0.0,76.0,0.0,1,10.0
2026-09-02-Elazığ Hipodromu-7,2026-09-02,7,Elazığ Hipodromu,1200.0,NATROSE,MEHMET DOĞAN,MUHAMMED BULUÇ,57.0,7,0.0,50.0,50.0,50.0,50.0,88.0,0.0,0,0.0
2026-09-02-Elazığ Hipodromu-7,2026-09-02,7,Elazığ Hipodromu,1200.0,SEYRAN ABLA,MEHMET ALİ AKTÜRK,MEHMET ALİ SUBAY,57.0,10,0.0,50.0,50.0,50.0,50.0,88.0,0.0,0,11.0
2026-09-02-Elazığ Hipodromu-7,2026-09-02,7,Elazığ Hipodromu,1200.0,TAÇSIZKIZ,ABDULLAH ÇANKAYA,EYYÜP YARDIMCI,57.0,12,0.0,50.0,50.0,50.0,50.0,88.0,0.0,0,18.0
2026-09-02-Elazığ Hipodromu-7,2026-09-02,7,Elazığ Hipodromu,1200.0,YAZ MELTEMİ,FERİT YARDIMCI,EYYÜP YARDIMCI,57.0,2,70.0,64.0,64.0,50.0,64.0,88.0,0.0,1,21.0
2026-09-02-Elazığ Hipodromu-7,2026-09-02,7,Elazığ Hipodromu,1200.0,YAĞMUR ECE,YUSUF CENGİZ,FİGEN BAKIR,57.0,9,0.0,50.0,50.0,50.0,50.0,88.0,0.0,0,19.0
2026-09-02-Elazığ Hipodromu-7,2026-09-02,7,Elazığ Hipodromu,1200.0,ZÜLBİYE KIZ,İSA AKYAVUZ,SALİH BECENE,57.0,14,0.0,50.0,50.0,50.0,50.0,88.0,0.0,0,0.0
2026-09-02-Elazığ Hipodromu-7,2026-09-02,7,Elazığ Hipodromu,1200.0,ÜÇKONAKLI,İSA KATAR,HAKAN ATAKAYA,57.0,6,0.0,50.0,50.0,50.0,50.0,88.0,0.0,0,25.0
2026-09-02-Elazığ Hipodromu-8,2026-09-02,8,Elazığ Hipodromu,1800.0,BEZANTAY,MUHAMMED BARAN ÇAKMAK,ELİF AÇMAZ,58.0,16,0.0,0.0,50.0,50.0,0.0,92.0,0.0,1,57.0
2026-09-02-Elazığ Hipodromu-8,2026-09-02,8,Elazığ Hipodromu,1800.0,BIÇKIN KRAL,REMZİ DOĞAN,İBRAHİM ATMACA,57.0,4,55.0,46.0,50.0,46.0,46.0,88.0,0.0,1,51.0
2026-09-02-Elazığ Hipodromu-8,2026-09-02,8,Elazığ Hipodromu,1800.0,BİÇERROZA,İSA AKYAVUZ,BAHATTİN DEMİRKAPU,55.5,6,100.0,100.0,100.0,100.0,100.0,82.0,0.0,1,52.0
2026-09-02-Elazığ Hipodromu-8,2026-09-02,8,Elazığ Hipodromu,1800.0,CENGEBEY,AZİZ AKDEMİR,ERCAN ALTIN,62.5,3,40.0,28.0,28.0,28.0,28.0,90.0,0.0,1,62.0
2026-09-02-Elazığ Hipodromu-8,2026-09-02,8,Elazığ Hipodromu,1800.0,DEMİR ATLAS,AHMET HASAN BAYAR,BAVER FAHRİOĞLU,57.0,9,0.0,0.0,0.0,0.0,0.0,88.0,0.0,1,55.0
2026-09-02-Elazığ Hipodromu-8,2026-09-02,8,Elazığ Hipodromu,1800.0,FERHAT KARDEŞ,ÇETİN CANPOLAT,HAKAN ATAKAYA,59.0,15,0.0,50.0,50.0,50.0,50.0,96.0,0.0,0,59.0
2026-09-02-Elazığ Hipodromu-8,2026-09-02,8,Elazığ Hipodromu,1800.0,GREEN MILE,MEHMET ALİ AKTÜRK,İBRAHİM ATMACA,54.5,1,0.0,50.0,50.0,50.0,50.0,78.0,0.0,0,46.0
2026-09-02-Elazığ Hipodromu-8,2026-09-02,8,Elazığ Hipodromu,1800.0,GÖZE ÇARPAN,SAMİ KAPLAN,BAHATTİN DEMİRKAPU,56.5,7,10.0,0.0,0.0,0.0,0.0,86.0,0.0,1,50.0
2026-09-02-Elazığ Hipodromu-8,2026-09-02,8,Elazığ Hipodromu,1800.0,KILIÇBAĞI,YUSUF CENGİZ,EYYÜP YARDIMCI,62.5,11,25.0,10.0,50.0,50.0,10.0,90.0,0.0,1,62.0
2026-09-02-Elazığ Hipodromu-8,2026-09-02,8,Elazığ Hipodromu,1800.0,KING PELE,İSA KATAR,SALİH BECENE,58.0,10,0.0,50.0,50.0,50.0,50.0,92.0,0.0,0,53.0
2026-09-02-Elazığ Hipodromu-8,2026-09-02,8,Elazığ Hipodromu,1800.0,LAVİSTAKAYA,YUNUS ÇELİKBAŞ,MUHAMMED BULUÇ,63.0,13,85.0,82.0,50.0,50.0,82.0,88.0,0.0,1,63.0
2026-09-02-Elazığ Hipodromu-8,2026-09-02,8,Elazığ Hipodromu,1800.0,OLGUNADAM,FERİT YARDIMCI,BAHATTİN DEMİRKAPU,63.0,12,55.0,46.0,46.0,50.0,46.0,88.0,0.0,1,63.0
2026-09-02-Elazığ Hipodromu-8,2026-09-02,8,Elazığ Hipodromu,1800.0,QUATRO,NECMİ ALTIN,BAVER FAHRİOĞLU,61.0,14,0.0,50.0,50.0,50.0,50.0,96.0,0.0,0,59.0
2026-09-02-Elazığ Hipodromu-8,2026-09-02,8,Elazığ Hipodromu,1800.0,RODİNYA,ABDULLAH ÇANKAYA,RAMAZAN BARMAN,57.5,5,0.0,50.0,50.0,50.0,50.0,90.0,0.0,0,52.0
2026-09-02-Elazığ Hipodromu-8,2026-09-02,8,Elazığ Hipodromu,1800.0,ÖZRÜBA,MUSTAFA IŞIK,MUHAMMED BULUÇ,60.5,8,0.0,0.0,50.0,50.0,0.0,98.0,0.0,1,58.0
2026-09-02-Elazığ Hipodromu-8,2026-09-02,8,Elazığ Hipodromu,1800.0,ŞAHKAYA,MEHMET DOĞAN,MUHAMMED BULUÇ,57.5,2,0.0,50.0,50.0,50.0,50.0,90.0,0.0,0,56.0
2026-09-03-Ankara 75. Yıl Hipodromu-1,2026-09-03,1,Ankara 75. Yıl Hipodromu,1900.0,ARMY HERO,GÖKHAN KOCAKAYA,OZAN BULUT,58.0,7,0.0,50.0,50.0,50.0,50.0,92.0,36.1,0,48.0
2026-09-03-Ankara 75. Yıl Hipodromu-1,2026-09-03,1,Ankara 75. Yıl Hipodromu,1900.0,CHILO,MEHMET SALİH ÇELİK,HÜSEYİN KAYA,55.0,6,40.0,28.0,50.0,50.0,28.0,80.0,6.55,1,71.0
2026-09-03-Ankara 75. Yıl Hipodromu-1,2026-09-03,1,Ankara 75. Yıl Hipodromu,1900.0,CRAZY DILDAR,AHMET ÇELİK,CUMALİ KARATAŞ,55.0,4,55.0,46.0,50.0,50.0,46.0,80.0,6.44,1,46.0
2026-09-03-Ankara 75. Yıl Hipodromu-1,2026-09-03,1,Ankara 75. Yıl Hipodromu,1900.0,HIZKESEN,MERT ALİ SOLMAZ,ERGÜN ÇETİNKURT,51.0,5,10.0,0.0,50.0,50.0,0.0,64.0,3.88,1,53.0
2026-09-03-Ankara 75. Yıl Hipodromu-1,2026-09-03,1,Ankara 75. Yıl Hipodromu,1900.0,LADY GROUND,ERCAN ÇANKAYA,EMİN KARATAŞ,56.0,1,0.0,50.0,50.0,50.0,50.0,84.0,8.87,0,49.0
2026-09-03-Ankara 75. Yıl Hipodromu-1,2026-09-03,1,Ankara 75. Yıl Hipodromu,1900.0,NART THE BATTLE,AYHAN KURŞUN,İBRAHİM BEKİROĞULLARI,56.0,2,85.0,82.0,50.0,50.0,82.0,84.0,26.06,1,55.0
2026-09-03-Ankara 75. Yıl Hipodromu-1,2026-09-03,1,Ankara 75. Yıl Hipodromu,1900.0,OĞLUM GALİBEY,NİZAMETTİN DEMİR,SEİT KAN,56.0,3,40.0,28.0,50.0,50.0,28.0,84.0,12.1,1,71.0
2026-09-03-Ankara 75. Yıl Hipodromu-2,2026-09-03,2,Ankara 75. Yıl Hipodromu,1400.0,ANSHBA SKY,İSMAİL YILDIRIM,İBRAHİM BEKİROĞULLARI,57.0,2,0.0,50.0,50.0,50.0,50.0,88.0,7.25,0,40.0
2026-09-03-Ankara 75. Yıl Hipodromu-2,2026-09-03,2,Ankara 75. Yıl Hipodromu,1400.0,LADY ŞAMPİRA,FATİH SULTAN MEHMET SANSAR,MUSTAFA ÖZYİĞİT,57.0,5,100.0,100.0,100.0,100.0,100.0,88.0,3.18,1,39.0
2026-09-03-Ankara 75. Yıl Hipodromu-2,2026-09-03,2,Ankara 75. Yıl Hipodromu,1400.0,O BİR VAHŞİ,AHMET ÇELİK,ERGÜN ÇETİNKURT,59.0,1,0.0,50.0,50.0,50.0,50.0,96.0,74.56,0,40.0
2026-09-03-Ankara 75. Yıl Hipodromu-2,2026-09-03,2,Ankara 75. Yıl Hipodromu,1400.0,SHA CARRI,MEHMET AKYAVUZ,MÜSLÜM DOLAK,55.0,3,0.0,0.0,0.0,50.0,0.0,80.0,1.42,1,26.0
2026-09-03-Ankara 75. Yıl Hipodromu-2,2026-09-03,2,Ankara 75. Yıl Hipodromu,1400.0,ZELAL HANIM,MEHMET SALİH ÇELİK,CUMALİ KARATAŞ,57.0,4,0.0,50.0,50.0,50.0,50.0,88.0,13.59,0,40.0
2026-09-03-Ankara 75. Yıl Hipodromu-3,2026-09-03,3,Ankara 75. Yıl Hipodromu,1200.0,ALTIN BAĞ,FATİH SULTAN MEHMET SANSAR,ÖMER FARUK ERTUĞRUL,57.0,8,0.0,50.0,50.0,50.0,50.0,88.0,8.01,0,0.0
2026-09-03-Ankara 75. Yıl Hipodromu-3,2026-09-03,3,Ankara 75. Yıl Hipodromu,1200.0,AYOLA,SAMETCAN YAZICIOĞLU,AYBERK ÇAYIR,55.0,9,0.0,50.0,50.0,50.0,50.0,80.0,2.86,0,0.0
2026-09-03-Ankara 75. Yıl Hipodromu-3,2026-09-03,3,Ankara 75. Yıl Hipodromu,1200.0,GÖKDEMİR,ERCAN ÇANKAYA,HÜSEYİN TEKİNALP,57.0,1,0.0,50.0,50.0,50.0,50.0,88.0,19.5,0,0.0
2026-09-03-Ankara 75. Yıl Hipodromu-3,2026-09-03,3,Ankara 75. Yıl Hipodromu,1200.0,KARSUOVA,ROJHAT KURT,MEHMET DEMİROL,57.0,10,0.0,50.0,50.0,50.0,50.0,88.0,2.45,0,0.0
2026-09-03-Ankara 75. Yıl Hipodromu-3,2026-09-03,3,Ankara 75. Yıl Hipodromu,1200.0,KÜÇÜK ZERYA,NİZAMETTİN DEMİR,CEM CİHAT ÇETİN,55.0,6,0.0,50.0,50.0,50.0,50.0,80.0,4.17,0,0.0
2026-09-03-Ankara 75. Yıl Hipodromu-3,2026-09-03,3,Ankara 75. Yıl Hipodromu,1200.0,OSKAYBEY,SALİH ÇELİK,SERHAT POLAT,57.0,5,0.0,50.0,50.0,50.0,50.0,88.0,10.55,0,0.0
2026-09-03-Ankara 75. Yıl Hipodromu-3,2026-09-03,3,Ankara 75. Yıl Hipodromu,1200.0,SELİM USTA,MERT ALİ SOLMAZ,ENVER MUTLU,57.0,4,0.0,50.0,50.0,50.0,50.0,88.0,6.24,0,0.0
2026-09-03-Ankara 75. Yıl Hipodromu-3,2026-09-03,3,Ankara 75. Yıl Hipodromu,1200.0,SEYRAN HANIM,MEHMET SALİH ÇELİK,CASIM KATI,55.0,2,0.0,50.0,50.0,50.0,50.0,80.0,21.01,0,0.0
2026-09-03-Ankara 75. Yıl Hipodromu-3,2026-09-03,3,Ankara 75. Yıl Hipodromu,1200.0,VENEDİKZADE,MEHMET AKYAVUZ,MEHMET DEMİROL,57.0,3,0.0,50.0,50.0,50.0,50.0,88.0,15.58,0,0.0
2026-09-03-Ankara 75. Yıl Hipodromu-3,2026-09-03,3,Ankara 75. Yıl Hipodromu,1200.0,YAVUZALİ,HIŞMAN ÇİZİK,SERHAT POLAT,57.0,7,0.0,50.0,50.0,50.0,50.0,88.0,9.62,0,0.0
2026-09-03-Ankara 75. Yıl Hipodromu-4,2026-09-03,4,Ankara 75. Yıl Hipodromu,1400.0,ATEŞİM,ERCAN ÇANKAYA,AYHAN POLAT,56.5,5,0.0,50.0,50.0,50.0,50.0,86.0,8.83,0,86.0
2026-09-03-Ankara 75. Yıl Hipodromu-4,2026-09-03,4,Ankara 75. Yıl Hipodromu,1400.0,AYAZ DEFNE,GÖKHAN KOCAKAYA,MEHMET ARICI,56.0,9,0.0,50.0,50.0,50.0,50.0,84.0,12.33,0,78.0
2026-09-03-Ankara 75. Yıl Hipodromu-4,2026-09-03,4,Ankara 75. Yıl Hipodromu,1400.0,BELKIS ANA,HIŞMAN ÇİZİK,YASİN TAŞKIN,59.5,8,0.0,50.0,50.0,50.0,50.0,98.0,8.07,0,89.0
2026-09-03-Ankara 75. Yıl Hipodromu-4,2026-09-03,4,Ankara 75. Yıl Hipodromu,1400.0,BOLKADER,MEHMET ALİ AKGÖBEK,FERDİ KIRAN,60.0,4,0.0,50.0,50.0,50.0,50.0,100.0,7.15,0,84.0
2026-09-03-Ankara 75. Yıl Hipodromu-4,2026-09-03,4,Ankara 75. Yıl Hipodromu,1400.0,EPARVEN,NİZAMETTİN DEMİR,MEHMET ÇELİK,55.5,10,0.0,50.0,50.0,50.0,50.0,82.0,1.24,0,91.0
2026-09-03-Ankara 75. Yıl Hipodromu-4,2026-09-03,4,Ankara 75. Yıl Hipodromu,1400.0,GÜNÇE KIZ,SALİH ÇELİK,RAMAZAN KAYA,59.5,7,0.0,50.0,50.0,50.0,50.0,98.0,12.67,0,85.0
2026-09-03-Ankara 75. Yıl Hipodromu-4,2026-09-03,4,Ankara 75. Yıl Hipodromu,1400.0,IRMAK SU,İSMAİL YILDIRIM,SAVAŞ DEMİR,56.5,6,0.0,50.0,50.0,50.0,50.0,86.0,2.55,0,81.0
2026-09-03-Ankara 75. Yıl Hipodromu-4,2026-09-03,4,Ankara 75. Yıl Hipodromu,1400.0,KESKİN KUŞ,MEHMET SALİH ÇELİK,MEHMET ÇELİK,58.0,1,10.0,0.0,0.0,50.0,0.0,92.0,17.06,1,85.0
2026-09-03-Ankara 75. Yıl Hipodromu-4,2026-09-03,4,Ankara 75. Yıl Hipodromu,1400.0,NAZİKO,AYHAN KURŞUN,ERTAN ACER,57.5,2,0.0,50.0,50.0,50.0,50.0,90.0,5.41,0,82.0
2026-09-03-Ankara 75. Yıl Hipodromu-4,2026-09-03,4,Ankara 75. Yıl Hipodromu,1400.0,TORUNCALAS,FATİH SULTAN MEHMET SANSAR,MEHMET ALİ CANPOLATLI,61.5,3,0.0,50.0,50.0,50.0,50.0,94.0,19.51,0,99.0
2026-09-03-Ankara 75. Yıl Hipodromu-4,2026-09-03,4,Ankara 75. Yıl Hipodromu,1400.0,TUMBUL NAZLI,MEHMET NURİ SUNKAR,ARZU KILIÇ,55.5,12,0.0,50.0,50.0,50.0,50.0,82.0,3.28,0,85.0
2026-09-03-Ankara 75. Yıl Hipodromu-4,2026-09-03,4,Ankara 75. Yıl Hipodromu,1400.0,ŞİRİNMİŞİRİN,MEHMET AKYAVUZ,MEHMET ALİ CANPOLATLI,56.5,11,0.0,50.0,50.0,50.0,50.0,86.0,1.9,0,80.0
2026-09-03-Ankara 75. Yıl Hipodromu-5,2026-09-03,5,Ankara 75. Yıl Hipodromu,1500.0,BAŞ DAĞYUDAN,MEHMET AKYAVUZ,MEHMET KORKMAZ,59.5,7,0.0,50.0,50.0,50.0,50.0,98.0,10.4,0,55.0
2026-09-03-Ankara 75. Yıl Hipodromu-5,2026-09-03,5,Ankara 75. Yıl Hipodromu,1500.0,BOĞAZİÇİ BEYİ,ERCAN ÇANKAYA,İSMET TEKİNALP,59.5,9,0.0,50.0,50.0,50.0,50.0,98.0,6.15,0,55.0
2026-09-03-Ankara 75. Yıl Hipodromu-5,2026-09-03,5,Ankara 75. Yıl Hipodromu,1500.0,FERAT,MEHMET TAHA COŞKUN,ADEM GÜVEN,60.0,4,100.0,50.0,100.0,50.0,50.0,100.0,16.92,1,62.0
2026-09-03-Ankara 75. Yıl Hipodromu-5,2026-09-03,5,Ankara 75. Yıl Hipodromu,1500.0,GAZNELİ,HIŞMAN ÇİZİK,ÜMİT ARSLAN,60.0,6,0.0,50.0,50.0,50.0,50.0,100.0,16.59,0,56.0
2026-09-03-Ankara 75. Yıl Hipodromu-5,2026-09-03,5,Ankara 75. Yıl Hipodromu,1500.0,GÜMBÜRBERK,NİZAMETTİN DEMİR,SERHAT POLAT,62.5,5,10.0,50.0,0.0,50.0,0.0,90.0,3.65,1,61.0
2026-09-03-Ankara 75. Yıl Hipodromu-5,2026-09-03,5,Ankara 75. Yıl Hipodromu,1500.0,HARŞİT BEYİ,MEHMET ALİ AKGÖBEK,MÜSLÜM ÖRTÜNÇ,57.5,8,0.0,50.0,50.0,50.0,50.0,90.0,6.1,0,51.0
2026-09-03-Ankara 75. Yıl Hipodromu-5,2026-09-03,5,Ankara 75. Yıl Hipodromu,1500.0,KRAKEN,GÖKHAN KOCAKAYA,HÜSEYİN TEKİNALP,55.0,1,0.0,50.0,50.0,50.0,50.0,80.0,28.79,0,46.0
2026-09-03-Ankara 75. Yıl Hipodromu-5,2026-09-03,5,Ankara 75. Yıl Hipodromu,1500.0,UMUTSER,MERT UYAR,CUMALİ KARATAŞ,50.0,2,0.0,50.0,50.0,50.0,50.0,60.0,2.29,0,36.0
2026-09-03-Ankara 75. Yıl Hipodromu-5,2026-09-03,5,Ankara 75. Yıl Hipodromu,1500.0,ÖZGÜNVERA,MEHMET KESKİN,HÜSEYİN ATAŞ,53.0,3,0.0,50.0,50.0,50.0,50.0,72.0,1.47,0,42.0
2026-09-03-Ankara 75. Yıl Hipodromu-5,2026-09-03,5,Ankara 75. Yıl Hipodromu,1500.0,ŞAHLANTAY,AYHAN KURŞUN,TOLGA SÜSLÜ,61.5,10,0.0,50.0,50.0,50.0,50.0,94.0,7.63,0,59.0
2026-09-03-Ankara 75. Yıl Hipodromu-6,2026-09-03,6,Ankara 75. Yıl Hipodromu,1400.0,AYDIN DAYI,MEHMET AKYAVUZ,MÜSLÜM DOLAK,57.0,6,55.0,46.0,46.0,50.0,46.0,88.0,0.67,1,44.0
2026-09-03-Ankara 75. Yıl Hipodromu-6,2026-09-03,6,Ankara 75. Yıl Hipodromu,1400.0,BAYDARBEY,GÖKHAN KOCAKAYA,MÜSLÜM DOLAK,57.0,3,0.0,50.0,50.0,50.0,50.0,88.0,7.64,0,68.0
2026-09-03-Ankara 75. Yıl Hipodromu-6,2026-09-03,6,Ankara 75. Yıl Hipodromu,1400.0,BOZKIR YİĞİDİ,MEHMET SALİH ÇELİK,CELAL BURAK SERİNER,57.0,4,0.0,50.0,50.0,50.0,50.0,88.0,13.71,0,84.0
2026-09-03-Ankara 75. Yıl Hipodromu-6,2026-09-03,6,Ankara 75. Yıl Hipodromu,1400.0,HÜRTAYFA,AYHAN KURŞUN,KEMAL YILMAZ,57.0,1,0.0,50.0,50.0,50.0,50.0,88.0,51.91,0,94.0
2026-09-03-Ankara 75. Yıl Hipodromu-6,2026-09-03,6,Ankara 75. Yıl Hipodromu,1400.0,TOYGARLI,SALİH ÇELİK,RAMAZAN KAYA,57.0,7,0.0,50.0,50.0,50.0,50.0,88.0,1.95,0,47.0
2026-09-03-Ankara 75. Yıl Hipodromu-6,2026-09-03,6,Ankara 75. Yıl Hipodromu,1400.0,TİBET ASLANI,ERCAN ÇANKAYA,HÜSEYİN KAYA,57.0,8,0.0,50.0,50.0,50.0,50.0,88.0,1.02,0,47.0
2026-09-03-Ankara 75. Yıl Hipodromu-6,2026-09-03,6,Ankara 75. Yıl Hipodromu,1400.0,YURTÇU,HIŞMAN ÇİZİK,SERHAT POLAT,57.0,5,0.0,50.0,50.0,50.0,50.0,88.0,6.04,0,57.0
2026-09-03-Ankara 75. Yıl Hipodromu-6,2026-09-03,6,Ankara 75. Yıl Hipodromu,1400.0,ŞENOĞLAN,MERT ALİ SOLMAZ,CUMALİ KARATAŞ,57.0,2,0.0,50.0,50.0,50.0,50.0,88.0,17.06,0,82.0
2026-09-03-Ankara 75. Yıl Hipodromu-7,2026-09-03,7,Ankara 75. Yıl Hipodromu,2000.0,BANDOLERO,ENES ATLAMAZ,MÜSLÜM DOLAK,58.0,2,0.0,50.0,50.0,50.0,50.0,92.0,0.0,0,91.0
2026-09-03-Ankara 75. Yıl Hipodromu-7,2026-09-03,7,Ankara 75. Yıl Hipodromu,2000.0,EL VERDUGO,ROJHAT KURT,SERHAT POLAT,55.0,5,10.0,0.0,0.0,50.0,0.0,80.0,0.0,2,64.0
2026-09-03-Ankara 75. Yıl Hipodromu-7,2026-09-03,7,Ankara 75. Yıl Hipodromu,2000.0,GLITTER WINGS,BERKANT GÖKÇE,AHMET ÖZDOĞAN,55.0,3,0.0,50.0,50.0,50.0,50.0,80.0,0.0,0,89.0
2026-09-03-Ankara 75. Yıl Hipodromu-7,2026-09-03,7,Ankara 75. Yıl Hipodromu,2000.0,JOHN ABRUZZI,İSMAİL YILDIRIM,İBRAHİM BEKİROĞULLARI,59.0,1,0.0,50.0,50.0,50.0,50.0,96.0,0.0,0,97.0
2026-09-03-Ankara 75. Yıl Hipodromu-7,2026-09-03,7,Ankara 75. Yıl Hipodromu,2000.0,MARTİNA,MEHMET TAHA COŞKUN,UĞUR KULAK,58.0,4,0.0,50.0,50.0,50.0,50.0,92.0,0.0,0,90.0
2026-09-03-Ankara 75. Yıl Hipodromu-8,2026-09-03,8,Ankara 75. Yıl Hipodromu,1200.0,ATEŞ ŞEKERİ,MEHMET ALİ AKGÖBEK,ALİ ÇİZİK,55.0,6,0.0,50.0,50.0,50.0,50.0,80.0,0.0,0,0.0
2026-09-03-Ankara 75. Yıl Hipodromu-8,2026-09-03,8,Ankara 75. Yıl Hipodromu,1200.0,BALCIDEDE,ERCAN ÇANKAYA,CUMA DEMİR,57.0,4,0.0,50.0,50.0,50.0,50.0,88.0,0.0,0,0.0
2026-09-03-Ankara 75. Yıl Hipodromu-8,2026-09-03,8,Ankara 75. Yıl Hipodromu,1200.0,ETMAN,SALİH ÇELİK,UĞUR KULAK,57.0,3,0.0,50.0,50.0,50.0,50.0,88.0,0.0,0,0.0
2026-09-03-Ankara 75. Yıl Hipodromu-8,2026-09-03,8,Ankara 75. Yıl Hipodromu,1200.0,HIZLI ÖZGÜN,MEHMET AKYAVUZ,AYKUT ECEVİT BAŞ,57.0,7,0.0,50.0,50.0,50.0,50.0,88.0,0.0,0,0.0
2026-09-03-Ankara 75. Yıl Hipodromu-8,2026-09-03,8,Ankara 75. Yıl Hipodromu,1200.0,PİSİFORMİS,FATİH SULTAN MEHMET SANSAR,CUMA DEMİR,57.0,1,0.0,50.0,50.0,50.0,50.0,88.0,0.0,0,0.0
2026-09-03-Ankara 75. Yıl Hipodromu-8,2026-09-03,8,Ankara 75. Yıl Hipodromu,1200.0,RAYNART,MEHMET SALİH ÇELİK,MEHMET GÜNEŞ,57.0,2,0.0,50.0,50.0,50.0,50.0,88.0,0.0,0,0.0
2026-09-03-Ankara 75. Yıl Hipodromu-8,2026-09-03,8,Ankara 75. Yıl Hipodromu,1200.0,YARKAYA,HIŞMAN ÇİZİK,ADNAN POLAT,57.0,8,0.0,50.0,50.0,50.0,50.0,88.0,0.0,0,0.0
2026-09-03-Ankara 75. Yıl Hipodromu-8,2026-09-03,8,Ankara 75. Yıl Hipodromu,1200.0,ÖRNEKKAN,AYHAN KURŞUN,ŞEFİK AYDEMİR,57.0,5,0.0,50.0,50.0,50.0,50.0,88.0,0.0,0,0.0
2026-09-04-Bursa Osmangazi Hipodromu-1,2026-09-04,1,Bursa Osmangazi Hipodromu,1200.0,BATTLECAT,BEKİR MERT MIRIK,EYÜPHAN AVCI,58.0,9,0.0,50.0,50.0,50.0,50.0,92.0,0.0,0,55.0
2026-09-04-Bursa Osmangazi Hipodromu-1,2026-09-04,1,Bursa Osmangazi Hipodromu,1200.0,BEBEĞİM OLDUN,CEM ALTUN,AHMET MANTAŞ,58.0,6,0.0,50.0,50.0,50.0,50.0,92.0,0.0,0,38.0
2026-09-04-Bursa Osmangazi Hipodromu-1,2026-09-04,1,Bursa Osmangazi Hipodromu,1200.0,FILIUS VENTUS,ONUR YILDIZ,GÖKMEN GÖKÇE,59.0,3,0.0,50.0,50.0,50.0,50.0,96.0,0.0,0,46.0
2026-09-04-Bursa Osmangazi Hipodromu-1,2026-09-04,1,Bursa Osmangazi Hipodromu,1200.0,HERO WIND,OĞUZ EREN,SEDAT KOÇAK,55.0,10,0.0,50.0,50.0,50.0,50.0,80.0,0.0,0,8.0
2026-09-04-Bursa Osmangazi Hipodromu-1,2026-09-04,1,Bursa Osmangazi Hipodromu,1200.0,JESKO,TOLGA YILDIZ,YUSUF AKBULUT,56.0,4,0.0,50.0,50.0,50.0,50.0,84.0,0.0,0,71.0
2026-09-04-Bursa Osmangazi Hipodromu-1,2026-09-04,1,Bursa Osmangazi Hipodromu,1200.0,KHAN OF THE FOREST,NURETTİN ŞEN,YUSUF AKBULUT,56.5,7,25.0,50.0,10.0,10.0,10.0,86.0,0.0,1,15.0
2026-09-04-Bursa Osmangazi Hipodromu-1,2026-09-04,1,Bursa Osmangazi Hipodromu,1200.0,LA BOMBONERA,MUSTAFA ÇİÇEK,REŞAT KILIÇ,58.0,5,40.0,28.0,50.0,50.0,28.0,92.0,0.0,1,83.0
2026-09-04-Bursa Osmangazi Hipodromu-1,2026-09-04,1,Bursa Osmangazi Hipodromu,1200.0,MAMBA FOREVER,KAANCAN GÖKÇE,FATİH TOSUN,60.0,1,0.0,0.0,0.0,50.0,50.0,100.0,0.0,1,86.0
2026-09-04-Bursa Osmangazi Hipodromu-1,2026-09-04,1,Bursa Osmangazi Hipodromu,1200.0,TANNUR STAR,SERCAN TIRPAN,FERDİ KIRAN,56.0,11,0.0,50.0,50.0,50.0,50.0,84.0,0.0,0,32.0
2026-09-04-Bursa Osmangazi Hipodromu-1,2026-09-04,1,Bursa Osmangazi Hipodromu,1200.0,TRUE ANGEL,HÜSEYİN TURAN,OSMAN ÖZPUYLAT,57.0,8,0.0,50.0,50.0,50.0,50.0,88.0,0.0,0,39.0
2026-09-04-Bursa Osmangazi Hipodromu-1,2026-09-04,1,Bursa Osmangazi Hipodromu,1200.0,ÇAPGUR,MAHMUT TURAN,İZZET TURAN,56.5,2,55.0,46.0,50.0,46.0,46.0,86.0,0.0,1,52.0
2026-09-04-Bursa Osmangazi Hipodromu-2,2026-09-04,2,Bursa Osmangazi Hipodromu,1800.0,ASRA İNAT,AKIN SÖZEN,ERKUT KOCA,63.0,3,0.0,50.0,50.0,50.0,50.0,88.0,11.54,0,54.0
2026-09-04-Bursa Osmangazi Hipodromu-2,2026-09-04,2,Bursa Osmangazi Hipodromu,1800.0,CHOSEN ONE,İZETTİN GÜREKE,TUNCAY YILMAZ,59.5,2,0.0,50.0,50.0,50.0,50.0,98.0,18.88,0,60.0
2026-09-04-Bursa Osmangazi Hipodromu-2,2026-09-04,2,Bursa Osmangazi Hipodromu,1800.0,DIAMOND CROWN,ONUR ATMACA,GALİP KILIÇ,52.0,10,0.0,50.0,50.0,50.0,50.0,68.0,1.16,0,25.0
2026-09-04-Bursa Osmangazi Hipodromu-2,2026-09-04,2,Bursa Osmangazi Hipodromu,1800.0,DRAGON BORA,BEKİR MERT MIRIK,MEHMET GÜDÜCÜ,62.0,5,0.0,50.0,50.0,50.0,50.0,92.0,6.71,0,52.0
2026-09-04-Bursa Osmangazi Hipodromu-2,2026-09-04,2,Bursa Osmangazi Hipodromu,1800.0,ECHOGUETTE,CEM ALTUN,SERGEN GÖKÇE,58.0,4,0.0,50.0,50.0,50.0,50.0,92.0,18.32,0,51.0
2026-09-04-Bursa Osmangazi Hipodromu-2,2026-09-04,2,Bursa Osmangazi Hipodromu,1800.0,GOLDEN SNOW,MAHMUT TURAN,GALİP KILIÇ,59.0,1,0.0,50.0,50.0,50.0,50.0,96.0,17.17,0,46.0
2026-09-04-Bursa Osmangazi Hipodromu-2,2026-09-04,2,Bursa Osmangazi Hipodromu,1800.0,KAVALA GÜCÜ,TUGAY ALICI,ŞAHİN AKDUMAN,62.5,6,0.0,0.0,50.0,50.0,0.0,90.0,2.83,1,53.0
2026-09-04-Bursa Osmangazi Hipodromu-2,2026-09-04,2,Bursa Osmangazi Hipodromu,1800.0,MODİGLİANİ,MUSTAFA ÇİÇEK,MURAT AKSOY,61.5,11,0.0,50.0,50.0,50.0,50.0,94.0,12.53,0,51.0
2026-09-04-Bursa Osmangazi Hipodromu-2,2026-09-04,2,Bursa Osmangazi Hipodromu,1800.0,MİSAKA,EREN KADİRLER,NİHAT YILDIRIM,58.5,7,0.0,50.0,50.0,50.0,0.0,94.0,5.01,1,49.0
2026-09-04-Bursa Osmangazi Hipodromu-2,2026-09-04,2,Bursa Osmangazi Hipodromu,1800.0,ROZERYA,YİĞİTCAN GÖKÇE,ZEYNEP KAYA,60.5,9,70.0,64.0,64.0,50.0,64.0,98.0,4.71,1,53.0
2026-09-04-Bursa Osmangazi Hipodromu-2,2026-09-04,2,Bursa Osmangazi Hipodromu,1800.0,SWISS DANCER,İSMAİL DİNAR,NİHAT YILDIRIM,52.0,8,0.0,50.0,50.0,50.0,50.0,68.0,0.65,0,10.0
2026-09-04-Bursa Osmangazi Hipodromu-3,2026-09-04,3,Bursa Osmangazi Hipodromu,1400.0,BABA GİRAY,MAHMUT TURAN,KAZIM ŞENGEL,57.0,5,40.0,28.0,28.0,50.0,28.0,88.0,6.35,1,21.0
2026-09-04-Bursa Osmangazi Hipodromu-3,2026-09-04,3,Bursa Osmangazi Hipodromu,1400.0,BOLT NONSTOP,NURETTİN ŞEN,FERDİ KIRAN,57.0,4,0.0,50.0,50.0,50.0,50.0,88.0,2.32,0,0.0
2026-09-04-Bursa Osmangazi Hipodromu-3,2026-09-04,3,Bursa Osmangazi Hipodromu,1400.0,CETRION,MEHMET AKYAVUZ,MELEK ÖZGÜL,55.0,6,25.0,10.0,10.0,50.0,10.0,80.0,9.37,1,23.0
2026-09-04-Bursa Osmangazi Hipodromu-3,2026-09-04,3,Bursa Osmangazi Hipodromu,1400.0,OTTOMAN,BEKİR MERT MIRIK,ŞAKİR ÇELİK,57.0,1,70.0,64.0,64.0,64.0,64.0,88.0,36.93,1,0.0
2026-09-04-Bursa Osmangazi Hipodromu-3,2026-09-04,3,Bursa Osmangazi Hipodromu,1400.0,PRINCESS ALEXANDRA,EREN KADİRLER,KAZIM ŞENGEL,52.0,7,0.0,50.0,50.0,50.0,50.0,68.0,1.83,0,18.0
2026-09-04-Bursa Osmangazi Hipodromu-3,2026-09-04,3,Bursa Osmangazi Hipodromu,1400.0,UNDERGROUND,CEM ALTUN,AHMET MANTAŞ,57.0,2,0.0,50.0,50.0,50.0,50.0,88.0,26.2,0,0.0
2026-09-04-Bursa Osmangazi Hipodromu-3,2026-09-04,3,Bursa Osmangazi Hipodromu,1400.0,WORKIN LADY,TOLGA YILDIZ,MURAT ALTIN,55.0,3,0.0,50.0,0.0,50.0,0.0,80.0,15.76,1,29.0
2026-09-04-Bursa Osmangazi Hipodromu-3,2026-09-04,3,Bursa Osmangazi Hipodromu,1400.0,ZEALANDIA,HÜSEYİN TURAN,ULAŞ GÖKÇE,56.0,8,10.0,0.0,0.0,50.0,0.0,84.0,1.24,1,11.0
2026-09-04-Bursa Osmangazi Hipodromu-4,2026-09-04,4,Bursa Osmangazi Hipodromu,1300.0,ATEŞ KRALI,NURETTİN ŞEN,SALİH BAYDAN,55.0,8,0.0,50.0,50.0,50.0,50.0,80.0,0.95,0,0.0
2026-09-04-Bursa Osmangazi Hipodromu-4,2026-09-04,4,Bursa Osmangazi Hipodromu,1300.0,DEVRİZAMAN,CEM ALTUN,SERHAT YARDIMCI,57.0,1,0.0,50.0,50.0,50.0,50.0,88.0,11.53,0,44.0
2026-09-04-Bursa Osmangazi Hipodromu-4,2026-09-04,4,Bursa Osmangazi Hipodromu,1300.0,GOZEYOĞLU,EREN KADİRLER,REŞAT KILIÇ,52.0,6,0.0,50.0,50.0,50.0,50.0,68.0,1.66,0,17.0
2026-09-04-Bursa Osmangazi Hipodromu-4,2026-09-04,4,Bursa Osmangazi Hipodromu,1300.0,PAMİRALP,MEHMET AKYAVUZ,MELEK ÖZGÜL,57.0,4,70.0,64.0,64.0,50.0,64.0,88.0,16.15,1,45.0
2026-09-04-Bursa Osmangazi Hipodromu-4,2026-09-04,4,Bursa Osmangazi Hipodromu,1300.0,SAMSUNLU BEY,YİĞİTCAN GÖKÇE,MURAT ALTIN,55.0,7,0.0,50.0,50.0,50.0,50.0,80.0,4.6,0,44.0
2026-09-04-Bursa Osmangazi Hipodromu-4,2026-09-04,4,Bursa Osmangazi Hipodromu,1300.0,İNCİ PAREM,MAHMUT TURAN,MURAT ALTIN,55.0,3,85.0,50.0,82.0,82.0,50.0,80.0,8.38,1,44.0
2026-09-04-Bursa Osmangazi Hipodromu-4,2026-09-04,4,Bursa Osmangazi Hipodromu,1300.0,ŞAHİNYÜREKLİ,MEHMET FATİH KAYA,CENGİZ TEKİN KÖSE,57.0,5,0.0,50.0,50.0,50.0,50.0,88.0,9.59,0,54.0
2026-09-04-Bursa Osmangazi Hipodromu-4,2026-09-04,4,Bursa Osmangazi Hipodromu,1300.0,ŞÖHRET HANIM,MUSTAFA ÇİÇEK,YASİN TAŞKIN,58.0,2,0.0,50.0,50.0,50.0,50.0,92.0,18.67,0,54.0
2026-09-04-Bursa Osmangazi Hipodromu-5,2026-09-04,5,Bursa Osmangazi Hipodromu,2000.0,ATILIMBEYİ,ONUR YILDIZ,HAKAN DEMİRBAŞ,60.0,2,0.0,50.0,50.0,50.0,50.0,100.0,6.76,0,91.0
2026-09-04-Bursa Osmangazi Hipodromu-5,2026-09-04,5,Bursa Osmangazi Hipodromu,2000.0,BOĞAZ ÇOCUĞU,AKIN SÖZEN,ADNAN POLAT,62.0,6,0.0,50.0,50.0,50.0,50.0,92.0,16.41,0,102.0
2026-09-04-Bursa Osmangazi Hipodromu-5,2026-09-04,5,Bursa Osmangazi Hipodromu,2000.0,DAŞ FATİH,TOLGA YILDIZ,YUSUF AKBULUT,60.0,4,85.0,50.0,82.0,50.0,50.0,100.0,7.04,1,99.0
2026-09-04-Bursa Osmangazi Hipodromu-5,2026-09-04,5,Bursa Osmangazi Hipodromu,2000.0,FİKRET ABİ,MEHMET AKYAVUZ,YUSUF AKBULUT,59.5,5,0.0,50.0,50.0,50.0,50.0,98.0,4.73,0,83.0
2026-09-04-Bursa Osmangazi Hipodromu-5,2026-09-04,5,Bursa Osmangazi Hipodromu,2000.0,KRALKARINCA,GÖKHAN KOCAKAYA,HAKAN YÜZBAŞI,57.0,1,0.0,50.0,50.0,50.0,50.0,88.0,59.69,0,107.0
2026-09-04-Bursa Osmangazi Hipodromu-5,2026-09-04,5,Bursa Osmangazi Hipodromu,2000.0,KURŞUNİLİ,ONUR ATMACA,TARIK NACİ YILDIZ,55.0,3,0.0,50.0,50.0,50.0,50.0,80.0,3.17,0,89.0
2026-09-04-Bursa Osmangazi Hipodromu-5,2026-09-04,5,Bursa Osmangazi Hipodromu,2000.0,SURERTAY,BEKİR MERT MIRIK,MURAT ALTIN,57.0,8,85.0,82.0,82.0,50.0,82.0,88.0,1.18,1,87.0
2026-09-04-Bursa Osmangazi Hipodromu-5,2026-09-04,5,Bursa Osmangazi Hipodromu,2000.0,SÖZÜ GEÇER,CEMAL PASO,SALİH BAYDAN,56.0,7,0.0,0.0,0.0,0.0,0.0,84.0,1.02,1,74.0
2026-09-04-Bursa Osmangazi Hipodromu-6,2026-09-04,6,Bursa Osmangazi Hipodromu,1400.0,KÖSTENCELİ BEY,SERCAN TIRPAN,İBRAHİM KIZILDAĞ,60.0,3,55.0,46.0,46.0,50.0,46.0,100.0,44.94,1,37.0
2026-09-04-Bursa Osmangazi Hipodromu-6,2026-09-04,6,Bursa Osmangazi Hipodromu,1400.0,MUSHU,ERHAN AKKAYA,MELEK ÖZGÜL,55.0,6,0.0,0.0,0.0,50.0,0.0,80.0,0.87,1,0.0
2026-09-04-Bursa Osmangazi Hipodromu-6,2026-09-04,6,Bursa Osmangazi Hipodromu,1400.0,NALDÖKEN,OKAN GÖKÇE,ZEYNEP KAYA,55.0,2,0.0,50.0,50.0,50.0,50.0,80.0,5.33,0,29.0
2026-09-04-Bursa Osmangazi Hipodromu-6,2026-09-04,6,Bursa Osmangazi Hipodromu,1400.0,OLD GUARD,ONUR YILDIZ,AHMET MANTAŞ,57.0,4,0.0,50.0,50.0,50.0,50.0,88.0,24.76,0,0.0
2026-09-04-Bursa Osmangazi Hipodromu-6,2026-09-04,6,Bursa Osmangazi Hipodromu,1400.0,PRAVDA,EREN KADİRLER,KAZIM ŞENGEL,54.0,1,0.0,50.0,50.0,50.0,50.0,76.0,15.43,0,0.0
2026-09-04-Bursa Osmangazi Hipodromu-6,2026-09-04,6,Bursa Osmangazi Hipodromu,1400.0,SHADOW GENIUS,YİĞİTCAN GÖKÇE,RAMAZAN COŞKUN,54.0,5,40.0,28.0,28.0,50.0,28.0,76.0,5.8,1,0.0
2026-09-04-Bursa Osmangazi Hipodromu-7,2026-09-04,7,Bursa Osmangazi Hipodromu,1200.0,BALABAN SÜMBÜLÜ,YUNUS EMRE YÜKSEL,MELEK ÖZGÜL,56.5,10,25.0,10.0,10.0,50.0,10.0,86.0,2.57,1,37.0
2026-09-04-Bursa Osmangazi Hipodromu-7,2026-09-04,7,Bursa Osmangazi Hipodromu,1200.0,BLUE STAR,MAHMUT TURAN,HÜSEYİN ÇAKMAK,57.5,9,0.0,50.0,50.0,50.0,50.0,90.0,2.63,0,39.0
2026-09-04-Bursa Osmangazi Hipodromu-7,2026-09-04,7,Bursa Osmangazi Hipodromu,1200.0,BOLD STEPS,TOLGA YILDIZ,RASİM TETİK,56.5,14,0.0,50.0,50.0,50.0,50.0,86.0,5.71,0,37.0
2026-09-04-Bursa Osmangazi Hipodromu-7,2026-09-04,7,Bursa Osmangazi Hipodromu,1200.0,ESTOCADE,ERHAN AKKAYA,İBRAHİM ÇAK,55.0,2,0.0,50.0,50.0,50.0,50.0,80.0,13.47,0,40.0
2026-09-04-Bursa Osmangazi Hipodromu-7,2026-09-04,7,Bursa Osmangazi Hipodromu,1200.0,GECENİN GÜCÜ,NURETTİN ŞEN,SENİHA ŞEN,62.0,13,0.0,50.0,50.0,50.0,50.0,92.0,11.48,0,48.0
2026-09-04-Bursa Osmangazi Hipodromu-7,2026-09-04,7,Bursa Osmangazi Hipodromu,1200.0,HILDA,EREN KADİRLER,CUMA GÖNÜLTAŞ,55.0,1,0.0,50.0,50.0,50.0,50.0,80.0,1.33,0,38.0
2026-09-04-Bursa Osmangazi Hipodromu-7,2026-09-04,7,Bursa Osmangazi Hipodromu,1200.0,KEEP SAFE,BEKİR MERT MIRIK,AYHAN ALÇİÇEK,56.5,8,0.0,50.0,50.0,50.0,50.0,86.0,3.25,0,37.0
2026-09-04-Bursa Osmangazi Hipodromu-7,2026-09-04,7,Bursa Osmangazi Hipodromu,1200.0,MAMDANI,MUSTAFA ÇİÇEK,YUSUF CAN KARATOPRAK,59.5,5,0.0,50.0,50.0,50.0,50.0,98.0,14.06,0,43.0
2026-09-04-Bursa Osmangazi Hipodromu-7,2026-09-04,7,Bursa Osmangazi Hipodromu,1200.0,MY DEAR DREAM,İZETTİN GÜREKE,OSMAN ÖZPUYLAT,59.0,7,0.0,50.0,0.0,50.0,0.0,96.0,1.45,1,48.0
2026-09-04-Bursa Osmangazi Hipodromu-7,2026-09-04,7,Bursa Osmangazi Hipodromu,1200.0,MY LIFE FIRE,ONUR YILDIZ,KAZIM ŞENGEL,57.0,6,40.0,28.0,50.0,50.0,28.0,88.0,7.42,1,38.0
2026-09-04-Bursa Osmangazi Hipodromu-7,2026-09-04,7,Bursa Osmangazi Hipodromu,1200.0,PERFECT WHITE,ONUR ATMACA,CENGİZ TEKİN KÖSE,58.5,11,0.0,50.0,50.0,50.0,50.0,94.0,3.59,0,41.0
2026-09-04-Bursa Osmangazi Hipodromu-7,2026-09-04,7,Bursa Osmangazi Hipodromu,1200.0,SENSHI AMAZON,TUGAY ALICI,ABDULLAH TEMİZER,54.5,12,0.0,50.0,50.0,50.0,50.0,78.0,0.73,0,33.0
2026-09-04-Bursa Osmangazi Hipodromu-7,2026-09-04,7,Bursa Osmangazi Hipodromu,1200.0,TIZ TEMPEST,OĞUZ EREN,MEHMET DEMİR,57.0,4,0.0,50.0,50.0,50.0,50.0,88.0,9.98,0,38.0
2026-09-04-Bursa Osmangazi Hipodromu-7,2026-09-04,7,Bursa Osmangazi Hipodromu,1200.0,VAELLA,YİĞİTCAN GÖKÇE,MÜLAYİM ANAT,60.0,3,0.0,50.0,50.0,50.0,50.0,100.0,21.15,0,48.0
2026-09-05-Ankara 75. Yıl Hipodromu-1,2026-09-05,1,Ankara 75. Yıl Hipodromu,1500.0,CATALYST,FATİH SULTAN MEHMET SANSAR,KADİR BALTACI,56.0,6,0.0,50.0,50.0,50.0,50.0,84.0,3.44,0,69.0
2026-09-05-Ankara 75. Yıl Hipodromu-1,2026-09-05,1,Ankara 75. Yıl Hipodromu,1500.0,EMİRAY DAFNE,SALİH ÇELİK,CANSU ŞİMŞEK,58.0,4,0.0,50.0,50.0,50.0,50.0,92.0,5.77,0,68.0
2026-09-05-Ankara 75. Yıl Hipodromu-1,2026-09-05,1,Ankara 75. Yıl Hipodromu,1500.0,LAMBERHURST,MEHMET SALİH ÇELİK,SERKAN SÜSLÜ,60.0,3,0.0,50.0,50.0,50.0,50.0,100.0,45.69,0,89.0
2026-09-05-Ankara 75. Yıl Hipodromu-1,2026-09-05,1,Ankara 75. Yıl Hipodromu,1500.0,MAVİ TOPAZ,SERHAT ÇELİK,MÜSLÜM ÖRTÜNÇ,56.0,7,0.0,50.0,50.0,50.0,50.0,84.0,11.63,0,75.0
2026-09-05-Ankara 75. Yıl Hipodromu-1,2026-09-05,1,Ankara 75. Yıl Hipodromu,1500.0,ONE PAGE,MEHMET TAHA COŞKUN,ERGÜN ÇETİNKURT,54.0,5,70.0,64.0,64.0,50.0,64.0,76.0,1.96,1,66.0
2026-09-05-Ankara 75. Yıl Hipodromu-1,2026-09-05,1,Ankara 75. Yıl Hipodromu,1500.0,SECRET MAN,MEHMET AKYAVUZ,ERDAL AKYAVUZ,58.0,2,85.0,82.0,82.0,82.0,82.0,92.0,21.27,1,71.0
2026-09-05-Ankara 75. Yıl Hipodromu-1,2026-09-05,1,Ankara 75. Yıl Hipodromu,1500.0,ÇAĞANIM,MÜCAHİT BAYIR,İLKER KÖROĞLU,57.0,1,0.0,50.0,50.0,50.0,50.0,88.0,8.48,0,79.0
2026-09-05-Ankara 75. Yıl Hipodromu-2,2026-09-05,2,Ankara 75. Yıl Hipodromu,1600.0,DEJAME,ERCAN ÇANKAYA,MÜSLÜM DOLAK,59.5,5,0.0,0.0,0.0,50.0,0.0,98.0,5.77,1,73.0
2026-09-05-Ankara 75. Yıl Hipodromu-2,2026-09-05,2,Ankara 75. Yıl Hipodromu,1600.0,FOR FREEDOM,MÜCAHİT BAYIR,SAVAŞ GÜRKAN,50.5,1,0.0,50.0,50.0,50.0,50.0,62.0,17.51,0,55.0
2026-09-05-Ankara 75. Yıl Hipodromu-2,2026-09-05,2,Ankara 75. Yıl Hipodromu,1600.0,KALİ STRATA,MEHMET SALİH ÇELİK,UĞUR KULAK,58.0,4,0.0,50.0,50.0,50.0,50.0,92.0,31.5,0,70.0
2026-09-05-Ankara 75. Yıl Hipodromu-2,2026-09-05,2,Ankara 75. Yıl Hipodromu,1600.0,SCHATZ,MERT ALİ SOLMAZ,SERKAN SÜSLÜ,51.0,3,0.0,50.0,50.0,50.0,50.0,64.0,9.95,0,56.0
2026-09-05-Ankara 75. Yıl Hipodromu-2,2026-09-05,2,Ankara 75. Yıl Hipodromu,1600.0,TRAİDORA,ERTUĞRUL CANKILIÇ,MÜSLÜM DOLAK,61.0,6,100.0,100.0,100.0,50.0,100.0,96.0,12.09,1,80.0
2026-09-05-Ankara 75. Yıl Hipodromu-2,2026-09-05,2,Ankara 75. Yıl Hipodromu,1600.0,TUVA,FATİH SULTAN MEHMET SANSAR,UĞUR KULAK,52.0,2,0.0,50.0,50.0,50.0,50.0,68.0,23.18,0,58.0
2026-09-05-Ankara 75. Yıl Hipodromu-3,2026-09-05,3,Ankara 75. Yıl Hipodromu,1300.0,CAPRENO,FATİH SULTAN MEHMET SANSAR,YASİN POLAT,54.0,5,0.0,50.0,50.0,50.0,50.0,76.0,2.29,0,0.0
2026-09-05-Ankara 75. Yıl Hipodromu-3,2026-09-05,3,Ankara 75. Yıl Hipodromu,1300.0,DESIGNER,MEHMET AKYAVUZ,MEHMET DEMİROL,57.0,4,0.0,50.0,50.0,50.0,50.0,88.0,27.06,0,44.0
2026-09-05-Ankara 75. Yıl Hipodromu-3,2026-09-05,3,Ankara 75. Yıl Hipodromu,1300.0,MİRAÇ,MÜSLÜM ÇELİK,MÜCAHİT KAYA,57.0,1,0.0,50.0,50.0,50.0,50.0,88.0,33.52,0,46.0
2026-09-05-Ankara 75. Yıl Hipodromu-3,2026-09-05,3,Ankara 75. Yıl Hipodromu,1300.0,RADAGIA,NİZAMETTİN DEMİR,CASIM KATI,60.0,3,0.0,50.0,50.0,50.0,50.0,100.0,10.21,0,45.0
2026-09-05-Ankara 75. Yıl Hipodromu-3,2026-09-05,3,Ankara 75. Yıl Hipodromu,1300.0,ROSE WARRIOR,MEHMET SALİH ÇELİK,SERKAN SÜSLÜ,59.0,2,0.0,50.0,50.0,50.0,50.0,96.0,21.31,0,46.0
2026-09-05-Ankara 75. Yıl Hipodromu-3,2026-09-05,3,Ankara 75. Yıl Hipodromu,1300.0,STAR WIZARD,SALİH ÇELİK,MEHMET DEMİROL,57.0,6,0.0,50.0,50.0,50.0,50.0,88.0,5.6,0,40.0
2026-09-05-Ankara 75. Yıl Hipodromu-4,2026-09-05,4,Ankara 75. Yıl Hipodromu,1200.0,ALÇİN SULTAN,NİZAMETTİN DEMİR,SERHAT POLAT,55.0,6,0.0,50.0,50.0,50.0,50.0,80.0,1.66,0,68.0
2026-09-05-Ankara 75. Yıl Hipodromu-4,2026-09-05,4,Ankara 75. Yıl Hipodromu,1200.0,BENİM SULTANIM,ERCAN ÇANKAYA,YUSUF UÇAR,57.0,10,0.0,50.0,50.0,50.0,50.0,88.0,5.65,0,86.0
2026-09-05-Ankara 75. Yıl Hipodromu-4,2026-09-05,4,Ankara 75. Yıl Hipodromu,1200.0,BERAY SULTAN,MÜSLÜM ÇELİK,MEHMET DEMİROL,58.0,3,40.0,28.0,50.0,50.0,28.0,92.0,15.0,1,79.0
2026-09-05-Ankara 75. Yıl Hipodromu-4,2026-09-05,4,Ankara 75. Yıl Hipodromu,1200.0,DESTE KIZIM,SALİH ÇELİK,HÜSEYİN KAYA,55.0,5,40.0,50.0,28.0,50.0,50.0,80.0,1.54,1,62.0
2026-09-05-Ankara 75. Yıl Hipodromu-4,2026-09-05,4,Ankara 75. Yıl Hipodromu,1200.0,ESİNİN KIZI,FESİH ÇETİNBAŞ,MÜSLÜM DOLAK,57.0,1,10.0,0.0,50.0,50.0,0.0,88.0,6.23,1,80.0
2026-09-05-Ankara 75. Yıl Hipodromu-4,2026-09-05,4,Ankara 75. Yıl Hipodromu,1200.0,GÜLDANİYE,SERHAT ÇELİK,MÜCAHİT KAYA,52.0,7,0.0,50.0,50.0,50.0,50.0,68.0,1.66,0,75.0
2026-09-05-Ankara 75. Yıl Hipodromu-4,2026-09-05,4,Ankara 75. Yıl Hipodromu,1200.0,JÜLİDEKIZ,MEHMET KESKİN,İLKER KÖROĞLU,55.0,9,25.0,10.0,50.0,10.0,10.0,80.0,10.7,1,94.0
2026-09-05-Ankara 75. Yıl Hipodromu-4,2026-09-05,4,Ankara 75. Yıl Hipodromu,1200.0,KAYIP İNCİ,İSMAİL YILDIRIM,CASIM KATI,59.0,4,0.0,50.0,50.0,50.0,50.0,96.0,18.25,0,88.0
2026-09-05-Ankara 75. Yıl Hipodromu-4,2026-09-05,4,Ankara 75. Yıl Hipodromu,1200.0,KILIÇ KIZI,HIŞMAN ÇİZİK,OSMAN İPEK,59.0,2,0.0,50.0,50.0,50.0,50.0,96.0,27.87,0,89.0
2026-09-05-Ankara 75. Yıl Hipodromu-4,2026-09-05,4,Ankara 75. Yıl Hipodromu,1200.0,YEŞİLKAYA,MEHMET TAHA COŞKUN,HÜSEYİN KAYA,57.0,8,100.0,50.0,100.0,50.0,50.0,88.0,11.43,1,72.0
2026-09-05-Ankara 75. Yıl Hipodromu-5,2026-09-05,5,Ankara 75. Yıl Hipodromu,1300.0,ASYA KIZ,MEHMET ALİ AKGÖBEK,EMİN KARATAŞ,57.0,8,0.0,50.0,50.0,50.0,50.0,88.0,1.4,0,0.0
2026-09-05-Ankara 75. Yıl Hipodromu-5,2026-09-05,5,Ankara 75. Yıl Hipodromu,1300.0,BİRPIRIL,NİZAMETTİN DEMİR,FAHRETTİN SEZER,57.0,7,0.0,50.0,50.0,50.0,50.0,88.0,1.24,0,0.0
2026-09-05-Ankara 75. Yıl Hipodromu-5,2026-09-05,5,Ankara 75. Yıl Hipodromu,1300.0,FLIPENDO,MÜSLÜM ÇELİK,ENGİN KARATAŞ,57.0,6,0.0,50.0,50.0,50.0,50.0,88.0,11.95,0,0.0
2026-09-05-Ankara 75. Yıl Hipodromu-5,2026-09-05,5,Ankara 75. Yıl Hipodromu,1300.0,MADAME ELİS,ERCAN ÇANKAYA,BATUHAN TURGUL,57.0,3,0.0,50.0,50.0,50.0,50.0,88.0,6.51,0,0.0
2026-09-05-Ankara 75. Yıl Hipodromu-5,2026-09-05,5,Ankara 75. Yıl Hipodromu,1300.0,MISS TOKOÇİN,MEHMET AKYAVUZ,KÜBRA ŞENTÜRK,57.0,5,0.0,50.0,50.0,50.0,50.0,88.0,3.28,0,0.0
2026-09-05-Ankara 75. Yıl Hipodromu-5,2026-09-05,5,Ankara 75. Yıl Hipodromu,1300.0,PEARL OF GOD,SALİH ÇELİK,ADEM GÜVEN,57.0,1,0.0,50.0,50.0,50.0,50.0,88.0,3.62,0,0.0
2026-09-05-Ankara 75. Yıl Hipodromu-5,2026-09-05,5,Ankara 75. Yıl Hipodromu,1300.0,THE GAMBARE,HIŞMAN ÇİZİK,MUSTAFA ÖZYİĞİT,57.0,2,0.0,50.0,50.0,50.0,50.0,88.0,8.27,0,0.0
2026-09-05-Ankara 75. Yıl Hipodromu-5,2026-09-05,5,Ankara 75. Yıl Hipodromu,1300.0,TOUCH THE MAGIC,FATİH SULTAN MEHMET SANSAR,İHSAN AKMEŞE,57.0,4,0.0,50.0,50.0,50.0,50.0,88.0,26.89,0,0.0
2026-09-05-Ankara 75. Yıl Hipodromu-6,2026-09-05,6,Ankara 75. Yıl Hipodromu,1400.0,ALŞUBATHAN,MÜCAHİT BAYIR,ERGÜN ÇETİNKURT,56.5,6,0.0,50.0,50.0,50.0,50.0,86.0,3.7,0,48.0
2026-09-05-Ankara 75. Yıl Hipodromu-6,2026-09-05,6,Ankara 75. Yıl Hipodromu,1400.0,DİLMAKIZ,FATİH SULTAN MEHMET SANSAR,MEHMET DEMİROL,53.5,3,0.0,50.0,50.0,50.0,50.0,74.0,9.86,0,42.0
2026-09-05-Ankara 75. Yıl Hipodromu-6,2026-09-05,6,Ankara 75. Yıl Hipodromu,1400.0,DİSTİLE,MEHMET TAHA COŞKUN,HÜSEYİN KAYA,59.0,5,70.0,50.0,50.0,50.0,50.0,96.0,14.96,1,59.0
2026-09-05-Ankara 75. Yıl Hipodromu-6,2026-09-05,6,Ankara 75. Yıl Hipodromu,1400.0,EFSANE HANIM,SALİH ÇELİK,HÜSEYİN KAYA,55.5,7,25.0,50.0,50.0,50.0,50.0,82.0,3.12,1,46.0
2026-09-05-Ankara 75. Yıl Hipodromu-6,2026-09-05,6,Ankara 75. Yıl Hipodromu,1400.0,HARESE,SERHAT ÇELİK,RANA SUNA,56.5,1,0.0,50.0,50.0,50.0,50.0,86.0,9.3,0,54.0
2026-09-05-Ankara 75. Yıl Hipodromu-6,2026-09-05,6,Ankara 75. Yıl Hipodromu,1400.0,KATICESUR,ERCAN ÇANKAYA,CASIM KATI,59.0,4,0.0,50.0,50.0,50.0,50.0,96.0,7.54,0,53.0
2026-09-05-Ankara 75. Yıl Hipodromu-6,2026-09-05,6,Ankara 75. Yıl Hipodromu,1400.0,SERDENİZ,HIŞMAN ÇİZİK,SERHAT POLAT,62.0,2,0.0,50.0,50.0,50.0,50.0,92.0,14.94,0,59.0
2026-09-05-Ankara 75. Yıl Hipodromu-6,2026-09-05,6,Ankara 75. Yıl Hipodromu,1400.0,YÜCEOĞUL,MÜSLÜM ÇELİK,CUMA DEMİR,54.5,8,0.0,50.0,50.0,50.0,50.0,78.0,33.88,0,44.0
2026-09-05-Ankara 75. Yıl Hipodromu-7,2026-09-05,7,Ankara 75. Yıl Hipodromu,2200.0,CANMETE,İSMAİL YILDIRIM,BEDRİ AKBULUT,59.0,7,85.0,50.0,50.0,50.0,82.0,96.0,0.0,1,104.0
2026-09-05-Ankara 75. Yıl Hipodromu-7,2026-09-05,7,Ankara 75. Yıl Hipodromu,2200.0,KADER GÜCÜ,ERCAN ÇANKAYA,RAMAZAN TAŞDELEN,57.0,4,0.0,50.0,50.0,50.0,50.0,88.0,0.0,0,83.0
2026-09-05-Ankara 75. Yıl Hipodromu-7,2026-09-05,7,Ankara 75. Yıl Hipodromu,2200.0,LİDERKATI,HIŞMAN ÇİZİK,CASIM KATI,59.5,3,0.0,0.0,0.0,50.0,0.0,98.0,0.0,1,82.0
2026-09-05-Ankara 75. Yıl Hipodromu-7,2026-09-05,7,Ankara 75. Yıl Hipodromu,2200.0,MUHAFIZ,MEHMET TAHA COŞKUN,AYKUT ECEVİT BAŞ,59.0,1,100.0,100.0,100.0,100.0,50.0,96.0,0.0,1,94.0
2026-09-05-Ankara 75. Yıl Hipodromu-7,2026-09-05,7,Ankara 75. Yıl Hipodromu,2200.0,SARPER,ERTUĞRUL CANKILIÇ,RAMAZAN TAŞDELEN,57.0,2,0.0,50.0,50.0,50.0,50.0,88.0,0.0,0,84.0
2026-09-05-Ankara 75. Yıl Hipodromu-7,2026-09-05,7,Ankara 75. Yıl Hipodromu,2200.0,SAĞLAMCAN,MÜSLÜM ÇELİK,TURGAY ÇEKİCİ,60.0,5,0.0,50.0,50.0,50.0,50.0,100.0,0.0,0,94.0
2026-09-05-Ankara 75. Yıl Hipodromu-7,2026-09-05,7,Ankara 75. Yıl Hipodromu,2200.0,SİDAR BEY,BERKANT GÖKÇE,MEHMET DEMİROL,60.0,6,0.0,0.0,0.0,50.0,0.0,100.0,0.0,1,89.0
2026-09-05-Ankara 75. Yıl Hipodromu-7,2026-09-05,7,Ankara 75. Yıl Hipodromu,2200.0,TABİP BEY,FESİH ÇETİNBAŞ,MÜSLÜM DOLAK,60.5,8,0.0,50.0,50.0,50.0,50.0,98.0,0.0,0,65.0
2026-09-05-Ankara 75. Yıl Hipodromu-8,2026-09-05,8,Ankara 75. Yıl Hipodromu,1300.0,EXALTED,MÜSLÜM ÇELİK,İHSAN AKMEŞE,57.0,7,0.0,50.0,50.0,50.0,50.0,88.0,0.0,0,0.0
2026-09-05-Ankara 75. Yıl Hipodromu-8,2026-09-05,8,Ankara 75. Yıl Hipodromu,1300.0,GOLDEN MELODY,MEHMET SALİH ÇELİK,CANER AKGÜL,57.0,4,0.0,50.0,50.0,50.0,50.0,88.0,0.0,0,0.0
2026-09-05-Ankara 75. Yıl Hipodromu-8,2026-09-05,8,Ankara 75. Yıl Hipodromu,1300.0,KARMASHA,ERCAN ÇANKAYA,KADİR BALTACI,57.0,2,0.0,50.0,50.0,50.0,50.0,88.0,0.0,0,0.0
2026-09-05-Ankara 75. Yıl Hipodromu-8,2026-09-05,8,Ankara 75. Yıl Hipodromu,1300.0,MY FEARLESS,MEHMET AKYAVUZ,CUMALİ KARATAŞ,57.0,5,0.0,50.0,50.0,50.0,50.0,88.0,0.0,0,0.0
2026-09-05-Ankara 75. Yıl Hipodromu-8,2026-09-05,8,Ankara 75. Yıl Hipodromu,1300.0,PAYİZ,MEHMET KESKİN,KADİR BALTACI,57.0,6,0.0,50.0,50.0,50.0,50.0,88.0,0.0,0,0.0
2026-09-05-Ankara 75. Yıl Hipodromu-8,2026-09-05,8,Ankara 75. Yıl Hipodromu,1300.0,PETRIKORA,SALİH ÇELİK,FERDİ KİP,57.0,3,0.0,50.0,50.0,50.0,50.0,88.0,0.0,0,0.0
2026-09-05-Ankara 75. Yıl Hipodromu-8,2026-09-05,8,Ankara 75. Yıl Hipodromu,1300.0,UNPREDICTABLE,HIŞMAN ÇİZİK,KADİR BALTACI,57.0,1,0.0,50.0,50.0,50.0,50.0,88.0,0.0,0,0.0
2026-09-05-Ankara 75. Yıl Hipodromu-9,2026-09-05,9,Ankara 75. Yıl Hipodromu,1400.0,ASTRA LUMINA,MEHMET KESKİN,ERGÜN ÇETİNKURT,56.0,11,0.0,50.0,50.0,50.0,50.0,84.0,0.0,0,31.0
2026-09-05-Ankara 75. Yıl Hipodromu-9,2026-09-05,9,Ankara 75. Yıl Hipodromu,1400.0,EARTHQUAKE,HIŞMAN ÇİZİK,GÖZDE KÖSE,60.0,10,70.0,64.0,50.0,50.0,50.0,100.0,0.0,1,34.0
2026-09-05-Ankara 75. Yıl Hipodromu-9,2026-09-05,9,Ankara 75. Yıl Hipodromu,1400.0,FIGHTING MAN,SALİH ÇELİK,İSMET AKKILIÇ,56.0,1,0.0,50.0,50.0,50.0,50.0,84.0,0.0,0,21.0
2026-09-05-Ankara 75. Yıl Hipodromu-9,2026-09-05,9,Ankara 75. Yıl Hipodromu,1400.0,GRAY SWORD,ROJHAT KURT,FERDİ KİP,52.0,13,0.0,50.0,50.0,50.0,50.0,68.0,0.0,0,28.0
2026-09-05-Ankara 75. Yıl Hipodromu-9,2026-09-05,9,Ankara 75. Yıl Hipodromu,1400.0,KARLOVASİ,SERHAT ÇELİK,İBRAHİM TEMEL,55.0,3,0.0,50.0,50.0,50.0,50.0,80.0,0.0,0,36.0
2026-09-05-Ankara 75. Yıl Hipodromu-9,2026-09-05,9,Ankara 75. Yıl Hipodromu,1400.0,KEMALS ELF,FATİH SULTAN MEHMET SANSAR,UMUT ÇİÇEK,56.0,2,0.0,50.0,50.0,50.0,50.0,84.0,0.0,0,28.0
2026-09-05-Ankara 75. Yıl Hipodromu-9,2026-09-05,9,Ankara 75. Yıl Hipodromu,1400.0,LACCARETHA,MERT ALİ SOLMAZ,İLKER KÖROĞLU,54.0,7,0.0,50.0,50.0,50.0,50.0,76.0,0.0,0,27.0
2026-09-05-Ankara 75. Yıl Hipodromu-9,2026-09-05,9,Ankara 75. Yıl Hipodromu,1400.0,LAGARİ,ERCAN ÇANKAYA,KADİR BALTACI,58.0,6,0.0,50.0,50.0,50.0,50.0,92.0,0.0,0,28.0
2026-09-05-Ankara 75. Yıl Hipodromu-9,2026-09-05,9,Ankara 75. Yıl Hipodromu,1400.0,MAGGIE,BERKANT GÖKÇE,AHMET ÖZDOĞAN,57.0,8,0.0,50.0,50.0,50.0,50.0,88.0,0.0,0,36.0
2026-09-05-Ankara 75. Yıl Hipodromu-9,2026-09-05,9,Ankara 75. Yıl Hipodromu,1400.0,O PAPATYA,MEHMET SALİH ÇELİK,YUNUS TUNCAY,58.0,5,0.0,50.0,50.0,50.0,50.0,92.0,0.0,0,32.0
2026-09-05-Ankara 75. Yıl Hipodromu-9,2026-09-05,9,Ankara 75. Yıl Hipodromu,1400.0,SHIRIN WARRIOR,MÜSLÜM ÇELİK,AYHAN DİNÇ,54.0,9,0.0,50.0,50.0,50.0,50.0,76.0,0.0,0,29.0
2026-09-05-Ankara 75. Yıl Hipodromu-9,2026-09-05,9,Ankara 75. Yıl Hipodromu,1400.0,SPRING TIME,SAMETCAN YAZICIOĞLU,SATILMIŞ GÖKDEMİR,52.0,14,0.0,50.0,50.0,50.0,50.0,68.0,0.0,0,0.0
2026-09-05-Ankara 75. Yıl Hipodromu-9,2026-09-05,9,Ankara 75. Yıl Hipodromu,1400.0,SULTANA,MEHMET AKYAVUZ,YUNUS TUNCAY,59.0,12,0.0,50.0,50.0,50.0,50.0,96.0,0.0,0,41.0
2026-09-05-Ankara 75. Yıl Hipodromu-9,2026-09-05,9,Ankara 75. Yıl Hipodromu,1400.0,TIME CHANGER,NİZAMETTİN DEMİR,SAVAŞ GÜRKAN,60.0,4,0.0,50.0,50.0,50.0,50.0,100.0,0.0,0,31.0
2026-09-06-Adana Yeşiloba Hipodromu-1,2026-09-06,1,Adana Yeşiloba Hipodromu,1400.0,ADDISON,MEHMET NURİ SUNKAR,SÜLEYMAN KARAKEÇİLİ,57.0,6,0.0,50.0,0.0,50.0,50.0,88.0,1.76,1,19.0
2026-09-06-Adana Yeşiloba Hipodromu-1,2026-09-06,1,Adana Yeşiloba Hipodromu,1400.0,AGRESİF LADY,YUSUF CENGİZ,AHMET AKBABA,57.0,11,40.0,28.0,28.0,50.0,28.0,88.0,2.97,1,0.0
2026-09-06-Adana Yeşiloba Hipodromu-1,2026-09-06,1,Adana Yeşiloba Hipodromu,1400.0,DRAGON STAR,FESİH ÇETİNBAŞ,YUNUS TUNCAY,57.0,7,0.0,50.0,50.0,50.0,50.0,88.0,0.52,0,0.0
2026-09-06-Adana Yeşiloba Hipodromu-1,2026-09-06,1,Adana Yeşiloba Hipodromu,1400.0,FIRE OF VALERIA,SALİH ÇELİK,ERTAN ACER,61.0,1,55.0,50.0,46.0,50.0,50.0,96.0,10.04,1,31.0
2026-09-06-Adana Yeşiloba Hipodromu-1,2026-09-06,1,Adana Yeşiloba Hipodromu,1400.0,FLASHING PEARL,NİZAMETTİN DEMİR,YUSUF CAN KARATOPRAK,57.0,9,0.0,50.0,50.0,50.0,50.0,88.0,1.85,0,26.0
2026-09-06-Adana Yeşiloba Hipodromu-1,2026-09-06,1,Adana Yeşiloba Hipodromu,1400.0,HÜLYA ÇİÇEĞİ,MURAT AKDAĞ,YUNUS TUNCAY,53.0,8,85.0,82.0,82.0,50.0,82.0,72.0,11.77,1,0.0
2026-09-06-Adana Yeşiloba Hipodromu-1,2026-09-06,1,Adana Yeşiloba Hipodromu,1400.0,IRRITABLE GIRL,ERCAN ÇANKAYA,EYYÜP YARDIMCI,59.0,2,0.0,50.0,50.0,50.0,50.0,96.0,11.46,0,27.0
2026-09-06-Adana Yeşiloba Hipodromu-1,2026-09-06,1,Adana Yeşiloba Hipodromu,1400.0,KEJE,MEHMET SALİH ÇELİK,ENGİN KARATAŞ,57.0,3,0.0,50.0,50.0,50.0,50.0,88.0,48.85,0,0.0
2026-09-06-Adana Yeşiloba Hipodromu-1,2026-09-06,1,Adana Yeşiloba Hipodromu,1400.0,LAGIOIA,MEHMET TAHA COŞKUN,ERTAN ACER,57.0,4,85.0,50.0,82.0,50.0,50.0,88.0,9.5,1,32.0
2026-09-06-Adana Yeşiloba Hipodromu-1,2026-09-06,1,Adana Yeşiloba Hipodromu,1400.0,QOUNTM CAT,SERHAT ÇELİK,YELİZ BAYSAL,53.0,5,25.0,50.0,10.0,50.0,50.0,72.0,0.85,1,11.0
2026-09-06-Adana Yeşiloba Hipodromu-1,2026-09-06,1,Adana Yeşiloba Hipodromu,1400.0,SHOT HILL,FATİH RÜSTEM BEBEK,VEYSEL TEKİN,57.0,10,0.0,50.0,50.0,50.0,50.0,88.0,0.43,0,0.0
2026-09-06-Adana Yeşiloba Hipodromu-2,2026-09-06,2,Adana Yeşiloba Hipodromu,1200.0,ASLAN İBO,SALİH ÇELİK,VEYSEL TEKİN,59.0,3,100.0,50.0,100.0,50.0,50.0,96.0,8.87,1,46.0
2026-09-06-Adana Yeşiloba Hipodromu-2,2026-09-06,2,Adana Yeşiloba Hipodromu,1200.0,EYLÜL GÜZELİ,MEHMET NURİ SUNKAR,YELİZ BAYSAL,54.0,9,0.0,50.0,50.0,50.0,50.0,76.0,0.58,0,38.0
2026-09-06-Adana Yeşiloba Hipodromu-2,2026-09-06,2,Adana Yeşiloba Hipodromu,1200.0,GÖKAYHAN,MEHMET SALİH ÇELİK,OSMAN GİRİŞKİN,57.0,1,85.0,50.0,82.0,82.0,82.0,88.0,63.21,1,46.0
2026-09-06-Adana Yeşiloba Hipodromu-2,2026-09-06,2,Adana Yeşiloba Hipodromu,1200.0,KATI HANIM,MURAT AKDAĞ,YUNUS TUNCAY,51.0,6,0.0,0.0,0.0,0.0,0.0,64.0,0.5,1,17.0
2026-09-06-Adana Yeşiloba Hipodromu-2,2026-09-06,2,Adana Yeşiloba Hipodromu,1200.0,KERVAN SANCAĞI,ERCAN ÇANKAYA,HÜSEYİN SUNKAR,60.0,7,0.0,50.0,50.0,50.0,50.0,100.0,10.18,0,43.0
2026-09-06-Adana Yeşiloba Hipodromu-2,2026-09-06,2,Adana Yeşiloba Hipodromu,1200.0,KOŞ ARTUN,VELAT DEMİR,SÜLEYMAN KARAKEÇİLİ,57.0,2,85.0,50.0,82.0,50.0,82.0,88.0,4.61,1,40.0
2026-09-06-Adana Yeşiloba Hipodromu-2,2026-09-06,2,Adana Yeşiloba Hipodromu,1200.0,SOSAN ASLANI,SERHAT ÇELİK,HASAN TEKİNALP,56.0,5,0.0,50.0,50.0,50.0,50.0,84.0,4.94,0,43.0
2026-09-06-Adana Yeşiloba Hipodromu-2,2026-09-06,2,Adana Yeşiloba Hipodromu,1200.0,TELLİ DERELİ,YUSUF CENGİZ,EYYÜP YARDIMCI,57.0,4,0.0,50.0,50.0,50.0,50.0,88.0,6.26,0,51.0
2026-09-06-Adana Yeşiloba Hipodromu-2,2026-09-06,2,Adana Yeşiloba Hipodromu,1200.0,İMPO,MEHMET ALİ AKGÖBEK,MUSTAFA ATAL,54.0,8,0.0,50.0,50.0,50.0,50.0,76.0,0.66,0,0.0
2026-09-06-Adana Yeşiloba Hipodromu-3,2026-09-06,3,Adana Yeşiloba Hipodromu,1400.0,ATTRACTIVE GIRL,VELAT DEMİR,VELİ ÇİZİK,57.0,1,0.0,50.0,50.0,50.0,50.0,88.0,6.89,0,0.0
2026-09-06-Adana Yeşiloba Hipodromu-3,2026-09-06,3,Adana Yeşiloba Hipodromu,1400.0,BELL SLEEVE,MEHMET ALİ AKGÖBEK,VELİ ÇİZİK,57.0,11,0.0,50.0,50.0,50.0,50.0,88.0,1.46,0,0.0
2026-09-06-Adana Yeşiloba Hipodromu-3,2026-09-06,3,Adana Yeşiloba Hipodromu,1400.0,CEYLAN,EMRE AKKILIÇ,VELİ ÇİZİK,57.0,8,0.0,50.0,50.0,50.0,50.0,88.0,13.35,0,0.0
2026-09-06-Adana Yeşiloba Hipodromu-3,2026-09-06,3,Adana Yeşiloba Hipodromu,1400.0,DAPPER GIRL,SALİH ÇELİK,UMUT ÇİÇEK,57.0,3,0.0,50.0,50.0,50.0,50.0,88.0,18.47,0,0.0
2026-09-06-Adana Yeşiloba Hipodromu-3,2026-09-06,3,Adana Yeşiloba Hipodromu,1400.0,DISASTER GIRL,NİZAMETTİN DEMİR,MEHMET DAŞ,57.0,2,25.0,10.0,10.0,50.0,10.0,88.0,8.09,1,0.0
2026-09-06-Adana Yeşiloba Hipodromu-3,2026-09-06,3,Adana Yeşiloba Hipodromu,1400.0,DURABLE COLT,ERKAN TUNÇ,HASAN TEKİNALP,57.0,9,0.0,50.0,0.0,50.0,50.0,88.0,1.45,1,7.0
2026-09-06-Adana Yeşiloba Hipodromu-3,2026-09-06,3,Adana Yeşiloba Hipodromu,1400.0,HELL ANGEL,İSA KATAR,YAKUP ÇAĞLAR,57.0,6,0.0,50.0,50.0,50.0,50.0,88.0,4.93,0,0.0
2026-09-06-Adana Yeşiloba Hipodromu-3,2026-09-06,3,Adana Yeşiloba Hipodromu,1400.0,MONIQUE,MEHMET AKYAVUZ,YUNUS TUNCAY,57.0,5,0.0,50.0,50.0,50.0,50.0,88.0,19.79,0,0.0
2026-09-06-Adana Yeşiloba Hipodromu-3,2026-09-06,3,Adana Yeşiloba Hipodromu,1400.0,OTTO MOYE,MERT ALİ SOLMAZ,HASAN TEKİNALP,57.0,7,10.0,50.0,0.0,50.0,50.0,88.0,1.69,1,7.0
2026-09-06-Adana Yeşiloba Hipodromu-3,2026-09-06,3,Adana Yeşiloba Hipodromu,1400.0,SYDNEY WIZARD,FESİH ÇETİNBAŞ,YUNUS TUNCAY,57.0,4,70.0,64.0,64.0,64.0,50.0,88.0,20.56,1,0.0
2026-09-06-Adana Yeşiloba Hipodromu-3,2026-09-06,3,Adana Yeşiloba Hipodromu,1400.0,İPTİSAM,MEHMET TAHA COŞKUN,YUNUS TUNCAY,53.0,10,25.0,10.0,10.0,50.0,10.0,72.0,3.31,1,0.0
2026-09-06-Adana Yeşiloba Hipodromu-4,2026-09-06,4,Adana Yeşiloba Hipodromu,1900.0,BOLUN,SALİH ÇELİK,YUNUS TUNCAY,57.0,7,0.0,50.0,50.0,50.0,50.0,88.0,14.02,0,39.0
2026-09-06-Adana Yeşiloba Hipodromu-4,2026-09-06,4,Adana Yeşiloba Hipodromu,1900.0,DÜNYA BOŞTUR,MERT UYAR,İBRAHİM ATMACA,51.5,12,0.0,50.0,50.0,50.0,50.0,66.0,0.65,0,34.0
2026-09-06-Adana Yeşiloba Hipodromu-4,2026-09-06,4,Adana Yeşiloba Hipodromu,1900.0,DİNEDA,MEHMET NURİ SUNKAR,YUNUS TUNCAY,58.0,15,0.0,50.0,50.0,50.0,50.0,92.0,1.41,0,41.0
2026-09-06-Adana Yeşiloba Hipodromu-4,2026-09-06,4,Adana Yeşiloba Hipodromu,1900.0,LADY ATAŞ,MÜCAHİT BAYIR,AYHAN DİNÇ,54.5,11,0.0,50.0,50.0,50.0,50.0,78.0,2.73,0,34.0
2026-09-06-Adana Yeşiloba Hipodromu-4,2026-09-06,4,Adana Yeşiloba Hipodromu,1900.0,LUNA DE FUEGO,İLKER AKIN,VELİ ÇİZİK,52.0,16,0.0,50.0,50.0,50.0,50.0,68.0,0.65,0,22.0
2026-09-06-Adana Yeşiloba Hipodromu-4,2026-09-06,4,Adana Yeşiloba Hipodromu,1900.0,LUXUARY,MURAT AKDAĞ,SÜLEYMAN KARAKEÇİLİ,51.0,14,85.0,50.0,82.0,50.0,82.0,64.0,2.48,1,33.0
2026-09-06-Adana Yeşiloba Hipodromu-4,2026-09-06,4,Adana Yeşiloba Hipodromu,1900.0,MALCOOBA,SERHAT ÇELİK,ALİ ÇIKMAN,57.0,2,0.0,50.0,50.0,50.0,50.0,88.0,18.74,0,45.0
2026-09-06-Adana Yeşiloba Hipodromu-4,2026-09-06,4,Adana Yeşiloba Hipodromu,1900.0,MY DREAM HORSE,ROJHAT KURT,ERTAN ACER,52.0,13,0.0,50.0,50.0,50.0,50.0,68.0,0.34,0,28.0
2026-09-06-Adana Yeşiloba Hipodromu-4,2026-09-06,4,Adana Yeşiloba Hipodromu,1900.0,MİRA CETİ,LEVENT TAPTIK,HASAN TEKİNALP,59.0,8,10.0,50.0,0.0,0.0,0.0,96.0,7.84,1,49.0
2026-09-06-Adana Yeşiloba Hipodromu-4,2026-09-06,4,Adana Yeşiloba Hipodromu,1900.0,PRINCESS BALA,MEHMET TAHA COŞKUN,TAMER OĞUZHAN KARA,56.0,6,25.0,10.0,50.0,50.0,10.0,84.0,2.4,1,43.0
2026-09-06-Adana Yeşiloba Hipodromu-4,2026-09-06,4,Adana Yeşiloba Hipodromu,1900.0,PİTON KIZ,MEHMET ALİ AKGÖBEK,İBRAHİM ATMACA,54.5,10,0.0,50.0,50.0,50.0,50.0,78.0,3.8,0,34.0
2026-09-06-Adana Yeşiloba Hipodromu-4,2026-09-06,4,Adana Yeşiloba Hipodromu,1900.0,QUEEN SEÇİL,VELAT DEMİR,MUZAFFER KILIÇSEREN,60.5,5,0.0,50.0,50.0,50.0,50.0,98.0,4.8,0,46.0
2026-09-06-Adana Yeşiloba Hipodromu-4,2026-09-06,4,Adana Yeşiloba Hipodromu,1900.0,REALISTIC GIRL,MEHMET AKYAVUZ,YUNUS TUNCAY,57.5,4,55.0,50.0,46.0,50.0,50.0,90.0,9.96,1,40.0
2026-09-06-Adana Yeşiloba Hipodromu-4,2026-09-06,4,Adana Yeşiloba Hipodromu,1900.0,RHINE FALLS,ERCAN ÇANKAYA,TAMER OĞUZHAN KARA,56.5,9,0.0,50.0,50.0,50.0,50.0,86.0,7.92,0,38.0
2026-09-06-Adana Yeşiloba Hipodromu-4,2026-09-06,4,Adana Yeşiloba Hipodromu,1900.0,SOUTHERN SECRET,MEHMET SALİH ÇELİK,SERKAN SÜSLÜ,57.5,1,0.0,50.0,50.0,50.0,50.0,90.0,18.89,0,40.0
2026-09-06-Adana Yeşiloba Hipodromu-4,2026-09-06,4,Adana Yeşiloba Hipodromu,1900.0,VAŞAK KIZ,NİZAMETTİN DEMİR,MUHAMMED ALİ TURAN,55.5,3,10.0,50.0,50.0,0.0,50.0,82.0,3.36,1,36.0
2026-09-06-Adana Yeşiloba Hipodromu-5,2026-09-06,5,Adana Yeşiloba Hipodromu,1200.0,ALMAS,MEHMET KIYAK,AVNİ KARAKUŞ,53.0,11,0.0,50.0,50.0,50.0,50.0,72.0,0.54,0,26.0
2026-09-06-Adana Yeşiloba Hipodromu-5,2026-09-06,5,Adana Yeşiloba Hipodromu,1200.0,ARSLAN OĞLU,MEHMET AKYAVUZ,SERHAT POLAT,60.0,2,55.0,50.0,46.0,50.0,50.0,100.0,6.75,1,66.0
2026-09-06-Adana Yeşiloba Hipodromu-5,2026-09-06,5,Adana Yeşiloba Hipodromu,1200.0,AZERBAYCANLI,MEHMET ALİ AKGÖBEK,MUZAFFER KILIÇSEREN,55.0,7,0.0,0.0,50.0,50.0,50.0,80.0,1.42,1,64.0
2026-09-06-Adana Yeşiloba Hipodromu-5,2026-09-06,5,Adana Yeşiloba Hipodromu,1200.0,AĞA TALİP,ERCAN ÇANKAYA,YUNUS TUNCAY,55.0,5,0.0,50.0,50.0,50.0,50.0,80.0,34.65,0,92.0
2026-09-06-Adana Yeşiloba Hipodromu-5,2026-09-06,5,Adana Yeşiloba Hipodromu,1200.0,DEDE YALAZ,VELAT DEMİR,YELİZ BAYSAL,57.0,12,35.0,50.0,64.0,50.0,50.0,88.0,8.0,2,70.0
2026-09-06-Adana Yeşiloba Hipodromu-5,2026-09-06,5,Adana Yeşiloba Hipodromu,1200.0,EMSİDİ,NİZAMETTİN DEMİR,YELİZ BAYSAL,56.0,4,0.0,50.0,50.0,50.0,50.0,84.0,8.73,1,80.0
2026-09-06-Adana Yeşiloba Hipodromu-5,2026-09-06,5,Adana Yeşiloba Hipodromu,1200.0,FERMANDER,MERT UYAR,MİTHAT KATI,53.0,6,25.0,50.0,50.0,50.0,10.0,72.0,4.48,1,78.0
2026-09-06-Adana Yeşiloba Hipodromu-5,2026-09-06,5,Adana Yeşiloba Hipodromu,1200.0,IRMAK BEYİ,MEHMET NURİ SUNKAR,VELİ ÇİZİK,57.0,9,0.0,50.0,50.0,50.0,50.0,88.0,0.87,1,69.0
2026-09-06-Adana Yeşiloba Hipodromu-5,2026-09-06,5,Adana Yeşiloba Hipodromu,1200.0,KAANHAKAN,NECMİ ALTIN,VELİ ÇİZİK,59.0,3,0.0,50.0,50.0,50.0,50.0,96.0,10.25,0,87.0
2026-09-06-Adana Yeşiloba Hipodromu-5,2026-09-06,5,Adana Yeşiloba Hipodromu,1200.0,MİRŞEŞEN,MEHMET SALİH ÇELİK,YUNUS TUNCAY,57.0,1,100.0,50.0,100.0,50.0,50.0,88.0,16.64,1,68.0
2026-09-06-Adana Yeşiloba Hipodromu-5,2026-09-06,5,Adana Yeşiloba Hipodromu,1200.0,PALA SALİH,SALİH ÇELİK,AHMET AKBABA,59.0,13,0.0,50.0,50.0,50.0,50.0,96.0,2.48,0,76.0
2026-09-06-Adana Yeşiloba Hipodromu-5,2026-09-06,5,Adana Yeşiloba Hipodromu,1200.0,TOS FER,MEHMET TİBET MURTOĞLU,YAKUP ÇAĞLAR,52.0,8,0.0,0.0,50.0,0.0,0.0,68.0,0.53,1,40.0
2026-09-06-Adana Yeşiloba Hipodromu-5,2026-09-06,5,Adana Yeşiloba Hipodromu,1200.0,ÇİMENGÖZ,İSA KATAR,RESUL KAYA,56.0,14,0.0,0.0,50.0,50.0,50.0,84.0,0.32,1,36.0
2026-09-06-Adana Yeşiloba Hipodromu-5,2026-09-06,5,Adana Yeşiloba Hipodromu,1200.0,İSKİT ALP,FATİH RÜSTEM BEBEK,YUNUS TUNCAY,57.0,10,10.0,50.0,50.0,50.0,50.0,88.0,4.34,1,73.0
2026-09-06-Adana Yeşiloba Hipodromu-6,2026-09-06,6,Adana Yeşiloba Hipodromu,1900.0,BÜYÜKATAK,ÖZGÜR ORDU,MEVLÜT TEK,55.0,2,0.0,0.0,0.0,50.0,0.0,80.0,0.58,1,31.0
2026-09-06-Adana Yeşiloba Hipodromu-6,2026-09-06,6,Adana Yeşiloba Hipodromu,1900.0,CEZZAR BEY,MEHMET AKYAVUZ,KEMAL YILMAZ,60.0,1,0.0,50.0,50.0,50.0,0.0,100.0,17.47,1,66.0
2026-09-06-Adana Yeşiloba Hipodromu-6,2026-09-06,6,Adana Yeşiloba Hipodromu,1900.0,HARPUT MUHAFIZI,MERT ALİ SOLMAZ,YAVUZ AKDAŞ,54.0,8,0.0,50.0,50.0,50.0,50.0,76.0,2.32,0,45.0
2026-09-06-Adana Yeşiloba Hipodromu-6,2026-09-06,6,Adana Yeşiloba Hipodromu,1900.0,KRALİÇEANNA,İSA KATAR,YELİZ BAYSAL,56.0,10,40.0,50.0,28.0,50.0,50.0,84.0,1.23,1,36.0
2026-09-06-Adana Yeşiloba Hipodromu-6,2026-09-06,6,Adana Yeşiloba Hipodromu,1900.0,SADIKEFE,NECMİ ALTIN,YELİZ BAYSAL,55.0,11,0.0,50.0,50.0,50.0,50.0,80.0,1.58,0,45.0
2026-09-06-Adana Yeşiloba Hipodromu-6,2026-09-06,6,Adana Yeşiloba Hipodromu,1900.0,SALAHİYET,MEHMET SALİH ÇELİK,MEHMET DAŞ,60.0,4,25.0,50.0,50.0,50.0,10.0,100.0,18.86,1,66.0
2026-09-06-Adana Yeşiloba Hipodromu-6,2026-09-06,6,Adana Yeşiloba Hipodromu,1900.0,SERPENÇE,MEHMET ALİ AKGÖBEK,ALİ GÜLLÜ,57.0,6,0.0,50.0,50.0,50.0,50.0,88.0,7.94,1,66.0
2026-09-06-Adana Yeşiloba Hipodromu-6,2026-09-06,6,Adana Yeşiloba Hipodromu,1900.0,TUSEM KIZ,SERHAT ÇELİK,KEMAL YILMAZ,52.0,9,0.0,50.0,50.0,50.0,50.0,68.0,5.94,0,39.0
2026-09-06-Adana Yeşiloba Hipodromu-6,2026-09-06,6,Adana Yeşiloba Hipodromu,1900.0,YUSUF KAPTAN,SALİH ÇELİK,YELİZ BAYSAL,58.0,5,85.0,82.0,82.0,82.0,82.0,92.0,28.01,1,69.0
2026-09-06-Adana Yeşiloba Hipodromu-6,2026-09-06,6,Adana Yeşiloba Hipodromu,1900.0,ÇAPUTHAN,ERCAN ÇANKAYA,HAKAN ATAKAYA,58.0,3,0.0,50.0,50.0,50.0,50.0,92.0,14.11,0,76.0
2026-09-06-Adana Yeşiloba Hipodromu-6,2026-09-06,6,Adana Yeşiloba Hipodromu,1900.0,ÇIĞGİBİ,NİZAMETTİN DEMİR,YELİZ BAYSAL,53.0,7,40.0,50.0,28.0,50.0,50.0,72.0,1.97,1,28.0
2026-09-06-Adana Yeşiloba Hipodromu-7,2026-09-06,7,Adana Yeşiloba Hipodromu,1900.0,BEST OF ANADOLU,SALİH ÇELİK,YELİZ BAYSAL,56.0,1,0.0,50.0,50.0,50.0,50.0,84.0,0.0,0,71.0
2026-09-06-Adana Yeşiloba Hipodromu-7,2026-09-06,7,Adana Yeşiloba Hipodromu,1900.0,DOUBLE HEART,MEHMET ALİ AKGÖBEK,VEYSEL TEKİN,56.0,6,0.0,50.0,50.0,50.0,50.0,84.0,0.0,0,60.0
2026-09-06-Adana Yeşiloba Hipodromu-7,2026-09-06,7,Adana Yeşiloba Hipodromu,1900.0,FEMALE EAGLE,MÜCAHİT BAYIR,ABDULLAH ÇİFTÇİ,55.0,7,0.0,50.0,50.0,50.0,50.0,80.0,0.0,0,61.0
2026-09-06-Adana Yeşiloba Hipodromu-7,2026-09-06,7,Adana Yeşiloba Hipodromu,1900.0,JAN AQUA,MEHMET AKYAVUZ,MUHAMMED AKYAVUZ,56.0,4,0.0,50.0,50.0,50.0,50.0,84.0,0.0,0,97.0
2026-09-06-Adana Yeşiloba Hipodromu-7,2026-09-06,7,Adana Yeşiloba Hipodromu,1900.0,LAST LEVEL,MEHMET SALİH ÇELİK,MEHMET DAŞ,56.5,3,0.0,50.0,50.0,50.0,50.0,86.0,0.0,0,42.0
2026-09-06-Adana Yeşiloba Hipodromu-7,2026-09-06,7,Adana Yeşiloba Hipodromu,1900.0,LION GOLD,MURAT AKDAĞ,YUNUS TUNCAY,50.5,9,0.0,0.0,50.0,0.0,0.0,62.0,0.0,1,25.0
2026-09-06-Adana Yeşiloba Hipodromu-7,2026-09-06,7,Adana Yeşiloba Hipodromu,1900.0,PALURİ MAN,MEHMET TAHA COŞKUN,AYHAN DİNÇ,56.0,8,70.0,64.0,64.0,50.0,64.0,84.0,0.0,1,48.0
2026-09-06-Adana Yeşiloba Hipodromu-7,2026-09-06,7,Adana Yeşiloba Hipodromu,1900.0,SUNDANCE,SERHAT ÇELİK,ALİ ÇIKMAN,56.0,5,0.0,50.0,50.0,50.0,50.0,84.0,0.0,0,69.0
2026-09-06-Adana Yeşiloba Hipodromu-7,2026-09-06,7,Adana Yeşiloba Hipodromu,1900.0,TORTUGA,ROJHAT KURT,ERTAN ACER,52.0,10,0.0,50.0,50.0,50.0,50.0,68.0,0.0,0,70.0
2026-09-06-Adana Yeşiloba Hipodromu-7,2026-09-06,7,Adana Yeşiloba Hipodromu,1900.0,WE ARE THE STAR,FATİH RÜSTEM BEBEK,TAMER OĞUZHAN KARA,60.0,2,0.0,50.0,50.0,50.0,50.0,100.0,0.0,0,85.0
2026-09-06-Adana Yeşiloba Hipodromu-7,2026-09-06,7,Adana Yeşiloba Hipodromu,1900.0,ÇELİ BEZA,NİZAMETTİN DEMİR,YELİZ BAYSAL,56.0,11,0.0,0.0,0.0,0.0,50.0,84.0,0.0,1,77.0
2026-09-06-Adana Yeşiloba Hipodromu-8,2026-09-06,8,Adana Yeşiloba Hipodromu,1300.0,BORGA,MURAT AKDAĞ,AYHAN DİNÇ,50.0,3,0.0,0.0,0.0,0.0,0.0,60.0,0.0,1,38.0
2026-09-06-Adana Yeşiloba Hipodromu-8,2026-09-06,8,Adana Yeşiloba Hipodromu,1300.0,DOUBLE WORLD,NİZAMETTİN DEMİR,ERTAN ACER,53.0,4,55.0,50.0,46.0,46.0,46.0,72.0,0.0,1,46.0
2026-09-06-Adana Yeşiloba Hipodromu-8,2026-09-06,8,Adana Yeşiloba Hipodromu,1300.0,FIRE OF SOPHIE,MEHMET TAHA COŞKUN,ERTAN ACER,52.0,15,0.0,50.0,50.0,50.0,50.0,68.0,0.0,0,36.0
2026-09-06-Adana Yeşiloba Hipodromu-8,2026-09-06,8,Adana Yeşiloba Hipodromu,1300.0,GOLDEN SKIN,NECMİ ALTIN,VELİ ÇİZİK,61.0,13,0.0,50.0,50.0,50.0,50.0,96.0,0.0,0,55.0
2026-09-06-Adana Yeşiloba Hipodromu-8,2026-09-06,8,Adana Yeşiloba Hipodromu,1300.0,LAST ISLANDER,ERKAN TUNÇ,HASAN TEKİNALP,52.0,11,0.0,50.0,0.0,50.0,50.0,68.0,0.0,1,24.0
2026-09-06-Adana Yeşiloba Hipodromu-8,2026-09-06,8,Adana Yeşiloba Hipodromu,1300.0,LATİF AĞA,MEHMET ALİ AKGÖBEK,RESUL KAYA,53.5,8,0.0,50.0,0.0,50.0,0.0,74.0,0.0,1,40.0
2026-09-06-Adana Yeşiloba Hipodromu-8,2026-09-06,8,Adana Yeşiloba Hipodromu,1300.0,MUALLİMBEY,FATİH RÜSTEM BEBEK,YUNUS TUNCAY,57.5,14,0.0,0.0,50.0,50.0,0.0,90.0,0.0,1,48.0
2026-09-06-Adana Yeşiloba Hipodromu-8,2026-09-06,8,Adana Yeşiloba Hipodromu,1300.0,MY SON NADİR,FESİH ÇETİNBAŞ,RAMAZAN TAŞDELEN,57.5,5,0.0,50.0,50.0,50.0,50.0,90.0,0.0,0,48.0
2026-09-06-Adana Yeşiloba Hipodromu-8,2026-09-06,8,Adana Yeşiloba Hipodromu,1300.0,PRENSES BELBUS,SALİH ÇELİK,YAKUP ÇAĞLAR,55.5,9,0.0,50.0,50.0,50.0,50.0,82.0,0.0,0,51.0
2026-09-06-Adana Yeşiloba Hipodromu-8,2026-09-06,8,Adana Yeşiloba Hipodromu,1300.0,SPIC AND SPAN,MERT ALİ SOLMAZ,ALİ ÇIKMAN,52.5,1,0.0,50.0,50.0,50.0,50.0,70.0,0.0,0,45.0
2026-09-06-Adana Yeşiloba Hipodromu-8,2026-09-06,8,Adana Yeşiloba Hipodromu,1300.0,STAR GATE,ROJHAT KURT,RAMAZAN TAŞDELEN,60.0,7,0.0,50.0,50.0,50.0,50.0,100.0,0.0,0,59.0
2026-09-06-Adana Yeşiloba Hipodromu-8,2026-09-06,8,Adana Yeşiloba Hipodromu,1300.0,SUPERLINE,VELAT DEMİR,SÜLEYMAN KARAKEÇİLİ,61.5,12,0.0,50.0,50.0,50.0,50.0,94.0,0.0,0,56.0
2026-09-06-Adana Yeşiloba Hipodromu-8,2026-09-06,8,Adana Yeşiloba Hipodromu,1300.0,TEK NERGİZ,TAMER BALİ,YUNUS TUNCAY,57.0,6,0.0,50.0,50.0,50.0,50.0,88.0,0.0,0,53.0
2026-09-06-Adana Yeşiloba Hipodromu-8,2026-09-06,8,Adana Yeşiloba Hipodromu,1300.0,TEK OZANIM,MEHMET NURİ SUNKAR,SÜLEYMAN KARAKEÇİLİ,55.0,10,25.0,50.0,10.0,50.0,10.0,80.0,0.0,1,43.0
2026-09-06-Adana Yeşiloba Hipodromu-8,2026-09-06,8,Adana Yeşiloba Hipodromu,1300.0,İSMETİM,İSA KATAR,SÜLEYMAN KARAKEÇİLİ,61.0,2,0.0,50.0,50.0,50.0,50.0,96.0,0.0,0,55.0
2026-09-07-Bursa Osmangazi Hipodromu-1,2026-09-07,1,Bursa Osmangazi Hipodromu,1500.0,ALKURUŞ BEYİ,ONUR YILDIZ,RAMAZAN COŞKUN,57.0,5,0.0,50.0,50.0,50.0,50.0,88.0,6.66,0,10.0
2026-09-07-Bursa Osmangazi Hipodromu-1,2026-09-07,1,Bursa Osmangazi Hipodromu,1500.0,BESTE BEGÜM,DOĞUKAN KONUK,ZEYNEP KAYA,55.0,10,0.0,50.0,50.0,50.0,50.0,80.0,0.54,0,0.0
2026-09-07-Bursa Osmangazi Hipodromu-1,2026-09-07,1,Bursa Osmangazi Hipodromu,1500.0,BODRUM RÜZGARI,ONUR ATMACA,TARIK NACİ YILDIZ,55.0,3,0.0,50.0,50.0,50.0,50.0,80.0,27.1,0,0.0
2026-09-07-Bursa Osmangazi Hipodromu-1,2026-09-07,1,Bursa Osmangazi Hipodromu,1500.0,GÖKKILIÇ,DENİZ BUDAK,YUSUF KAYA,53.0,7,0.0,50.0,50.0,50.0,50.0,72.0,1.94,0,15.0
2026-09-07-Bursa Osmangazi Hipodromu-1,2026-09-07,1,Bursa Osmangazi Hipodromu,1500.0,KOLAYSA YAKALA,EREN KADİRLER,KAZIM ŞENGEL,54.0,9,0.0,50.0,50.0,50.0,0.0,76.0,0.95,1,9.0
2026-09-07-Bursa Osmangazi Hipodromu-1,2026-09-07,1,Bursa Osmangazi Hipodromu,1500.0,LAVEKAR,MAHMUT TURAN,KAZIM ŞENGEL,57.0,4,0.0,50.0,50.0,50.0,50.0,88.0,20.0,0,31.0
2026-09-07-Bursa Osmangazi Hipodromu-1,2026-09-07,1,Bursa Osmangazi Hipodromu,1500.0,RULER STONE,ALİCAN İNCİ,HÜSEYİN ÇALIŞKAN,57.0,8,0.0,50.0,50.0,50.0,50.0,88.0,4.14,0,0.0
2026-09-07-Bursa Osmangazi Hipodromu-1,2026-09-07,1,Bursa Osmangazi Hipodromu,1500.0,SEZGİNAĞA,KADİR TOKAÇOĞLU,AHMET EMİN AVCI,57.0,6,0.0,50.0,50.0,50.0,50.0,88.0,7.74,0,0.0
2026-09-07-Bursa Osmangazi Hipodromu-1,2026-09-07,1,Bursa Osmangazi Hipodromu,1500.0,TOKATHANIN GÜLÜ,BERKAY BÜLBÜL,FAHRETTİN SEZER,51.0,1,0.0,50.0,50.0,50.0,50.0,64.0,5.63,0,29.0
2026-09-07-Bursa Osmangazi Hipodromu-1,2026-09-07,1,Bursa Osmangazi Hipodromu,1500.0,TÜMERK,MAHSUN TURAN,KADİR TURAN,57.0,11,0.0,50.0,50.0,50.0,50.0,88.0,10.6,0,0.0
2026-09-07-Bursa Osmangazi Hipodromu-1,2026-09-07,1,Bursa Osmangazi Hipodromu,1500.0,YALNIZ AŞIK,OKAN GÖKÇE,OKTAY DEMİR,57.0,2,0.0,50.0,50.0,50.0,50.0,88.0,10.54,0,0.0
2026-09-07-Bursa Osmangazi Hipodromu-1,2026-09-07,1,Bursa Osmangazi Hipodromu,1500.0,ZAMANE KIZ,RECEP KETME,TUNCAY ATEŞ,53.0,13,0.0,50.0,50.0,50.0,50.0,72.0,2.42,0,0.0
2026-09-07-Bursa Osmangazi Hipodromu-1,2026-09-07,1,Bursa Osmangazi Hipodromu,1500.0,İVECEN,YİĞİTCAN GÖKÇE,ŞEVVAL ŞİMAL DEMİR,52.0,12,0.0,50.0,50.0,50.0,50.0,68.0,0.44,0,10.0
2026-09-07-Bursa Osmangazi Hipodromu-2,2026-09-07,2,Bursa Osmangazi Hipodromu,1300.0,ANTIGONIA,MUHAMMED MİR BİLGİN,KENAN KAYALIK,57.0,1,0.0,50.0,50.0,50.0,50.0,88.0,48.3,0,45.0
2026-09-07-Bursa Osmangazi Hipodromu-2,2026-09-07,2,Bursa Osmangazi Hipodromu,1300.0,I LOVE SPEED,ONUR ATMACA,KAZIM ŞENGEL,57.0,2,0.0,50.0,50.0,50.0,50.0,88.0,9.06,0,44.0
2026-09-07-Bursa Osmangazi Hipodromu-2,2026-09-07,2,Bursa Osmangazi Hipodromu,1300.0,KING BALDWIN,MAHMUT TURAN,RANA SUNA,60.0,4,0.0,50.0,50.0,50.0,50.0,100.0,23.65,0,49.0
2026-09-07-Bursa Osmangazi Hipodromu-2,2026-09-07,2,Bursa Osmangazi Hipodromu,1300.0,LA MUNECA,MUSTAFA ÇİÇEK,MÜSLÜM DOLAK,55.0,3,40.0,50.0,28.0,50.0,50.0,80.0,11.78,1,41.0
2026-09-07-Bursa Osmangazi Hipodromu-2,2026-09-07,2,Bursa Osmangazi Hipodromu,1300.0,LA PERLE RARE,YİĞİTCAN GÖKÇE,MÜSLÜM DOLAK,54.0,5,0.0,50.0,50.0,50.0,50.0,76.0,2.61,0,38.0
2026-09-07-Bursa Osmangazi Hipodromu-2,2026-09-07,2,Bursa Osmangazi Hipodromu,1300.0,MOON ASH,TUGAY ALICI,ENGİN ALTIN,54.5,6,100.0,100.0,100.0,100.0,50.0,78.0,4.6,1,38.0
2026-09-07-Bursa Osmangazi Hipodromu-3,2026-09-07,3,Bursa Osmangazi Hipodromu,1500.0,AKREP YÜREK,MUHAMMED MİR BİLGİN,HAKAN DEMİRBAŞ,57.0,11,0.0,50.0,50.0,50.0,50.0,88.0,15.93,0,0.0
2026-09-07-Bursa Osmangazi Hipodromu-3,2026-09-07,3,Bursa Osmangazi Hipodromu,1500.0,AKÇİVİ,MERTCAN ÇELİK,TARIK NACİ YILDIZ,57.0,2,0.0,50.0,50.0,50.0,50.0,88.0,12.85,0,0.0
2026-09-07-Bursa Osmangazi Hipodromu-3,2026-09-07,3,Bursa Osmangazi Hipodromu,1500.0,BAŞKATAY,CEMAL PASO,FATİH TOSUN,57.0,15,0.0,50.0,50.0,50.0,50.0,88.0,1.23,0,0.0
2026-09-07-Bursa Osmangazi Hipodromu-3,2026-09-07,3,Bursa Osmangazi Hipodromu,1500.0,DAVRANTAY,ALİCAN İNCİ,ZEYNEP KAYA,57.0,7,0.0,50.0,50.0,50.0,50.0,88.0,5.86,1,28.0
2026-09-07-Bursa Osmangazi Hipodromu-3,2026-09-07,3,Bursa Osmangazi Hipodromu,1500.0,DİKKALDIRIM,RÜZGAR YILDIZ,SERHAT ÖNDER,51.0,12,0.0,50.0,50.0,50.0,50.0,64.0,0.69,0,0.0
2026-09-07-Bursa Osmangazi Hipodromu-3,2026-09-07,3,Bursa Osmangazi Hipodromu,1500.0,GÖNÜL SARAYI,BERKAY BÜLBÜL,FERHAT ALTIN,57.0,13,0.0,50.0,50.0,50.0,50.0,88.0,5.75,0,30.0
2026-09-07-Bursa Osmangazi Hipodromu-3,2026-09-07,3,Bursa Osmangazi Hipodromu,1500.0,HATUN DİDEM,ONUR ATMACA,TUNCAY TURAN,55.0,6,0.0,50.0,50.0,50.0,50.0,80.0,1.41,0,27.0
2026-09-07-Bursa Osmangazi Hipodromu-3,2026-09-07,3,Bursa Osmangazi Hipodromu,1500.0,HIRÇIN DADAŞ,METE GÖL,TUNCAY ATEŞ,53.0,9,0.0,50.0,50.0,50.0,50.0,72.0,1.94,0,21.0
2026-09-07-Bursa Osmangazi Hipodromu-3,2026-09-07,3,Bursa Osmangazi Hipodromu,1500.0,ILGARCAN,RECEP KETME,İZZET TURAN,54.0,5,0.0,50.0,50.0,50.0,50.0,76.0,1.51,1,27.0
2026-09-07-Bursa Osmangazi Hipodromu-3,2026-09-07,3,Bursa Osmangazi Hipodromu,1500.0,KAZAN GİRİL,İSMAİL KATI,ABDULLAH TEMİZER,57.0,3,0.0,50.0,50.0,50.0,50.0,88.0,12.69,0,28.0
2026-09-07-Bursa Osmangazi Hipodromu-3,2026-09-07,3,Bursa Osmangazi Hipodromu,1500.0,MERDÜMGİRİZ,DOĞUKAN KONUK,ZEYNEP KAYA,55.0,10,0.0,50.0,50.0,50.0,50.0,80.0,0.48,0,10.0
2026-09-07-Bursa Osmangazi Hipodromu-3,2026-09-07,3,Bursa Osmangazi Hipodromu,1500.0,SARAYTAY,MAHMUT TURAN,MURAT TÜRKOĞLU,55.0,1,0.0,50.0,50.0,50.0,50.0,80.0,17.28,0,26.0
2026-09-07-Bursa Osmangazi Hipodromu-3,2026-09-07,3,Bursa Osmangazi Hipodromu,1500.0,TOPLUSER,OKAN GÖKÇE,REŞAT KILIÇ,59.0,14,0.0,50.0,50.0,50.0,50.0,96.0,10.64,0,33.0
2026-09-07-Bursa Osmangazi Hipodromu-3,2026-09-07,3,Bursa Osmangazi Hipodromu,1500.0,UÇAN TURBOCU,YİĞİTCAN GÖKÇE,DAVUT SAV,52.0,8,0.0,50.0,50.0,50.0,50.0,68.0,1.89,0,11.0
2026-09-07-Bursa Osmangazi Hipodromu-3,2026-09-07,3,Bursa Osmangazi Hipodromu,1500.0,İCLAL HANIM,DENİZ BUDAK,AHMET MANTAŞ,51.0,4,0.0,50.0,50.0,50.0,50.0,64.0,9.85,0,30.0
2026-09-07-Bursa Osmangazi Hipodromu-4,2026-09-07,4,Bursa Osmangazi Hipodromu,1400.0,APOLLON,ALİ YILDIZ,FERDİ KIRAN,55.0,1,40.0,28.0,28.0,50.0,28.0,80.0,6.63,1,38.0
2026-09-07-Bursa Osmangazi Hipodromu-4,2026-09-07,4,Bursa Osmangazi Hipodromu,1400.0,BEYOND BRAVE,EREN KADİRLER,MUHAMMED UĞUR TURAN,52.0,6,0.0,0.0,0.0,50.0,0.0,68.0,0.23,1,0.0
2026-09-07-Bursa Osmangazi Hipodromu-4,2026-09-07,4,Bursa Osmangazi Hipodromu,1400.0,BOREAL,MUHAMMED MİR BİLGİN,HÜSEYİN KARABULUT,58.0,3,0.0,50.0,50.0,50.0,50.0,92.0,5.52,0,39.0
2026-09-07-Bursa Osmangazi Hipodromu-4,2026-09-07,4,Bursa Osmangazi Hipodromu,1400.0,DRAGON HERO,MUSTAFA ÇİÇEK,AHMET MANTAŞ,60.0,2,85.0,82.0,82.0,82.0,82.0,100.0,70.82,1,72.0
2026-09-07-Bursa Osmangazi Hipodromu-4,2026-09-07,4,Bursa Osmangazi Hipodromu,1400.0,KAFKAS CEYLANI,TUGAY ALICI,ALİ RIZA YILDIZ,56.0,9,0.0,50.0,50.0,50.0,50.0,84.0,0.32,0,38.0
2026-09-07-Bursa Osmangazi Hipodromu-4,2026-09-07,4,Bursa Osmangazi Hipodromu,1400.0,KINGS POWER,MAHSUN TURAN,TUNCAY TURAN,56.0,7,0.0,50.0,50.0,50.0,50.0,84.0,0.37,0,39.0
2026-09-07-Bursa Osmangazi Hipodromu-4,2026-09-07,4,Bursa Osmangazi Hipodromu,1400.0,KUZU DAYI,NURETTİN ŞEN,ALİ RIZA AYDIN,55.0,5,55.0,46.0,46.0,46.0,46.0,80.0,1.21,1,22.0
2026-09-07-Bursa Osmangazi Hipodromu-4,2026-09-07,4,Bursa Osmangazi Hipodromu,1400.0,PANCHO,YİĞİTCAN GÖKÇE,MÜSLÜM DOLAK,53.0,14,40.0,50.0,28.0,28.0,50.0,72.0,1.42,1,48.0
2026-09-07-Bursa Osmangazi Hipodromu-4,2026-09-07,4,Bursa Osmangazi Hipodromu,1400.0,QUEEN OF ALBANY,FATİH SULTAN MEHMET SANSAR,TEVFİK BARDAKCI,53.0,4,0.0,50.0,50.0,50.0,50.0,72.0,10.81,0,73.0
2026-09-07-Bursa Osmangazi Hipodromu-4,2026-09-07,4,Bursa Osmangazi Hipodromu,1400.0,SILVER CROWN,CEMAL PASO,YUSUF AKBULUT,53.0,10,0.0,0.0,0.0,50.0,0.0,72.0,0.25,1,9.0
2026-09-07-Bursa Osmangazi Hipodromu-4,2026-09-07,4,Bursa Osmangazi Hipodromu,1400.0,TROJAN QUEEN,İZETTİN GÜREKE,MEHMET ESMER,53.0,8,0.0,50.0,0.0,50.0,0.0,72.0,0.32,1,30.0
2026-09-07-Bursa Osmangazi Hipodromu-4,2026-09-07,4,Bursa Osmangazi Hipodromu,1400.0,UNSEEN POWER,BEKİR MERT MIRIK,ŞEYDA GÜMÜŞ,60.0,13,0.0,50.0,50.0,50.0,50.0,100.0,0.75,0,51.0
2026-09-07-Bursa Osmangazi Hipodromu-4,2026-09-07,4,Bursa Osmangazi Hipodromu,1400.0,UTAH,ONUR ATMACA,CANSU ŞİMŞEK,57.0,11,40.0,28.0,28.0,50.0,28.0,88.0,1.03,1,0.0
2026-09-07-Bursa Osmangazi Hipodromu-4,2026-09-07,4,Bursa Osmangazi Hipodromu,1400.0,YOUNG SITARE,KÜRŞAT YILMAZ,AHMET EMİN AVCI,55.0,12,0.0,0.0,0.0,50.0,0.0,80.0,0.33,1,20.0
2026-09-07-Bursa Osmangazi Hipodromu-5,2026-09-07,5,Bursa Osmangazi Hipodromu,2000.0,ALLER GÜLÜ,İZETTİN GÜREKE,EKREM ÇİLEK,55.0,9,0.0,0.0,0.0,50.0,0.0,80.0,2.69,1,58.0
2026-09-07-Bursa Osmangazi Hipodromu-5,2026-09-07,5,Bursa Osmangazi Hipodromu,2000.0,ALSAKİB,MUHAMMED MİR BİLGİN,ULAŞ GÖKÇE,56.0,2,0.0,0.0,50.0,50.0,0.0,84.0,10.65,1,59.0
2026-09-07-Bursa Osmangazi Hipodromu-5,2026-09-07,5,Bursa Osmangazi Hipodromu,2000.0,BİRGEDAĞ,SERCAN TIRPAN,EKREM ÇİLEK,56.0,3,0.0,50.0,50.0,50.0,50.0,84.0,14.11,0,59.0
2026-09-07-Bursa Osmangazi Hipodromu-5,2026-09-07,5,Bursa Osmangazi Hipodromu,2000.0,CEVATHAN,MAHMUT TURAN,MUHAMMED ALİ TURAN,55.0,1,100.0,100.0,100.0,100.0,100.0,80.0,23.02,1,57.0
2026-09-07-Bursa Osmangazi Hipodromu-5,2026-09-07,5,Bursa Osmangazi Hipodromu,2000.0,ERMERHAN,İSMAİL DİNAR,KAZIM ŞENGEL,52.0,8,0.0,0.0,0.0,50.0,0.0,68.0,0.64,1,27.0
2026-09-07-Bursa Osmangazi Hipodromu-5,2026-09-07,5,Bursa Osmangazi Hipodromu,2000.0,SANCAR EFESİ,ONUR ATMACA,KAZIM ŞENGEL,52.0,7,55.0,50.0,50.0,100.0,50.0,68.0,9.71,2,49.0
2026-09-07-Bursa Osmangazi Hipodromu-5,2026-09-07,5,Bursa Osmangazi Hipodromu,2000.0,SOĞUKDAĞ,YİĞİTCAN GÖKÇE,MUHAMMED ALİ TURAN,57.5,10,55.0,46.0,50.0,50.0,46.0,90.0,12.05,1,66.0
2026-09-07-Bursa Osmangazi Hipodromu-5,2026-09-07,5,Bursa Osmangazi Hipodromu,2000.0,SİNSİNATEŞİ,HÜSEYİN TURAN,SERHAT ÖNDER,60.0,6,0.0,50.0,50.0,50.0,50.0,100.0,3.15,0,68.0
2026-09-07-Bursa Osmangazi Hipodromu-5,2026-09-07,5,Bursa Osmangazi Hipodromu,2000.0,YAKUP ABİ,BERKAY BÜLBÜL,FERHAT ALTIN,50.0,4,62.5,55.0,55.0,50.0,55.0,60.0,20.69,2,45.0
2026-09-07-Bursa Osmangazi Hipodromu-5,2026-09-07,5,Bursa Osmangazi Hipodromu,2000.0,İKİGAİ,RECEP KETME,MELEK ÖZGÜL,55.5,5,10.0,0.0,50.0,50.0,0.0,82.0,3.28,1,57.0
2026-09-07-Bursa Osmangazi Hipodromu-6,2026-09-07,6,Bursa Osmangazi Hipodromu,1400.0,AFTER BURNER,CEM ALTUN,KENAN KAYALIK,52.5,8,70.0,64.0,50.0,50.0,64.0,70.0,3.94,1,55.0
2026-09-07-Bursa Osmangazi Hipodromu-6,2026-09-07,6,Bursa Osmangazi Hipodromu,1400.0,ANGEL QUEST,BEKİR MERT MIRIK,KAZIM ŞENGEL,56.5,3,62.5,55.0,55.0,50.0,55.0,86.0,9.66,2,56.0
2026-09-07-Bursa Osmangazi Hipodromu-6,2026-09-07,6,Bursa Osmangazi Hipodromu,1400.0,BIG HONEY,MUSTAFA ÇİÇEK,DURAN TEKELİ,59.0,7,70.0,64.0,64.0,50.0,64.0,96.0,18.51,1,61.0
2026-09-07-Bursa Osmangazi Hipodromu-6,2026-09-07,6,Bursa Osmangazi Hipodromu,1400.0,ERDUMAN,KÜRŞAT YILMAZ,YUSUF AKBULUT,61.0,1,10.0,0.0,0.0,50.0,0.0,96.0,8.3,1,69.0
2026-09-07-Bursa Osmangazi Hipodromu-6,2026-09-07,6,Bursa Osmangazi Hipodromu,1400.0,LORD OF NORTH,SERCAN TIRPAN,FAHRETTİN SEZER,52.0,6,0.0,0.0,0.0,50.0,0.0,68.0,0.67,1,33.0
2026-09-07-Bursa Osmangazi Hipodromu-6,2026-09-07,6,Bursa Osmangazi Hipodromu,1400.0,MİKEA,MUHAMMED MİR BİLGİN,KENAN KAYALIK,61.5,2,40.0,28.0,28.0,28.0,28.0,94.0,8.02,1,66.0
2026-09-07-Bursa Osmangazi Hipodromu-6,2026-09-07,6,Bursa Osmangazi Hipodromu,1400.0,RED SMOKE,ALİ MEHDİ ALTIN,HASAN DOLMAZ,54.5,4,55.0,46.0,46.0,46.0,46.0,78.0,12.83,1,59.0
2026-09-07-Bursa Osmangazi Hipodromu-6,2026-09-07,6,Bursa Osmangazi Hipodromu,1400.0,WADRON,NEVZAT AVCİ,MEHMET ESMER,58.5,5,0.0,50.0,50.0,50.0,50.0,94.0,38.07,0,67.0
2026-09-07-Bursa Osmangazi Hipodromu-7,2026-09-07,7,Bursa Osmangazi Hipodromu,1500.0,ALPLİ,GÖRKEM ÖZÇELİK,HASAN DOLMAZ,59.0,4,0.0,50.0,50.0,50.0,50.0,96.0,0.0,0,32.0
2026-09-07-Bursa Osmangazi Hipodromu-7,2026-09-07,7,Bursa Osmangazi Hipodromu,1500.0,BANGU,MUSTAFA ÇİÇEK,SERGEN GÖKÇE,55.0,14,0.0,50.0,50.0,50.0,50.0,80.0,0.0,0,29.0
2026-09-07-Bursa Osmangazi Hipodromu-7,2026-09-07,7,Bursa Osmangazi Hipodromu,1500.0,BARLABEY,MAHMUT TURAN,RAMAZAN COŞKUN,59.0,6,0.0,50.0,50.0,50.0,50.0,96.0,0.0,0,34.0
2026-09-07-Bursa Osmangazi Hipodromu-7,2026-09-07,7,Bursa Osmangazi Hipodromu,1500.0,CİHANDERE,YİĞİTCAN GÖKÇE,ŞEVVAL ŞİMAL DEMİR,54.0,10,0.0,50.0,50.0,50.0,50.0,76.0,0.0,0,26.0
2026-09-07-Bursa Osmangazi Hipodromu-7,2026-09-07,7,Bursa Osmangazi Hipodromu,1500.0,DOMANİÇ BEYİ,MUHAMMED MİR BİLGİN,MEHMET DEMİR,57.0,12,0.0,50.0,50.0,50.0,50.0,88.0,0.0,0,27.0
2026-09-07-Bursa Osmangazi Hipodromu-7,2026-09-07,7,Bursa Osmangazi Hipodromu,1500.0,DOSTBAŞAR,ONUR YILDIZ,RAMAZAN COŞKUN,57.0,1,0.0,50.0,50.0,50.0,50.0,88.0,0.0,0,24.0
2026-09-07-Bursa Osmangazi Hipodromu-7,2026-09-07,7,Bursa Osmangazi Hipodromu,1500.0,GOLAÇİYA,EREN KADİRLER,KAZIM ŞENGEL,52.0,8,0.0,50.0,50.0,50.0,50.0,68.0,0.0,0,0.0
2026-09-07-Bursa Osmangazi Hipodromu-7,2026-09-07,7,Bursa Osmangazi Hipodromu,1500.0,GÜLNARLI,MERTCAN ÇELİK,TARIK NACİ YILDIZ,55.0,2,0.0,50.0,50.0,50.0,50.0,80.0,0.0,0,0.0
2026-09-07-Bursa Osmangazi Hipodromu-7,2026-09-07,7,Bursa Osmangazi Hipodromu,1500.0,KRENSİA,NEVZAT AVCİ,YUSUF CAN KARATOPRAK,57.0,5,0.0,50.0,50.0,50.0,50.0,88.0,0.0,0,27.0
2026-09-07-Bursa Osmangazi Hipodromu-7,2026-09-07,7,Bursa Osmangazi Hipodromu,1500.0,SAROSLU,BERKAY BÜLBÜL,CEMİL TURAN,51.0,3,0.0,50.0,50.0,50.0,50.0,64.0,0.0,0,29.0
2026-09-07-Bursa Osmangazi Hipodromu-7,2026-09-07,7,Bursa Osmangazi Hipodromu,1500.0,SELİNNAZ,İZETTİN GÜREKE,YUSUF KAYA,54.0,15,0.0,50.0,50.0,50.0,50.0,76.0,0.0,0,0.0
2026-09-07-Bursa Osmangazi Hipodromu-7,2026-09-07,7,Bursa Osmangazi Hipodromu,1500.0,TUMBUL HABERKAN,SERCAN TIRPAN,KAZIM ŞENGEL,57.0,7,0.0,50.0,50.0,50.0,50.0,88.0,0.0,0,0.0
2026-09-07-Bursa Osmangazi Hipodromu-7,2026-09-07,7,Bursa Osmangazi Hipodromu,1500.0,YİĞİDİM EFE,ALİ MEHDİ ALTIN,GÖKHAN ER,57.0,13,0.0,50.0,50.0,50.0,50.0,88.0,0.0,0,0.0
2026-09-07-Bursa Osmangazi Hipodromu-7,2026-09-07,7,Bursa Osmangazi Hipodromu,1500.0,ÇAĞIM,ALİCAN İNCİ,RAMAZAN COŞKUN,57.0,11,0.0,50.0,50.0,50.0,50.0,88.0,0.0,0,30.0
2026-09-07-Bursa Osmangazi Hipodromu-7,2026-09-07,7,Bursa Osmangazi Hipodromu,1500.0,ÖZASYALI,DOĞUKAN KONUK,ENGİN ALTIN,55.0,9,0.0,50.0,50.0,50.0,50.0,80.0,0.0,0,0.0
2026-09-07-Bursa Osmangazi Hipodromu-8,2026-09-07,8,Bursa Osmangazi Hipodromu,1700.0,AZUŞUN KIZI,HÜSEYİN TURAN,YUSUF AKBULUT,54.0,16,0.0,0.0,50.0,50.0,0.0,76.0,0.0,1,24.0
2026-09-07-Bursa Osmangazi Hipodromu-8,2026-09-07,8,Bursa Osmangazi Hipodromu,1700.0,BERİVANCAN,AHMET EFEKAN ELMAS,KIVANÇ KINAY,55.0,14,85.0,82.0,50.0,82.0,82.0,80.0,0.0,1,37.0
2026-09-07-Bursa Osmangazi Hipodromu-8,2026-09-07,8,Bursa Osmangazi Hipodromu,1700.0,DAĞ YONCASI,NURETTİN ŞEN,TUNCAY ATEŞ,56.0,3,55.0,46.0,28.0,28.0,46.0,84.0,0.0,2,38.0
2026-09-07-Bursa Osmangazi Hipodromu-8,2026-09-07,8,Bursa Osmangazi Hipodromu,1700.0,ELİFLİ,EREN KADİRLER,EMİNE KAYA,56.0,18,0.0,50.0,50.0,50.0,50.0,84.0,0.0,0,39.0
2026-09-07-Bursa Osmangazi Hipodromu-8,2026-09-07,8,Bursa Osmangazi Hipodromu,1700.0,EMSALLİ ER,TUGAY ALICI,YUSUF CAN KARATOPRAK,58.0,4,0.0,0.0,0.0,50.0,0.0,92.0,0.0,1,33.0
2026-09-07-Bursa Osmangazi Hipodromu-8,2026-09-07,8,Bursa Osmangazi Hipodromu,1700.0,ESENYIL,BEKİR MERT MIRIK,FERHAT ALTIN,56.0,7,100.0,100.0,50.0,100.0,100.0,84.0,0.0,1,56.0
2026-09-07-Bursa Osmangazi Hipodromu-8,2026-09-07,8,Bursa Osmangazi Hipodromu,1700.0,FOREVER DERYA,RÜZGAR YILDIZ,RANA SUNA,56.0,17,0.0,50.0,50.0,50.0,50.0,84.0,0.0,0,0.0
2026-09-07-Bursa Osmangazi Hipodromu-8,2026-09-07,8,Bursa Osmangazi Hipodromu,1700.0,HANENKIZ,İSMAİL DİNAR,KAZIM ŞENGEL,55.0,15,0.0,0.0,0.0,50.0,0.0,80.0,0.0,1,30.0
2026-09-07-Bursa Osmangazi Hipodromu-8,2026-09-07,8,Bursa Osmangazi Hipodromu,1700.0,HÜMALI KIZ,ALİ YILDIZ,TUNCAY ATEŞ,56.0,5,70.0,64.0,64.0,64.0,64.0,84.0,0.0,1,42.0
2026-09-07-Bursa Osmangazi Hipodromu-8,2026-09-07,8,Bursa Osmangazi Hipodromu,1700.0,KAYAŞAH,MAHMUT TURAN,ŞEVVAL ŞİMAL DEMİR,58.0,10,70.0,64.0,64.0,50.0,64.0,92.0,0.0,1,40.0
2026-09-07-Bursa Osmangazi Hipodromu-8,2026-09-07,8,Bursa Osmangazi Hipodromu,1700.0,LİNAM,ONUR ATMACA,EMİNE KAYA,56.0,13,25.0,10.0,50.0,10.0,10.0,84.0,0.0,1,36.0
2026-09-07-Bursa Osmangazi Hipodromu-8,2026-09-07,8,Bursa Osmangazi Hipodromu,1700.0,MÜRDÜN KIZ,MUHAMMED MİR BİLGİN,SEYİT GÖKÇE,56.0,6,0.0,50.0,50.0,50.0,50.0,84.0,0.0,0,35.0
2026-09-07-Bursa Osmangazi Hipodromu-8,2026-09-07,8,Bursa Osmangazi Hipodromu,1700.0,ONURSÜREN,CEM ALTUN,YILMAZ AKKUŞ,58.0,12,55.0,46.0,46.0,50.0,50.0,92.0,0.0,1,22.0
2026-09-07-Bursa Osmangazi Hipodromu-8,2026-09-07,8,Bursa Osmangazi Hipodromu,1700.0,SÜTLİMAN,ONUR YILDIZ,SALİH BAYDAN,56.0,1,40.0,28.0,50.0,50.0,28.0,84.0,0.0,1,48.0
2026-09-07-Bursa Osmangazi Hipodromu-8,2026-09-07,8,Bursa Osmangazi Hipodromu,1700.0,TEKFORD ACL,KADİR TOKAÇOĞLU,RANA SUNA,58.0,11,0.0,50.0,50.0,50.0,50.0,92.0,0.0,0,25.0
2026-09-07-Bursa Osmangazi Hipodromu-8,2026-09-07,8,Bursa Osmangazi Hipodromu,1700.0,ÇUKUROVA EFESİ,CEMAL PASO,YUSUF AKBULUT,58.0,2,100.0,100.0,100.0,100.0,100.0,92.0,0.0,1,49.0
2026-09-07-Bursa Osmangazi Hipodromu-8,2026-09-07,8,Bursa Osmangazi Hipodromu,1700.0,İYİMSER,GÖRKEM ÖZÇELİK,HASAN DOLMAZ,56.0,8,70.0,50.0,64.0,50.0,64.0,84.0,0.0,1,39.0
2026-09-07-Bursa Osmangazi Hipodromu-8,2026-09-07,8,Bursa Osmangazi Hipodromu,1700.0,ŞANSIBOLBEY,KÜRŞAT YILMAZ,NEJMİ GÜNDÜZ,57.0,9,0.0,50.0,50.0,50.0,50.0,88.0,0.0,0,61.0
2026-09-07-Elazığ Hipodromu-1,2026-09-07,1,Elazığ Hipodromu,1600.0,GÜZELBİLGE,ABDULLAH ÇANKAYA,EYYÜP YARDIMCI,57.0,6,0.0,0.0,50.0,50.0,0.0,88.0,1.48,1,36.0
2026-09-07-Elazığ Hipodromu-1,2026-09-07,1,Elazığ Hipodromu,1600.0,HİFANINOĞLU,NECMİ ALTIN,MEHMET ALİ SUBAY,57.0,5,85.0,82.0,50.0,82.0,82.0,88.0,18.7,1,38.0
2026-09-07-Elazığ Hipodromu-1,2026-09-07,1,Elazığ Hipodromu,1600.0,KAUÇUKÇU,FERİT YARDIMCI,OSMAN DEMİR,57.0,2,85.0,82.0,100.0,82.0,82.0,88.0,17.21,2,34.0
2026-09-07-Elazığ Hipodromu-1,2026-09-07,1,Elazığ Hipodromu,1600.0,NALIN SESİ,MEHMET ALİ AKTÜRK,İBRAHİM ATMACA,57.0,1,0.0,50.0,50.0,50.0,50.0,88.0,52.86,0,46.0
2026-09-07-Elazığ Hipodromu-1,2026-09-07,1,Elazığ Hipodromu,1600.0,NECAT,YUSUF CENGİZ,SÜLEYMAN KARAKEÇİLİ,57.0,7,0.0,50.0,50.0,50.0,50.0,88.0,1.05,0,31.0
2026-09-07-Elazığ Hipodromu-1,2026-09-07,1,Elazığ Hipodromu,1600.0,SEDERİ GÜZELİ,AHMET HASAN BAYAR,MEHMET ALİ SUBAY,58.0,3,25.0,10.0,50.0,50.0,10.0,92.0,2.94,1,42.0
2026-09-07-Elazığ Hipodromu-1,2026-09-07,1,Elazığ Hipodromu,1600.0,SON KRALİÇE,MEHMET DOĞAN,ERCAN ALTIN,58.0,4,100.0,100.0,50.0,50.0,100.0,92.0,5.09,1,40.0
2026-09-07-Elazığ Hipodromu-2,2026-09-07,2,Elazığ Hipodromu,1500.0,ARASIN KIZI,MEHMET TAŞKAYA,FİGEN BAKIR,57.0,3,25.0,10.0,50.0,10.0,10.0,88.0,12.85,1,0.0
2026-09-07-Elazığ Hipodromu-2,2026-09-07,2,Elazığ Hipodromu,1500.0,GIFT OF ANGELS,AZİZ AKDEMİR,MUHAMMED BULUÇ,57.0,7,70.0,64.0,50.0,50.0,64.0,88.0,23.06,1,0.0
2026-09-07-Elazığ Hipodromu-2,2026-09-07,2,Elazığ Hipodromu,1500.0,KRISTAL NACHT,ABDULLAH ÇANKAYA,MEHMET ALTIN,57.0,6,0.0,50.0,50.0,50.0,50.0,88.0,1.15,0,7.0
2026-09-07-Elazığ Hipodromu-2,2026-09-07,2,Elazığ Hipodromu,1500.0,LADY ÇEVİK,MEHMET DOĞAN,MUHAMMED BULUÇ,57.0,5,55.0,46.0,50.0,50.0,46.0,88.0,5.55,1,20.0
2026-09-07-Elazığ Hipodromu-2,2026-09-07,2,Elazığ Hipodromu,1500.0,MERYEMCAN,YUSUF CENGİZ,MEHRİBAN ÇİÇEK,57.0,2,70.0,64.0,50.0,64.0,50.0,88.0,17.62,1,24.0
2026-09-07-Elazığ Hipodromu-2,2026-09-07,2,Elazığ Hipodromu,1500.0,SAND QUEEN,NECMİ ALTIN,HASAN TEKİNALP,57.0,1,85.0,82.0,50.0,82.0,50.0,88.0,35.8,1,0.0
2026-09-07-Elazığ Hipodromu-2,2026-09-07,2,Elazığ Hipodromu,1500.0,TIME OF DREAMS,HÜSEYİN ALTUNKILIÇ,RAMAZAN BARMAN,57.0,4,0.0,50.0,50.0,50.0,50.0,88.0,3.68,0,0.0
2026-09-07-Elazığ Hipodromu-3,2026-09-07,3,Elazığ Hipodromu,1200.0,ASALTIN,HÜSEYİN ALTUNKILIÇ,SÜLEYMAN KARAKEÇİLİ,62.0,6,0.0,50.0,50.0,50.0,0.0,92.0,9.87,1,81.0
2026-09-07-Elazığ Hipodromu-3,2026-09-07,3,Elazığ Hipodromu,1200.0,ATLANTIC BLACK,MEHMET ALİ AKTÜRK,KADİR TAŞDEMİR,57.0,3,25.0,50.0,50.0,50.0,10.0,88.0,5.16,1,72.0
2026-09-07-Elazığ Hipodromu-3,2026-09-07,3,Elazığ Hipodromu,1200.0,BELLAFINA,FERİT YARDIMCI,TEMÜR AYDIN,60.0,2,10.0,0.0,0.0,50.0,0.0,100.0,30.43,1,80.0
2026-09-07-Elazığ Hipodromu-3,2026-09-07,3,Elazığ Hipodromu,1200.0,BEYAZ SARAY,MEHMET TAŞKAYA,ESER YILDIRIM,56.0,8,0.0,50.0,50.0,50.0,50.0,84.0,2.95,0,0.0
2026-09-07-Elazığ Hipodromu-3,2026-09-07,3,Elazığ Hipodromu,1200.0,BUMMER GIRL,NECMİ ALTIN,SALİH BECENE,58.0,4,70.0,64.0,64.0,64.0,64.0,92.0,12.34,1,68.0
2026-09-07-Elazığ Hipodromu-3,2026-09-07,3,Elazığ Hipodromu,1200.0,CAFER BEY,SAMİ KAPLAN,ELİF AÇMAZ,56.0,11,0.0,50.0,50.0,50.0,50.0,84.0,3.02,0,85.0
2026-09-07-Elazığ Hipodromu-3,2026-09-07,3,Elazığ Hipodromu,1200.0,GARONOR,MEHMET DOĞAN,MUHAMMED BULUÇ,58.0,7,0.0,0.0,50.0,50.0,0.0,92.0,3.64,1,54.0
2026-09-07-Elazığ Hipodromu-3,2026-09-07,3,Elazığ Hipodromu,1200.0,MY SİXTH SENSE,YUSUF CENGİZ,MEHRİBAN ÇİÇEK,60.0,1,0.0,50.0,50.0,50.0,50.0,100.0,7.9,0,66.0
2026-09-07-Elazığ Hipodromu-3,2026-09-07,3,Elazığ Hipodromu,1200.0,OĞUZ BAŞKAN,ABDULLAH ÇANKAYA,SALİH BECENE,60.0,12,0.0,50.0,0.0,50.0,50.0,100.0,2.52,1,51.0
2026-09-07-Elazığ Hipodromu-3,2026-09-07,3,Elazığ Hipodromu,1200.0,SEHERİN YELİ,AHMET HASAN BAYAR,VELİ ÇİZİK,54.0,5,85.0,50.0,82.0,82.0,82.0,76.0,8.31,1,72.0
2026-09-07-Elazığ Hipodromu-3,2026-09-07,3,Elazığ Hipodromu,1200.0,THE LAST UNICORN,MUHAMMED BARAN ÇAKMAK,MUHAMMED BULUÇ,53.0,10,0.0,50.0,50.0,50.0,50.0,72.0,0.85,0,70.0
2026-09-07-Elazığ Hipodromu-3,2026-09-07,3,Elazığ Hipodromu,1200.0,TRAP ZONE,İSA KATAR,İBRAHİM ATMACA,57.0,9,0.0,50.0,50.0,50.0,50.0,88.0,12.64,0,68.0
2026-09-07-Elazığ Hipodromu-3,2026-09-07,3,Elazığ Hipodromu,1200.0,ZALIMIN OĞLU,HAKİM YÖNDEN,RAMAZAN BARMAN,52.5,13,0.0,50.0,50.0,50.0,50.0,70.0,0.37,0,0.0
2026-09-07-Elazığ Hipodromu-4,2026-09-07,4,Elazığ Hipodromu,1500.0,ANDROMEDA STAR,YUSUF CENGİZ,ELİF AÇMAZ,56.0,1,0.0,50.0,50.0,50.0,50.0,84.0,13.68,0,34.0
2026-09-07-Elazığ Hipodromu-4,2026-09-07,4,Elazığ Hipodromu,1500.0,CASHOUT,MEHMET TAŞKAYA,MUHAMMED BULUÇ,56.0,5,0.0,50.0,50.0,50.0,50.0,84.0,3.63,0,34.0
2026-09-07-Elazığ Hipodromu-4,2026-09-07,4,Elazığ Hipodromu,1500.0,DENİZ LARA,NECMİ ALTIN,MEHMET ALTIN,59.0,9,70.0,64.0,50.0,50.0,64.0,96.0,26.19,1,40.0
2026-09-07-Elazığ Hipodromu-4,2026-09-07,4,Elazığ Hipodromu,1500.0,DREAM ASIYA,AHMET HASAN BAYAR,ZEKERİYA AKDEMİR,56.5,15,10.0,50.0,0.0,0.0,0.0,86.0,1.09,1,35.0
2026-09-07-Elazığ Hipodromu-4,2026-09-07,4,Elazığ Hipodromu,1500.0,DREAM CHASER,HÜSEYİN ALTUNKILIÇ,SÜLEYMAN KARAKEÇİLİ,56.0,3,0.0,50.0,50.0,50.0,50.0,84.0,2.43,0,34.0
2026-09-07-Elazığ Hipodromu-4,2026-09-07,4,Elazığ Hipodromu,1500.0,ELELE,İSA KATAR,MEHRİBAN ÇİÇEK,62.0,4,100.0,50.0,100.0,50.0,100.0,92.0,7.55,1,46.0
2026-09-07-Elazığ Hipodromu-4,2026-09-07,4,Elazığ Hipodromu,1500.0,GOODBYE,ABDULLAH ÇANKAYA,MEHMET ALİ SUBAY,55.5,10,0.0,50.0,50.0,50.0,50.0,82.0,2.2,0,33.0
2026-09-07-Elazığ Hipodromu-4,2026-09-07,4,Elazığ Hipodromu,1500.0,HELLO KUTTY,ÇETİN CANPOLAT,ELİF AÇMAZ,52.5,11,0.0,50.0,50.0,50.0,50.0,70.0,1.43,0,29.0
2026-09-07-Elazığ Hipodromu-4,2026-09-07,4,Elazığ Hipodromu,1500.0,KADIKÖY GÜZELİ,MEHMET DOĞAN,MUHAMMED BULUÇ,62.0,2,0.0,50.0,50.0,50.0,50.0,92.0,10.07,0,46.0
2026-09-07-Elazığ Hipodromu-4,2026-09-07,4,Elazığ Hipodromu,1500.0,LADY SCREAM,SAMİ KAPLAN,HASAN TEKİNALP,58.0,17,40.0,50.0,28.0,28.0,28.0,92.0,2.92,1,38.0
2026-09-07-Elazığ Hipodromu-4,2026-09-07,4,Elazığ Hipodromu,1500.0,LUCKY ANGEL,MEHMET ALİ AKTÜRK,OSMAN DEMİR,58.0,14,70.0,50.0,64.0,50.0,50.0,92.0,4.69,1,38.0
2026-09-07-Elazığ Hipodromu-4,2026-09-07,4,Elazığ Hipodromu,1500.0,MANOYELA,FERİT YARDIMCI,ERCAN ALTIN,56.5,16,0.0,50.0,50.0,50.0,50.0,86.0,12.8,0,35.0
2026-09-07-Elazığ Hipodromu-4,2026-09-07,4,Elazığ Hipodromu,1500.0,PRENSES MELTEM,İLKER AKIN,AHMET AKBABA,52.0,6,0.0,50.0,50.0,50.0,0.0,68.0,1.31,1,23.0
2026-09-07-Elazığ Hipodromu-4,2026-09-07,4,Elazığ Hipodromu,1500.0,SECRET SAVER,MUHAMMED BARAN ÇAKMAK,SİNEM BAKIR,52.0,8,0.0,50.0,50.0,50.0,50.0,68.0,3.89,0,25.0
2026-09-07-Elazığ Hipodromu-4,2026-09-07,4,Elazığ Hipodromu,1500.0,VALLEY OF HONOUR,HAKİM YÖNDEN,MEHMET ALTIN,52.5,7,0.0,0.0,50.0,50.0,0.0,70.0,1.34,1,27.0
2026-09-07-Elazığ Hipodromu-4,2026-09-07,4,Elazığ Hipodromu,1500.0,VASILISA,YUNUS ÇELİKBAŞ,ELİF AÇMAZ,54.5,12,0.0,50.0,50.0,50.0,50.0,78.0,1.53,0,31.0
2026-09-07-Elazığ Hipodromu-4,2026-09-07,4,Elazığ Hipodromu,1500.0,ÜNLÜ EKİN,AZİZ AKDEMİR,OSMAN DEMİR,58.0,13,0.0,50.0,50.0,50.0,50.0,92.0,3.23,0,38.0
2026-09-07-Elazığ Hipodromu-5,2026-09-07,5,Elazığ Hipodromu,1600.0,AEMOND,AHMET HASAN BAYAR,SALİH BECENE,55.0,10,100.0,100.0,50.0,100.0,100.0,80.0,11.78,1,41.0
2026-09-07-Elazığ Hipodromu-5,2026-09-07,5,Elazığ Hipodromu,1600.0,BY CURA,NECMİ ALTIN,SALİH BECENE,62.5,4,55.0,46.0,46.0,50.0,46.0,90.0,16.23,1,49.0
2026-09-07-Elazığ Hipodromu-5,2026-09-07,5,Elazığ Hipodromu,1600.0,CRIMENA FIRE,YUNUS ÇELİKBAŞ,BAHATTİN DEMİRKAPU,62.0,8,25.0,10.0,10.0,50.0,10.0,92.0,1.94,1,48.0
2026-09-07-Elazığ Hipodromu-5,2026-09-07,5,Elazığ Hipodromu,1600.0,DOBRA KIZ,MEHMET DOĞAN,SİNEM BAKIR,55.0,3,25.0,10.0,50.0,50.0,10.0,80.0,3.83,1,34.0
2026-09-07-Elazığ Hipodromu-5,2026-09-07,5,Elazığ Hipodromu,1600.0,EL LEON,HÜSEYİN ALTUNKILIÇ,SÜLEYMAN KARAKEÇİLİ,63.0,5,0.0,0.0,0.0,50.0,0.0,88.0,6.04,1,50.0
2026-09-07-Elazığ Hipodromu-5,2026-09-07,5,Elazığ Hipodromu,1600.0,EUROFIGHTER,FERİT YARDIMCI,MEHMET KAYA,58.0,2,40.0,28.0,28.0,50.0,28.0,92.0,21.9,1,47.0
2026-09-07-Elazığ Hipodromu-5,2026-09-07,5,Elazığ Hipodromu,1600.0,GREEN GÖLE,İSA KATAR,BAVER FAHRİOĞLU,63.0,11,0.0,0.0,0.0,50.0,0.0,88.0,3.09,1,50.0
2026-09-07-Elazığ Hipodromu-5,2026-09-07,5,Elazığ Hipodromu,1600.0,KAROZBEY,AZİZ AKDEMİR,YELİZ BAYSAL,60.0,12,0.0,0.0,0.0,50.0,0.0,100.0,2.22,1,44.0
2026-09-07-Elazığ Hipodromu-5,2026-09-07,5,Elazığ Hipodromu,1600.0,KATANA BOY,ÇETİN CANPOLAT,İBRAHİM ATMACA,53.0,13,0.0,50.0,50.0,50.0,50.0,72.0,2.74,0,32.0
2026-09-07-Elazığ Hipodromu-5,2026-09-07,5,Elazığ Hipodromu,1600.0,LEO MELO,MEHMET ALİ AKTÜRK,ESER YILDIRIM,58.0,9,77.5,73.0,46.0,50.0,100.0,92.0,10.21,2,40.0
2026-09-07-Elazığ Hipodromu-5,2026-09-07,5,Elazığ Hipodromu,1600.0,LION ROBERO,YUSUF CENGİZ,BÜNYAMİN CENGİZ,63.0,6,70.0,64.0,64.0,64.0,64.0,88.0,7.68,1,50.0
2026-09-07-Elazığ Hipodromu-5,2026-09-07,5,Elazığ Hipodromu,1600.0,MR SHORTY,SAMİ KAPLAN,AHMET AKBABA,53.0,15,0.0,0.0,50.0,50.0,50.0,72.0,0.88,1,30.0
2026-09-07-Elazığ Hipodromu-5,2026-09-07,5,Elazığ Hipodromu,1600.0,RACING PHANTOM,İLKER AKIN,FİGEN BAKIR,52.0,14,0.0,50.0,50.0,50.0,50.0,68.0,1.44,0,35.0
2026-09-07-Elazığ Hipodromu-5,2026-09-07,5,Elazığ Hipodromu,1600.0,THE SNAKE PIT,MUHAMMED BARAN ÇAKMAK,HAKAN ATAKAYA,52.0,1,0.0,0.0,50.0,0.0,0.0,68.0,1.48,1,26.0
2026-09-07-Elazığ Hipodromu-5,2026-09-07,5,Elazığ Hipodromu,1600.0,ÇUKUROVA PEHLİVANI,ABDULLAH ÇANKAYA,RAMAZAN BARMAN,58.5,7,0.0,50.0,50.0,50.0,50.0,94.0,8.56,0,41.0
2026-09-07-Elazığ Hipodromu-6,2026-09-07,6,Elazığ Hipodromu,1200.0,AKGOLD DATÇA,HAKİM YÖNDEN,MEHMET KAYA,58.0,10,10.0,50.0,50.0,50.0,50.0,92.0,2.42,1,40.0
2026-09-07-Elazığ Hipodromu-6,2026-09-07,6,Elazığ Hipodromu,1200.0,BARBAROSOĞLU,MEHMET ALİ AKTÜRK,ARİF IŞIK,59.5,2,70.0,64.0,50.0,50.0,64.0,98.0,13.96,1,39.0
2026-09-07-Elazığ Hipodromu-6,2026-09-07,6,Elazığ Hipodromu,1200.0,CAN YAKUP,HÜSEYİN ALTUNKILIÇ,ARİF IŞIK,55.5,8,40.0,28.0,50.0,28.0,28.0,82.0,2.07,1,31.0
2026-09-07-Elazığ Hipodromu-6,2026-09-07,6,Elazığ Hipodromu,1200.0,DENİZİM GÜLÜ,FERİT YARDIMCI,SÜLEYMAN KARAKEÇİLİ,60.5,9,0.0,0.0,50.0,50.0,0.0,98.0,9.17,1,41.0
2026-09-07-Elazığ Hipodromu-6,2026-09-07,6,Elazığ Hipodromu,1200.0,EFRUZKIZI,MEHMET DOĞAN,MUHAMMED BULUÇ,59.5,11,0.0,0.0,50.0,50.0,0.0,98.0,5.92,1,39.0
2026-09-07-Elazığ Hipodromu-6,2026-09-07,6,Elazığ Hipodromu,1200.0,GÜMBÜRSOY,ABDULLAH ÇANKAYA,FİGEN BAKIR,60.0,1,0.0,50.0,50.0,50.0,50.0,100.0,1.55,0,40.0
2026-09-07-Elazığ Hipodromu-6,2026-09-07,6,Elazığ Hipodromu,1200.0,HAYALLERİM,AZİZ AKDEMİR,HAKAN ATAKAYA,57.0,12,0.0,50.0,50.0,50.0,50.0,88.0,16.95,0,34.0
2026-09-07-Elazığ Hipodromu-6,2026-09-07,6,Elazığ Hipodromu,1200.0,HIZLI BERATIM,YUNUS ÇELİKBAŞ,HASAN TEKİNALP,56.5,7,25.0,50.0,10.0,50.0,10.0,86.0,4.37,1,33.0
2026-09-07-Elazığ Hipodromu-6,2026-09-07,6,Elazığ Hipodromu,1200.0,KOSAVALI YİĞİT,İSA KATAR,TUĞRUL TAHTA,63.0,6,0.0,50.0,50.0,50.0,50.0,88.0,2.21,0,44.0
2026-09-07-Elazığ Hipodromu-6,2026-09-07,6,Elazığ Hipodromu,1200.0,KÜHEYLAN BAKÜRA,MUHAMMED BARAN ÇAKMAK,SİNEM BAKIR,55.5,5,0.0,0.0,0.0,0.0,50.0,82.0,3.29,1,33.0
2026-09-07-Elazığ Hipodromu-6,2026-09-07,6,Elazığ Hipodromu,1200.0,KİRAZLI,AHMET HASAN BAYAR,ERCAN ALTIN,57.0,3,0.0,50.0,50.0,50.0,50.0,88.0,1.67,0,34.0
2026-09-07-Elazığ Hipodromu-6,2026-09-07,6,Elazığ Hipodromu,1200.0,MOHİ TAY,NECMİ ALTIN,TEMÜR AYDIN,63.0,15,85.0,82.0,50.0,82.0,82.0,88.0,20.79,1,44.0
2026-09-07-Elazığ Hipodromu-6,2026-09-07,6,Elazığ Hipodromu,1200.0,NALDÖKEN AĞASI,İLKER AKIN,MUHAMMED BULUÇ,59.0,16,0.0,50.0,50.0,50.0,50.0,96.0,3.55,0,42.0
2026-09-07-Elazığ Hipodromu-6,2026-09-07,6,Elazığ Hipodromu,1200.0,POWER OF RED,YUSUF CENGİZ,MEHMET KAYA,58.0,4,0.0,0.0,50.0,50.0,0.0,92.0,7.44,1,36.0
2026-09-07-Elazığ Hipodromu-6,2026-09-07,6,Elazığ Hipodromu,1200.0,PRINCESS GIRL,SAMİ KAPLAN,HASAN TEKİNALP,58.0,14,25.0,50.0,50.0,50.0,10.0,92.0,2.74,1,36.0
2026-09-07-Elazığ Hipodromu-6,2026-09-07,6,Elazığ Hipodromu,1200.0,ÇINARLI GÜZELİ,ÇETİN CANPOLAT,MEHMET KAYA,57.0,13,0.0,50.0,50.0,50.0,50.0,88.0,1.9,0,38.0
2026-09-07-Elazığ Hipodromu-7,2026-09-07,7,Elazığ Hipodromu,1500.0,BAKÜLÜ KIZ,MEHMET TAŞKAYA,MEHMET ALTIN,57.0,7,0.0,50.0,50.0,50.0,50.0,88.0,0.0,0,0.0
2026-09-07-Elazığ Hipodromu-7,2026-09-07,7,Elazığ Hipodromu,1500.0,EMPRESS GIRL,MEHMET ALİ AKTÜRK,İBRAHİM ATMACA,59.0,5,85.0,82.0,50.0,50.0,82.0,96.0,0.0,1,26.0
2026-09-07-Elazığ Hipodromu-7,2026-09-07,7,Elazığ Hipodromu,1500.0,GÜLÜMSE KIZIM,YUSUF CENGİZ,HAKAN ATAKAYA,57.0,4,0.0,50.0,50.0,50.0,50.0,88.0,0.0,0,0.0
2026-09-07-Elazığ Hipodromu-7,2026-09-07,7,Elazığ Hipodromu,1500.0,HÜRREM HANIM,ABDULLAH ÇANKAYA,ERCAN ALTIN,57.0,8,40.0,50.0,50.0,50.0,28.0,88.0,0.0,1,0.0
2026-09-07-Elazığ Hipodromu-7,2026-09-07,7,Elazığ Hipodromu,1500.0,LEYDİ TOPÇU,MEHMET DOĞAN,ESER YILDIRIM,57.0,1,0.0,50.0,50.0,50.0,50.0,88.0,0.0,0,0.0
2026-09-07-Elazığ Hipodromu-7,2026-09-07,7,Elazığ Hipodromu,1500.0,LOVESICK GRILS,FERİT YARDIMCI,ZEKERİYA AKDEMİR,59.0,3,0.0,50.0,50.0,50.0,50.0,96.0,0.0,0,26.0
2026-09-07-Elazığ Hipodromu-7,2026-09-07,7,Elazığ Hipodromu,1500.0,MONICA SULTAN,NECMİ ALTIN,ZEKERİYA AKDEMİR,57.0,6,55.0,50.0,50.0,50.0,46.0,88.0,0.0,1,19.0
2026-09-07-Elazığ Hipodromu-7,2026-09-07,7,Elazığ Hipodromu,1500.0,SECRET GIRL,İSA KATAR,VELİ ÇİZİK,57.0,2,0.0,50.0,50.0,50.0,50.0,88.0,0.0,0,22.0
2026-09-07-Elazığ Hipodromu-8,2026-09-07,8,Elazığ Hipodromu,1500.0,DİRİLİŞ KARTALI,İLKER AKIN,TUĞRUL TAHTA,53.0,18,0.0,50.0,50.0,50.0,50.0,72.0,0.0,0,7.0
2026-09-07-Elazığ Hipodromu-8,2026-09-07,8,Elazığ Hipodromu,1500.0,GOLDEN COOGER,HÜSEYİN ALTUNKILIÇ,ERCAN ALTIN,56.0,8,55.0,46.0,50.0,50.0,46.0,84.0,0.0,1,41.0
2026-09-07-Elazığ Hipodromu-8,2026-09-07,8,Elazığ Hipodromu,1500.0,KRAL ALPER,YUSUF CENGİZ,FİGEN BAKIR,58.0,3,70.0,64.0,50.0,50.0,64.0,92.0,0.0,1,53.0
2026-09-07-Elazığ Hipodromu-8,2026-09-07,8,Elazığ Hipodromu,1500.0,KİKAZARU,MUHAMMED BARAN ÇAKMAK,ESER YILDIRIM,55.0,7,70.0,50.0,50.0,50.0,64.0,80.0,0.0,1,32.0
2026-09-07-Elazığ Hipodromu-8,2026-09-07,8,Elazığ Hipodromu,1500.0,NIGHT KING,AZİZ AKDEMİR,SALİH BECENE,56.0,1,85.0,82.0,50.0,50.0,82.0,84.0,0.0,1,34.0
2026-09-07-Elazığ Hipodromu-8,2026-09-07,8,Elazığ Hipodromu,1500.0,PACIFIC GROVE,MEHMET ALİ AKTÜRK,ESER YILDIRIM,56.0,10,0.0,50.0,50.0,50.0,50.0,84.0,0.0,0,32.0
2026-09-07-Elazığ Hipodromu-8,2026-09-07,8,Elazığ Hipodromu,1500.0,RANIL OĞLU,ÇETİN CANPOLAT,MEHMET ALTIN,53.0,16,12.5,5.0,50.0,0.0,5.0,72.0,0.0,2,23.0
2026-09-07-Elazığ Hipodromu-8,2026-09-07,8,Elazığ Hipodromu,1500.0,RONNIE,HAKİM YÖNDEN,MEHMET ALTIN,52.0,14,0.0,50.0,50.0,50.0,50.0,68.0,0.0,0,29.0
2026-09-07-Elazığ Hipodromu-8,2026-09-07,8,Elazığ Hipodromu,1500.0,SAYAN BEY,AHMET HASAN BAYAR,HASAN TEKİNALP,60.0,9,0.0,50.0,50.0,50.0,50.0,100.0,0.0,0,33.0
2026-09-07-Elazığ Hipodromu-8,2026-09-07,8,Elazığ Hipodromu,1500.0,SINCERO,İSA KATAR,AHMET AKBABA,61.0,11,0.0,50.0,50.0,50.0,0.0,96.0,0.0,1,29.0
2026-09-07-Elazığ Hipodromu-8,2026-09-07,8,Elazığ Hipodromu,1500.0,SKY TURK,ABDULLAH ÇANKAYA,MEHMET ALİ SUBAY,58.0,15,100.0,100.0,50.0,50.0,100.0,92.0,0.0,1,42.0
2026-09-07-Elazığ Hipodromu-8,2026-09-07,8,Elazığ Hipodromu,1500.0,SON OFF OZAN,FERİT YARDIMCI,MEHMET ALİ SUBAY,61.0,5,0.0,50.0,50.0,50.0,50.0,96.0,0.0,0,54.0
2026-09-07-Elazığ Hipodromu-8,2026-09-07,8,Elazığ Hipodromu,1500.0,SWORD OF GOLD,YUNUS ÇELİKBAŞ,MUHAMMED BULUÇ,55.0,17,0.0,0.0,50.0,50.0,0.0,80.0,0.0,1,25.0
2026-09-07-Elazığ Hipodromu-8,2026-09-07,8,Elazığ Hipodromu,1500.0,SÜPER EFE,MEHMET TAŞKAYA,MEHMET ALTIN,58.0,12,0.0,50.0,50.0,50.0,50.0,92.0,0.0,0,47.0
2026-09-07-Elazığ Hipodromu-8,2026-09-07,8,Elazığ Hipodromu,1500.0,SÜPER ELOŞ,NECMİ ALTIN,YELİZ BAYSAL,55.0,2,0.0,50.0,50.0,50.0,0.0,80.0,0.0,1,49.0
2026-09-07-Elazığ Hipodromu-8,2026-09-07,8,Elazığ Hipodromu,1500.0,TORUNUM DEVRİM,SAMİ KAPLAN,HAKAN ATAKAYA,55.0,6,0.0,50.0,50.0,50.0,50.0,80.0,0.0,0,25.0
2026-09-07-Elazığ Hipodromu-8,2026-09-07,8,Elazığ Hipodromu,1500.0,WANG YUEN CHEN,MUSTAFA IŞIK,ERCAN ALTIN,58.0,4,0.0,50.0,50.0,50.0,50.0,92.0,0.0,0,36.0
2026-09-07-Elazığ Hipodromu-8,2026-09-07,8,Elazığ Hipodromu,1500.0,ÇEVİK DEVRANI,MEHMET DOĞAN,MUHAMMED BULUÇ,55.0,13,40.0,28.0,50.0,28.0,28.0,80.0,0.0,1,36.0
2026-09-08-Ankara 75. Yıl Hipodromu-1,2026-09-08,1,Ankara 75. Yıl Hipodromu,1400.0,BİLGÜ,MEHMET NURİ SUNKAR,CASIM KATI,55.0,7,0.0,50.0,50.0,50.0,50.0,80.0,6.18,0,0.0
2026-09-08-Ankara 75. Yıl Hipodromu-1,2026-09-08,1,Ankara 75. Yıl Hipodromu,1400.0,DENİZAĞA,BURHAN KILINÇ,KADİR TEKİNALP,57.0,1,0.0,0.0,0.0,50.0,0.0,88.0,1.81,1,17.0
2026-09-08-Ankara 75. Yıl Hipodromu-1,2026-09-08,1,Ankara 75. Yıl Hipodromu,1400.0,GÜZEL DEFNE,ERCAN ÇANKAYA,MEHMET ŞEFİK KILINÇ,57.0,9,55.0,46.0,46.0,50.0,46.0,88.0,5.37,1,26.0
2026-09-08-Ankara 75. Yıl Hipodromu-1,2026-09-08,1,Ankara 75. Yıl Hipodromu,1400.0,KARANIN OĞLU,NİZAMETTİN DEMİR,MEHMET ŞEFİK KILINÇ,57.0,10,0.0,0.0,0.0,50.0,0.0,88.0,1.67,1,13.0
2026-09-08-Ankara 75. Yıl Hipodromu-1,2026-09-08,1,Ankara 75. Yıl Hipodromu,1400.0,KIZIM SAFİR,MEHMET KESKİN,ÜMİT ARSLAN,55.0,11,0.0,0.0,0.0,50.0,0.0,80.0,0.54,1,0.0
2026-09-08-Ankara 75. Yıl Hipodromu-1,2026-09-08,1,Ankara 75. Yıl Hipodromu,1400.0,KORDONİS,SALİH ÇELİK,CUMA DEMİR,57.0,12,25.0,10.0,10.0,50.0,10.0,88.0,12.99,1,0.0
2026-09-08-Ankara 75. Yıl Hipodromu-1,2026-09-08,1,Ankara 75. Yıl Hipodromu,1400.0,MADAM DAISY,MEHMET ALİ AKGÖBEK,YUSUF CAN KARATOPRAK,57.0,2,85.0,82.0,82.0,50.0,82.0,88.0,12.41,1,34.0
2026-09-08-Ankara 75. Yıl Hipodromu-1,2026-09-08,1,Ankara 75. Yıl Hipodromu,1400.0,MENESSAL,MEHMET TAHA COŞKUN,SERHAT POLAT,52.0,13,0.0,50.0,50.0,50.0,50.0,68.0,0.63,0,16.0
2026-09-08-Ankara 75. Yıl Hipodromu-1,2026-09-08,1,Ankara 75. Yıl Hipodromu,1400.0,REYONTAY,AYHAN KURŞUN,YILMAZ TEKİNALP,57.0,6,10.0,0.0,0.0,50.0,0.0,88.0,25.4,1,25.0
2026-09-08-Ankara 75. Yıl Hipodromu-1,2026-09-08,1,Ankara 75. Yıl Hipodromu,1400.0,TALİHLİ KIZ,FATİH SULTAN MEHMET SANSAR,MEHMET ŞEFİK KILINÇ,55.0,5,40.0,28.0,28.0,50.0,28.0,80.0,8.49,1,13.0
2026-09-08-Ankara 75. Yıl Hipodromu-1,2026-09-08,1,Ankara 75. Yıl Hipodromu,1400.0,URAZ,MERT ALİ SOLMAZ,VEDAT YILDIRIM,57.0,3,0.0,0.0,0.0,0.0,0.0,88.0,12.71,1,0.0
2026-09-08-Ankara 75. Yıl Hipodromu-1,2026-09-08,1,Ankara 75. Yıl Hipodromu,1400.0,YALIN ATEŞ,HIŞMAN ÇİZİK,HÜSEYİN KARATAŞ,57.0,4,0.0,50.0,50.0,50.0,50.0,88.0,10.6,0,25.0
2026-09-08-Ankara 75. Yıl Hipodromu-1,2026-09-08,1,Ankara 75. Yıl Hipodromu,1400.0,ÇİRKİN VE GÜZEL,ROJHAT KURT,RAMAZAN KAYA,55.0,8,10.0,0.0,0.0,50.0,0.0,80.0,1.23,1,30.0
2026-09-08-Ankara 75. Yıl Hipodromu-2,2026-09-08,2,Ankara 75. Yıl Hipodromu,1500.0,ADANALI KIZ,FATİH SULTAN MEHMET SANSAR,CELAL BURAK SERİNER,55.0,4,0.0,50.0,50.0,50.0,50.0,80.0,19.84,0,74.0
2026-09-08-Ankara 75. Yıl Hipodromu-2,2026-09-08,2,Ankara 75. Yıl Hipodromu,1500.0,HIZLI GÖR,SALİH ÇELİK,MEHMET ŞEFİK KILINÇ,56.0,5,0.0,50.0,50.0,50.0,50.0,84.0,12.17,0,55.0
2026-09-08-Ankara 75. Yıl Hipodromu-2,2026-09-08,2,Ankara 75. Yıl Hipodromu,1500.0,LA COPA,NİZAMETTİN DEMİR,HÜSEYİN TEKİNALP,56.5,3,55.0,50.0,50.0,50.0,50.0,86.0,5.12,1,63.0
2026-09-08-Ankara 75. Yıl Hipodromu-2,2026-09-08,2,Ankara 75. Yıl Hipodromu,1500.0,LEADER TULIP,MEHMET KESKİN,CELAL BURAK SERİNER,53.5,1,0.0,50.0,50.0,50.0,50.0,74.0,1.41,0,38.0
2026-09-08-Ankara 75. Yıl Hipodromu-2,2026-09-08,2,Ankara 75. Yıl Hipodromu,1500.0,MAXIMAND,HIŞMAN ÇİZİK,ARZU KILIÇ,55.5,2,100.0,100.0,50.0,50.0,100.0,82.0,23.81,1,38.0
2026-09-08-Ankara 75. Yıl Hipodromu-2,2026-09-08,2,Ankara 75. Yıl Hipodromu,1500.0,MY MOON,ERCAN ÇANKAYA,ARZU KILIÇ,56.5,6,100.0,50.0,50.0,50.0,50.0,86.0,18.0,1,67.0
2026-09-08-Ankara 75. Yıl Hipodromu-2,2026-09-08,2,Ankara 75. Yıl Hipodromu,1500.0,MY ROSECEM,MERT ALİ SOLMAZ,YAKUP MİSDİK,56.5,7,10.0,0.0,50.0,50.0,50.0,86.0,0.76,1,30.0
2026-09-08-Ankara 75. Yıl Hipodromu-2,2026-09-08,2,Ankara 75. Yıl Hipodromu,1500.0,NOBLE PRINCESS,MÜSLÜM ÇELİK,KEMAL YILMAZ,54.0,8,0.0,50.0,50.0,50.0,50.0,76.0,12.46,0,71.0
2026-09-08-Ankara 75. Yıl Hipodromu-2,2026-09-08,2,Ankara 75. Yıl Hipodromu,1500.0,SAVE YOUR TEARS,MEHMET ALİ AKGÖBEK,HÜSEYİN SUNKAR,56.5,9,0.0,50.0,50.0,50.0,50.0,86.0,6.43,0,58.0
2026-09-08-Ankara 75. Yıl Hipodromu-3,2026-09-08,3,Ankara 75. Yıl Hipodromu,1500.0,ALARASİ,MÜSLÜM ÇELİK,RAMAZAN TAŞDELEN,59.0,3,0.0,50.0,50.0,50.0,50.0,96.0,7.15,0,41.0
2026-09-08-Ankara 75. Yıl Hipodromu-3,2026-09-08,3,Ankara 75. Yıl Hipodromu,1500.0,BODRUM İNCİSİ,MERT UYAR,MUSTAFA ÖZYİĞİT,51.0,8,0.0,50.0,50.0,50.0,50.0,64.0,2.11,0,39.0
2026-09-08-Ankara 75. Yıl Hipodromu-3,2026-09-08,3,Ankara 75. Yıl Hipodromu,1500.0,HAZAN SABAHI,FATİH SULTAN MEHMET SANSAR,RAMAZAN TAŞDELEN,58.0,5,0.0,50.0,50.0,50.0,50.0,92.0,3.27,0,53.0
2026-09-08-Ankara 75. Yıl Hipodromu-3,2026-09-08,3,Ankara 75. Yıl Hipodromu,1500.0,HERKÜLBEY,ÖZCAN YILDIRIM,MERT KORKMAZ,57.0,2,100.0,100.0,100.0,100.0,50.0,88.0,8.94,1,41.0
2026-09-08-Ankara 75. Yıl Hipodromu-3,2026-09-08,3,Ankara 75. Yıl Hipodromu,1500.0,OĞLUM VEFA,SALİH ÇELİK,ERGÜN ÇETİNKURT,59.0,4,100.0,100.0,100.0,100.0,100.0,96.0,4.94,1,41.0
2026-09-08-Ankara 75. Yıl Hipodromu-3,2026-09-08,3,Ankara 75. Yıl Hipodromu,1500.0,PARSIBEY,MEHMET NURİ SUNKAR,ÜMİT ARSLAN,57.0,7,40.0,28.0,28.0,50.0,28.0,88.0,4.17,1,42.0
2026-09-08-Ankara 75. Yıl Hipodromu-3,2026-09-08,3,Ankara 75. Yıl Hipodromu,1500.0,ULUALP,GÖKHAN KOCAKAYA,YILMAZ TEKİNALP,57.0,1,0.0,50.0,50.0,50.0,50.0,88.0,45.01,0,53.0
2026-09-08-Ankara 75. Yıl Hipodromu-3,2026-09-08,3,Ankara 75. Yıl Hipodromu,1500.0,UÇANEDA,ROJHAT KURT,HÜSEYİN ATAŞ,51.0,9,0.0,50.0,50.0,50.0,50.0,64.0,0.2,0,0.0
2026-09-08-Ankara 75. Yıl Hipodromu-3,2026-09-08,3,Ankara 75. Yıl Hipodromu,1500.0,İSKENDER HAN,HALİS KARATAŞ,VEDAT YILDIRIM,59.0,6,0.0,50.0,50.0,50.0,50.0,96.0,24.2,0,53.0
2026-09-08-Ankara 75. Yıl Hipodromu-4,2026-09-08,4,Ankara 75. Yıl Hipodromu,1200.0,BONITA,MEHMET KESKİN,MEHMET DEMİROL,52.0,12,0.0,50.0,50.0,50.0,50.0,68.0,0.44,0,10.0
2026-09-08-Ankara 75. Yıl Hipodromu-4,2026-09-08,4,Ankara 75. Yıl Hipodromu,1200.0,BOSKO,ROJHAT KURT,MEHMET TEKİNALP,53.5,11,0.0,50.0,50.0,50.0,50.0,74.0,0.52,0,34.0
2026-09-08-Ankara 75. Yıl Hipodromu-4,2026-09-08,4,Ankara 75. Yıl Hipodromu,1200.0,DİNAMİT KIZ,NİZAMETTİN DEMİR,ÖMER FARUK ERTUĞRUL,58.5,7,0.0,50.0,50.0,50.0,50.0,94.0,5.82,0,38.0
2026-09-08-Ankara 75. Yıl Hipodromu-4,2026-09-08,4,Ankara 75. Yıl Hipodromu,1200.0,JOYOUS GIRL,MÜCAHİT BAYIR,ERTAN ACER,56.0,4,0.0,0.0,0.0,0.0,50.0,84.0,5.21,1,33.0
2026-09-08-Ankara 75. Yıl Hipodromu-4,2026-09-08,4,Ankara 75. Yıl Hipodromu,1200.0,LALOCURA,ÖZCAN YILDIRIM,AVNİ KARAKUŞ,61.0,2,0.0,50.0,50.0,50.0,50.0,96.0,11.41,0,43.0
2026-09-08-Ankara 75. Yıl Hipodromu-4,2026-09-08,4,Ankara 75. Yıl Hipodromu,1200.0,LIBERTA MIA,FATİH SULTAN MEHMET SANSAR,TANGÜL KARAHAN,52.0,9,0.0,50.0,50.0,50.0,50.0,68.0,2.4,0,14.0
2026-09-08-Ankara 75. Yıl Hipodromu-4,2026-09-08,4,Ankara 75. Yıl Hipodromu,1200.0,SEA POWER,HIŞMAN ÇİZİK,OSMAN İPEK,58.0,5,0.0,50.0,50.0,50.0,50.0,92.0,7.84,0,30.0
2026-09-08-Ankara 75. Yıl Hipodromu-4,2026-09-08,4,Ankara 75. Yıl Hipodromu,1200.0,SIEGREICH,MEHMET KIYAK,SAVAŞ GÜRKAN,60.0,6,0.0,50.0,50.0,50.0,50.0,100.0,9.15,0,45.0
2026-09-08-Ankara 75. Yıl Hipodromu-4,2026-09-08,4,Ankara 75. Yıl Hipodromu,1200.0,SILLAGE,MERT UYAR,VEDAT YILDIRIM,58.0,1,0.0,50.0,50.0,50.0,50.0,92.0,19.68,0,43.0
2026-09-08-Ankara 75. Yıl Hipodromu-4,2026-09-08,4,Ankara 75. Yıl Hipodromu,1200.0,SIMAZE,MEHMET AKYAVUZ,HASAN YILDIRIM,61.5,3,85.0,82.0,82.0,50.0,82.0,94.0,21.2,1,37.0
2026-09-08-Ankara 75. Yıl Hipodromu-4,2026-09-08,4,Ankara 75. Yıl Hipodromu,1200.0,SYRENA,MEHMET TAHA COŞKUN,SERHAT ALTUNDAĞ,60.0,8,85.0,50.0,82.0,50.0,50.0,100.0,14.88,1,47.0
2026-09-08-Ankara 75. Yıl Hipodromu-4,2026-09-08,4,Ankara 75. Yıl Hipodromu,1200.0,VIVIR MI VIDA,MEHMET ALİ AKGÖBEK,HÜSEYİN SUNKAR,60.0,10,0.0,50.0,50.0,50.0,50.0,100.0,1.44,0,41.0
2026-09-08-Ankara 75. Yıl Hipodromu-5,2026-09-08,5,Ankara 75. Yıl Hipodromu,1400.0,ATLAS HAN,FATİH SULTAN MEHMET SANSAR,CASIM KATI,57.0,4,55.0,46.0,46.0,50.0,46.0,88.0,2.57,1,22.0
2026-09-08-Ankara 75. Yıl Hipodromu-5,2026-09-08,5,Ankara 75. Yıl Hipodromu,1400.0,BAKTAVORLİ,NİZAMETTİN DEMİR,MEHMET TEKİNALP,57.0,11,0.0,0.0,0.0,50.0,50.0,88.0,0.43,1,20.0
2026-09-08-Ankara 75. Yıl Hipodromu-5,2026-09-08,5,Ankara 75. Yıl Hipodromu,1400.0,BÜCÜRÜK AKTAŞ,MEHMET AKYAVUZ,CASIM KATI,57.0,2,55.0,46.0,46.0,50.0,50.0,88.0,5.58,1,24.0
2026-09-08-Ankara 75. Yıl Hipodromu-5,2026-09-08,5,Ankara 75. Yıl Hipodromu,1400.0,CABİREKIZIM,HIŞMAN ÇİZİK,MUSTAFA ÖZYİĞİT,57.0,1,85.0,82.0,82.0,50.0,82.0,88.0,22.96,1,35.0
2026-09-08-Ankara 75. Yıl Hipodromu-5,2026-09-08,5,Ankara 75. Yıl Hipodromu,1400.0,GÜNEY KAFKASYALI,ERCAN ÇANKAYA,HÜSEYİN SUNKAR,57.0,5,0.0,0.0,0.0,50.0,50.0,88.0,7.93,1,35.0
2026-09-08-Ankara 75. Yıl Hipodromu-5,2026-09-08,5,Ankara 75. Yıl Hipodromu,1400.0,SEVGİNUR,SALİH ÇELİK,RAMAZAN KAYA,55.0,9,55.0,50.0,46.0,50.0,46.0,80.0,0.79,1,27.0
2026-09-08-Ankara 75. Yıl Hipodromu-5,2026-09-08,5,Ankara 75. Yıl Hipodromu,1400.0,TORUN SADA,MERT UYAR,RAMAZAN KAYA,51.0,8,55.0,46.0,46.0,50.0,46.0,64.0,0.52,1,23.0
2026-09-08-Ankara 75. Yıl Hipodromu-5,2026-09-08,5,Ankara 75. Yıl Hipodromu,1400.0,URFA BEYİ,MEHMET NURİ SUNKAR,ERGÜN ÇETİNKURT,59.0,6,0.0,50.0,50.0,50.0,50.0,96.0,5.16,0,34.0
2026-09-08-Ankara 75. Yıl Hipodromu-5,2026-09-08,5,Ankara 75. Yıl Hipodromu,1400.0,UYGURKIZI,ROJHAT KURT,ERGÜN ÇETİNKURT,51.0,12,10.0,50.0,0.0,50.0,50.0,64.0,0.24,1,26.0
2026-09-08-Ankara 75. Yıl Hipodromu-5,2026-09-08,5,Ankara 75. Yıl Hipodromu,1400.0,YAYLA ÇİÇEĞİ,MEHMET ALİ AKGÖBEK,HÜSEYİN SUNKAR,55.0,10,0.0,50.0,50.0,50.0,50.0,80.0,0.89,0,27.0
2026-09-08-Ankara 75. Yıl Hipodromu-5,2026-09-08,5,Ankara 75. Yıl Hipodromu,1400.0,ZEYTİN DİBİ,MEHMET TAHA COŞKUN,RAMAZAN KAYA,52.0,7,25.0,10.0,10.0,50.0,10.0,68.0,4.16,1,24.0
2026-09-08-Ankara 75. Yıl Hipodromu-5,2026-09-08,5,Ankara 75. Yıl Hipodromu,1400.0,ÜNAL GÖZ,GÖKHAN KOCAKAYA,MEHMET ŞEFİK KILINÇ,60.0,3,85.0,82.0,82.0,50.0,82.0,100.0,48.78,1,36.0
2026-09-08-Ankara 75. Yıl Hipodromu-6,2026-09-08,6,Ankara 75. Yıl Hipodromu,1400.0,AKSU EFE,ERCAN ÇANKAYA,ABDULLAH ÇİFTÇİ,59.0,3,0.0,50.0,50.0,50.0,50.0,96.0,18.24,0,87.0
2026-09-08-Ankara 75. Yıl Hipodromu-6,2026-09-08,6,Ankara 75. Yıl Hipodromu,1400.0,ATABEYLİ,ÖZCAN YILDIRIM,ADEM GÜVEN,59.5,4,100.0,100.0,50.0,50.0,50.0,98.0,8.17,1,95.0
2026-09-08-Ankara 75. Yıl Hipodromu-6,2026-09-08,6,Ankara 75. Yıl Hipodromu,1400.0,AYSERA KIZ,MEHMET AKYAVUZ,HÜSEYİN SUNKAR,56.0,7,0.0,50.0,50.0,50.0,50.0,84.0,1.62,0,89.0
2026-09-08-Ankara 75. Yıl Hipodromu-6,2026-09-08,6,Ankara 75. Yıl Hipodromu,1400.0,DENİZ KASIRGASI,AYHAN KURŞUN,SERVET DOĞAN,58.0,1,100.0,100.0,100.0,100.0,100.0,92.0,23.13,1,90.0
2026-09-08-Ankara 75. Yıl Hipodromu-6,2026-09-08,6,Ankara 75. Yıl Hipodromu,1400.0,DORUKBATUR,GÖKHAN KOCAKAYA,CUMA DEMİR,58.0,5,0.0,50.0,50.0,50.0,50.0,92.0,21.09,0,89.0
2026-09-08-Ankara 75. Yıl Hipodromu-6,2026-09-08,6,Ankara 75. Yıl Hipodromu,1400.0,ERKŞAN,HALİS KARATAŞ,ÜMİT ARSLAN,59.5,2,55.0,46.0,50.0,50.0,46.0,98.0,15.62,1,93.0
2026-09-08-Ankara 75. Yıl Hipodromu-6,2026-09-08,6,Ankara 75. Yıl Hipodromu,1400.0,GÜRGÖKBEY,FATİH SULTAN MEHMET SANSAR,RAMAZAN TAŞDELEN,60.0,8,0.0,50.0,50.0,50.0,50.0,100.0,8.98,0,99.0
2026-09-08-Ankara 75. Yıl Hipodromu-6,2026-09-08,6,Ankara 75. Yıl Hipodromu,1400.0,SEMENDHAN,HIŞMAN ÇİZİK,ALİ ÇİZİK,58.0,6,0.0,50.0,50.0,50.0,50.0,92.0,3.14,0,85.0
2026-09-08-Ankara 75. Yıl Hipodromu-7,2026-09-08,7,Ankara 75. Yıl Hipodromu,1600.0,HEGEMONYA,GÖKHAN KOCAKAYA,CANER AKGÜL,57.0,4,100.0,100.0,100.0,100.0,100.0,88.0,0.0,1,46.0
2026-09-08-Ankara 75. Yıl Hipodromu-7,2026-09-08,7,Ankara 75. Yıl Hipodromu,1600.0,MY LITTLE BOY,HIŞMAN ÇİZİK,HÜSEYİN SUNKAR,57.0,5,0.0,50.0,50.0,50.0,50.0,88.0,0.0,0,55.0
2026-09-08-Ankara 75. Yıl Hipodromu-7,2026-09-08,7,Ankara 75. Yıl Hipodromu,1600.0,ROYAL DYNASTY,ÖZCAN YILDIRIM,OZAN BULUT,57.0,6,70.0,64.0,64.0,50.0,64.0,88.0,0.0,1,50.0
2026-09-08-Ankara 75. Yıl Hipodromu-7,2026-09-08,7,Ankara 75. Yıl Hipodromu,1600.0,SON OF DRAGON,AYHAN KURŞUN,İBRAHİM BEKİROĞULLARI,57.0,2,0.0,50.0,50.0,50.0,50.0,88.0,0.0,0,42.0
2026-09-08-Ankara 75. Yıl Hipodromu-7,2026-09-08,7,Ankara 75. Yıl Hipodromu,1600.0,VOOBAHR,ERCAN ÇANKAYA,HÜSEYİN TEKİNALP,57.0,1,0.0,50.0,50.0,50.0,50.0,88.0,0.0,0,46.0
2026-09-08-Ankara 75. Yıl Hipodromu-7,2026-09-08,7,Ankara 75. Yıl Hipodromu,1600.0,YURIBOYKA,HALİS KARATAŞ,ERTAN ACER,57.0,3,70.0,64.0,50.0,50.0,64.0,88.0,0.0,1,57.0
2026-09-08-Ankara 75. Yıl Hipodromu-8,2026-09-08,8,Ankara 75. Yıl Hipodromu,1500.0,BLACK PABLO,HALİS KARATAŞ,OSMAN GİRİŞKİN,61.0,3,0.0,50.0,50.0,50.0,50.0,96.0,0.0,0,98.0
2026-09-08-Ankara 75. Yıl Hipodromu-8,2026-09-08,8,Ankara 75. Yıl Hipodromu,1500.0,BOSTON LIGHT,HIŞMAN ÇİZİK,YILMAZ ARİ,58.0,6,0.0,50.0,50.0,50.0,50.0,92.0,0.0,0,89.0
2026-09-08-Ankara 75. Yıl Hipodromu-8,2026-09-08,8,Ankara 75. Yıl Hipodromu,1500.0,GÖRKEM KAPTAN,AYHAN KURŞUN,KAMİL ARDA,60.0,2,0.0,50.0,50.0,50.0,50.0,100.0,0.0,0,97.0
2026-09-08-Ankara 75. Yıl Hipodromu-8,2026-09-08,8,Ankara 75. Yıl Hipodromu,1500.0,GÜÇLÜ TÜRK,SALİH ÇELİK,YILMAZ ARİ,60.0,5,0.0,50.0,50.0,50.0,50.0,100.0,0.0,0,89.0
2026-09-08-Ankara 75. Yıl Hipodromu-8,2026-09-08,8,Ankara 75. Yıl Hipodromu,1500.0,HOOD RIVER,ÖZCAN YILDIRIM,İSMET AKKILIÇ,63.0,7,0.0,50.0,50.0,50.0,50.0,88.0,0.0,0,94.0
2026-09-08-Ankara 75. Yıl Hipodromu-8,2026-09-08,8,Ankara 75. Yıl Hipodromu,1500.0,NIGHTFLYERS,GÖKHAN KOCAKAYA,VEDAT YILDIRIM,60.0,4,0.0,50.0,50.0,50.0,50.0,100.0,0.0,0,89.0
2026-09-08-Ankara 75. Yıl Hipodromu-8,2026-09-08,8,Ankara 75. Yıl Hipodromu,1500.0,ZAGROS RÜZGARI,MEHMET AKYAVUZ,ERDAL AKYAVUZ,60.5,1,55.0,46.0,46.0,46.0,46.0,98.0,0.0,1,89.0
2026-09-08-Ankara 75. Yıl Hipodromu-9,2026-09-08,9,Ankara 75. Yıl Hipodromu,1400.0,AKÇALIKIZ,MERT ALİ SOLMAZ,AYKUT ECEVİT BAŞ,55.0,12,0.0,50.0,50.0,50.0,50.0,80.0,0.0,0,26.0
2026-09-08-Ankara 75. Yıl Hipodromu-9,2026-09-08,9,Ankara 75. Yıl Hipodromu,1400.0,ARKANBERK,MÜSLÜM ÇELİK,SERHAT POLAT,59.0,2,0.0,50.0,50.0,50.0,50.0,96.0,0.0,0,35.0
2026-09-08-Ankara 75. Yıl Hipodromu-9,2026-09-08,9,Ankara 75. Yıl Hipodromu,1400.0,ARKAZGÜLÜ,ROJHAT KURT,RAMAZAN KAYA,51.0,7,0.0,0.0,0.0,0.0,0.0,64.0,0.0,1,23.0
2026-09-08-Ankara 75. Yıl Hipodromu-9,2026-09-08,9,Ankara 75. Yıl Hipodromu,1400.0,ATAERİ,MEHMET ALİ AKGÖBEK,CASIM KATI,57.0,6,85.0,82.0,82.0,50.0,82.0,88.0,0.0,1,29.0
2026-09-08-Ankara 75. Yıl Hipodromu-9,2026-09-08,9,Ankara 75. Yıl Hipodromu,1400.0,ATEŞİZİ,ERCAN ÇANKAYA,HÜSEYİN SUNKAR,57.0,5,70.0,64.0,64.0,64.0,50.0,88.0,0.0,1,26.0
2026-09-08-Ankara 75. Yıl Hipodromu-9,2026-09-08,9,Ankara 75. Yıl Hipodromu,1400.0,BAHAR ATEŞİ,NİZAMETTİN DEMİR,ERGÜN ÇETİNKURT,55.0,8,10.0,0.0,0.0,50.0,0.0,80.0,0.0,1,0.0
2026-09-08-Ankara 75. Yıl Hipodromu-9,2026-09-08,9,Ankara 75. Yıl Hipodromu,1400.0,BÜYÜK PEHLİVAN,ÖZCAN YILDIRIM,MUSTAFA ÖZYİĞİT,57.0,11,70.0,64.0,64.0,50.0,50.0,88.0,0.0,1,31.0
2026-09-08-Ankara 75. Yıl Hipodromu-9,2026-09-08,9,Ankara 75. Yıl Hipodromu,1400.0,GÜNEŞMİLA,MEHMET TAHA COŞKUN,RAMAZAN KAYA,60.0,3,55.0,46.0,46.0,50.0,46.0,100.0,0.0,1,36.0
2026-09-08-Ankara 75. Yıl Hipodromu-9,2026-09-08,9,Ankara 75. Yıl Hipodromu,1400.0,KATI CANAN,İSMAİL KATI,CASIM KATI,55.0,10,0.0,50.0,50.0,50.0,50.0,80.0,0.0,0,0.0
2026-09-08-Ankara 75. Yıl Hipodromu-9,2026-09-08,9,Ankara 75. Yıl Hipodromu,1400.0,KOYUNEVİ ASLANI,FATİH SULTAN MEHMET SANSAR,KÜBRA ŞENTÜRK,57.0,9,0.0,50.0,50.0,50.0,50.0,88.0,0.0,0,0.0
2026-09-08-Ankara 75. Yıl Hipodromu-9,2026-09-08,9,Ankara 75. Yıl Hipodromu,1400.0,MERCAN ANA,MEHMET KESKİN,RAMAZAN TAŞDELEN,55.0,13,0.0,50.0,50.0,50.0,50.0,80.0,0.0,0,0.0
2026-09-08-Ankara 75. Yıl Hipodromu-9,2026-09-08,9,Ankara 75. Yıl Hipodromu,1400.0,SEVERBEY,SALİH ÇELİK,RAMAZAN KAYA,57.0,4,0.0,0.0,0.0,50.0,0.0,88.0,0.0,1,11.0
2026-09-08-Ankara 75. Yıl Hipodromu-9,2026-09-08,9,Ankara 75. Yıl Hipodromu,1400.0,ÇÖL KASIRGASI,MEHMET NURİ SUNKAR,YILMAZ TEKİNALP,57.0,1,70.0,64.0,64.0,50.0,50.0,88.0,0.0,1,31.0
2026-09-08-Kocaeli Kartepe Hipodromu-1,2026-09-08,1,Kocaeli Kartepe Hipodromu,1900.0,BAHRİYELİ ÇİKOK,TOLGA YILDIZ,TUNCAY ATEŞ,61.0,2,10.0,50.0,50.0,0.0,0.0,96.0,7.72,1,47.0
2026-09-08-Kocaeli Kartepe Hipodromu-1,2026-09-08,1,Kocaeli Kartepe Hipodromu,1900.0,HAMMERWICH,YİĞİTCAN GÖKÇE,GALİP KILIÇ,57.5,7,10.0,0.0,0.0,50.0,0.0,90.0,3.07,1,44.0
2026-09-08-Kocaeli Kartepe Hipodromu-1,2026-09-08,1,Kocaeli Kartepe Hipodromu,1900.0,KING MAHİR,ALİ YILDIZ,YILMAZ ÖZTAŞ,58.0,3,0.0,50.0,50.0,50.0,50.0,92.0,15.73,0,41.0
2026-09-08-Kocaeli Kartepe Hipodromu-1,2026-09-08,1,Kocaeli Kartepe Hipodromu,1900.0,LADY CLASSMAN,RECEP KETME,REŞAT KILIÇ,56.0,6,55.0,46.0,50.0,50.0,46.0,84.0,6.32,1,41.0
2026-09-08-Kocaeli Kartepe Hipodromu-1,2026-09-08,1,Kocaeli Kartepe Hipodromu,1900.0,LAKE EAGLE,EFE AKPINAR,FERDİ KIRAN,59.0,5,100.0,50.0,100.0,50.0,100.0,96.0,26.78,1,49.0
2026-09-08-Kocaeli Kartepe Hipodromu-1,2026-09-08,1,Kocaeli Kartepe Hipodromu,1900.0,VENUS DOOM,NEVZAT AVCİ,ERGÜN USLU,60.0,1,0.0,50.0,50.0,50.0,50.0,100.0,27.41,0,45.0
2026-09-08-Kocaeli Kartepe Hipodromu-1,2026-09-08,1,Kocaeli Kartepe Hipodromu,1900.0,YILMAKENAN,MUHAMMED MİR BİLGİN,EKREM TURAN,57.0,4,0.0,50.0,50.0,50.0,50.0,88.0,10.01,0,39.0
2026-09-08-Kocaeli Kartepe Hipodromu-2,2026-09-08,2,Kocaeli Kartepe Hipodromu,1200.0,AURELIA BLITZ,CEM ALTUN,AHMET MANTAŞ,55.0,2,100.0,100.0,100.0,100.0,100.0,80.0,11.22,1,37.0
2026-09-08-Kocaeli Kartepe Hipodromu-2,2026-09-08,2,Kocaeli Kartepe Hipodromu,1200.0,DRAGON FURIOUS,BURAK AKÇAY,NİHAT KAYA,54.0,4,10.0,0.0,50.0,0.0,0.0,76.0,2.02,1,30.0
2026-09-08-Kocaeli Kartepe Hipodromu-2,2026-09-08,2,Kocaeli Kartepe Hipodromu,1200.0,FORTISSIMO,MUHAMMED MİR BİLGİN,SERGEN GÖKÇE,59.0,1,0.0,50.0,50.0,50.0,50.0,96.0,67.16,0,40.0
2026-09-08-Kocaeli Kartepe Hipodromu-2,2026-09-08,2,Kocaeli Kartepe Hipodromu,1200.0,KOCA ÖMER,CANER TEPE,TURGAY ATAÇ,56.0,6,25.0,10.0,50.0,50.0,10.0,84.0,2.02,1,23.0
2026-09-08-Kocaeli Kartepe Hipodromu-2,2026-09-08,2,Kocaeli Kartepe Hipodromu,1200.0,NEBULA STAR,RECEP KETME,TURGAY ÇEKİCİ,52.0,5,0.0,0.0,0.0,50.0,0.0,68.0,1.78,1,31.0
2026-09-08-Kocaeli Kartepe Hipodromu-2,2026-09-08,2,Kocaeli Kartepe Hipodromu,1200.0,RAZENOID,ALİ YILDIZ,MURAT AKKILIÇ,60.0,3,0.0,50.0,50.0,50.0,50.0,100.0,7.14,0,38.0
2026-09-08-Kocaeli Kartepe Hipodromu-2,2026-09-08,2,Kocaeli Kartepe Hipodromu,1200.0,TEMERARIO,YİĞİTCAN GÖKÇE,MÜSLÜM DOLAK,56.0,8,0.0,50.0,50.0,50.0,50.0,84.0,4.63,0,30.0
2026-09-08-Kocaeli Kartepe Hipodromu-2,2026-09-08,2,Kocaeli Kartepe Hipodromu,1200.0,TORANAGA,ADEM ASLAN,HÜSEYİN KARABULUT,54.0,7,0.0,50.0,50.0,50.0,50.0,76.0,4.02,0,0.0
2026-09-08-Kocaeli Kartepe Hipodromu-3,2026-09-08,3,Kocaeli Kartepe Hipodromu,1900.0,AYBAR FIRTINASI,BEKİR MERT MIRIK,EKREM ÇİLEK,57.0,8,40.0,50.0,28.0,50.0,28.0,88.0,3.93,1,51.0
2026-09-08-Kocaeli Kartepe Hipodromu-3,2026-09-08,3,Kocaeli Kartepe Hipodromu,1900.0,AĞUSTOS AHMET,ERHAN AKKAYA,SERHAT ÖNDER,55.0,7,85.0,82.0,50.0,82.0,82.0,80.0,14.86,1,86.0
2026-09-08-Kocaeli Kartepe Hipodromu-3,2026-09-08,3,Kocaeli Kartepe Hipodromu,1900.0,CORSARO,MUHAMMED MİR BİLGİN,AHMET AKBULUT,60.0,1,0.0,50.0,50.0,50.0,50.0,100.0,31.17,0,90.0
2026-09-08-Kocaeli Kartepe Hipodromu-3,2026-09-08,3,Kocaeli Kartepe Hipodromu,1900.0,MR MONK,MEHMET KAYA,HÜSEYİN KARABULUT,60.0,4,0.0,50.0,50.0,50.0,50.0,100.0,24.26,0,87.0
2026-09-08-Kocaeli Kartepe Hipodromu-3,2026-09-08,3,Kocaeli Kartepe Hipodromu,1900.0,RÜZGAR UĞUR,GÖRKEM ÖZÇELİK,MEHMET DAŞ,57.0,6,55.0,46.0,50.0,50.0,46.0,88.0,7.95,1,80.0
2026-09-08-Kocaeli Kartepe Hipodromu-3,2026-09-08,3,Kocaeli Kartepe Hipodromu,1900.0,STASERA,BURAK AKÇAY,ABDULLAH AVCI,56.0,3,0.0,50.0,50.0,50.0,50.0,84.0,4.81,0,77.0
2026-09-08-Kocaeli Kartepe Hipodromu-3,2026-09-08,3,Kocaeli Kartepe Hipodromu,1900.0,TIZONA,ONUR YILDIZ,HÜSEYİN KARABULUT,60.0,2,0.0,50.0,50.0,50.0,50.0,100.0,12.14,0,72.0
2026-09-08-Kocaeli Kartepe Hipodromu-3,2026-09-08,3,Kocaeli Kartepe Hipodromu,1900.0,ÇAVDARLI,SERCAN TIRPAN,SERHAT ÖNDER,56.0,5,25.0,10.0,50.0,10.0,10.0,84.0,0.89,1,52.0
2026-09-08-Kocaeli Kartepe Hipodromu-4,2026-09-08,4,Kocaeli Kartepe Hipodromu,1400.0,ALL THE STARS,TOLGA YILDIZ,YUSUF UÇAR,57.0,4,85.0,82.0,82.0,82.0,50.0,88.0,21.06,1,31.0
2026-09-08-Kocaeli Kartepe Hipodromu-4,2026-09-08,4,Kocaeli Kartepe Hipodromu,1400.0,MAGIC SURPRISE,NEVZAT AVCİ,BATUHAN TURGUL,57.0,2,40.0,28.0,28.0,50.0,50.0,88.0,16.39,1,27.0
2026-09-08-Kocaeli Kartepe Hipodromu-4,2026-09-08,4,Kocaeli Kartepe Hipodromu,1400.0,MULHOLLAND DRIVE,MUHAMMED MİR BİLGİN,BATUHAN TURGUL,57.0,1,0.0,50.0,50.0,50.0,50.0,88.0,13.5,0,0.0
2026-09-08-Kocaeli Kartepe Hipodromu-4,2026-09-08,4,Kocaeli Kartepe Hipodromu,1400.0,NOBIL BIGTIME,AKIN SÖZEN,NURHAN BAKIR,57.0,3,70.0,64.0,64.0,50.0,64.0,88.0,14.21,1,0.0
2026-09-08-Kocaeli Kartepe Hipodromu-4,2026-09-08,4,Kocaeli Kartepe Hipodromu,1400.0,PILLOW DANCE,ALİ YILDIZ,UĞUR TEMUÇİN,57.0,8,0.0,50.0,50.0,50.0,50.0,88.0,16.02,0,0.0
2026-09-08-Kocaeli Kartepe Hipodromu-4,2026-09-08,4,Kocaeli Kartepe Hipodromu,1400.0,SHADEFALL,MEHMET KAYA,ŞEVVAL ŞİMAL DEMİR,57.0,6,10.0,0.0,0.0,50.0,50.0,88.0,5.0,1,0.0
2026-09-08-Kocaeli Kartepe Hipodromu-4,2026-09-08,4,Kocaeli Kartepe Hipodromu,1400.0,STEEL HUNTER,BEKİR MERT MIRIK,ÖMER FARUK TAŞDELEN,57.0,7,0.0,0.0,0.0,50.0,0.0,88.0,2.61,1,0.0
2026-09-08-Kocaeli Kartepe Hipodromu-4,2026-09-08,4,Kocaeli Kartepe Hipodromu,1400.0,TERRAFERMA,BURAK AKÇAY,ABDULLAH AVCI,57.0,5,0.0,50.0,50.0,50.0,50.0,88.0,4.04,0,0.0
2026-09-08-Kocaeli Kartepe Hipodromu-4,2026-09-08,4,Kocaeli Kartepe Hipodromu,1400.0,ÇİKOK POWER,RÜZGAR YILDIZ,TUNCAY ATEŞ,53.0,9,0.0,50.0,50.0,50.0,50.0,72.0,2.5,0,0.0
2026-09-08-Kocaeli Kartepe Hipodromu-5,2026-09-08,5,Kocaeli Kartepe Hipodromu,1400.0,BARBOOM,AKIN SÖZEN,İHSAN AKMEŞE,56.0,3,70.0,50.0,50.0,50.0,50.0,84.0,34.83,1,50.0
2026-09-08-Kocaeli Kartepe Hipodromu-5,2026-09-08,5,Kocaeli Kartepe Hipodromu,1400.0,EMERY,NEVZAT AVCİ,DERYA ERGİN,55.0,11,0.0,50.0,0.0,50.0,50.0,80.0,2.94,1,29.0
2026-09-08-Kocaeli Kartepe Hipodromu-5,2026-09-08,5,Kocaeli Kartepe Hipodromu,1400.0,ERULİNA,KADİR TOKAÇOĞLU,MAHMUT BAYKARA,58.0,7,0.0,50.0,50.0,50.0,50.0,92.0,10.62,0,50.0
2026-09-08-Kocaeli Kartepe Hipodromu-5,2026-09-08,5,Kocaeli Kartepe Hipodromu,1400.0,KAYLA MARLA,GÖRKEM ÖZÇELİK,ATA ÖZKAN,60.0,6,0.0,0.0,0.0,50.0,0.0,100.0,5.06,1,38.0
2026-09-08-Kocaeli Kartepe Hipodromu-5,2026-09-08,5,Kocaeli Kartepe Hipodromu,1400.0,KINOWA GIRL,ALİ YILDIZ,GÜLŞAH TAŞDELEN,58.0,12,0.0,0.0,0.0,50.0,0.0,92.0,2.85,1,34.0
2026-09-08-Kocaeli Kartepe Hipodromu-5,2026-09-08,5,Kocaeli Kartepe Hipodromu,1400.0,MANNARA,RECEP KETME,TURGAY ATAÇ,52.0,10,0.0,50.0,50.0,50.0,50.0,68.0,2.02,0,29.0
2026-09-08-Kocaeli Kartepe Hipodromu-5,2026-09-08,5,Kocaeli Kartepe Hipodromu,1400.0,MISS CALIFORNIA,BERKANT GÖKÇE,SABRİ BEKTAŞ,58.0,2,0.0,50.0,50.0,50.0,50.0,92.0,4.65,0,40.0
2026-09-08-Kocaeli Kartepe Hipodromu-5,2026-09-08,5,Kocaeli Kartepe Hipodromu,1400.0,MUCİZE SERENAY,EFE AKPINAR,ALİ RIZA YILDIZ,55.0,9,0.0,50.0,50.0,50.0,50.0,80.0,0.58,0,0.0
2026-09-08-Kocaeli Kartepe Hipodromu-5,2026-09-08,5,Kocaeli Kartepe Hipodromu,1400.0,QUİEREME,ADEM CEYLAN,GÜLŞAH TAŞDELEN,58.0,8,0.0,50.0,50.0,50.0,50.0,92.0,0.47,0,27.0
2026-09-08-Kocaeli Kartepe Hipodromu-5,2026-09-08,5,Kocaeli Kartepe Hipodromu,1400.0,SELLYGIRL,CEM ALTUN,AHMET MANTAŞ,58.0,4,0.0,50.0,50.0,50.0,50.0,92.0,11.98,0,38.0
2026-09-08-Kocaeli Kartepe Hipodromu-5,2026-09-08,5,Kocaeli Kartepe Hipodromu,1400.0,SHENRON,MUHAMMED MİR BİLGİN,ÖMER GÜNELİ,58.0,1,25.0,10.0,10.0,50.0,10.0,92.0,19.13,1,50.0
2026-09-08-Kocaeli Kartepe Hipodromu-5,2026-09-08,5,Kocaeli Kartepe Hipodromu,1400.0,YEŞİL İNCİ,BURAK AKÇAY,HASAN ALTUNBAŞ,55.0,13,0.0,0.0,0.0,50.0,50.0,80.0,0.6,1,37.0
2026-09-08-Kocaeli Kartepe Hipodromu-5,2026-09-08,5,Kocaeli Kartepe Hipodromu,1400.0,ŞEKERKIZ,SERCAN TIRPAN,FERDİ KIRAN,58.0,5,55.0,50.0,50.0,46.0,46.0,92.0,4.28,1,37.0
2026-09-08-Kocaeli Kartepe Hipodromu-6,2026-09-08,6,Kocaeli Kartepe Hipodromu,2000.0,AVCI OĞLUM,EFE AKPINAR,TURGAY ÇEKİCİ,60.0,9,70.0,50.0,50.0,50.0,64.0,100.0,2.04,1,82.0
2026-09-08-Kocaeli Kartepe Hipodromu-6,2026-09-08,6,Kocaeli Kartepe Hipodromu,2000.0,BEYAZIŞIK,MEHMET SALİH ÇELİK,YUSUF UÇAR,60.0,3,0.0,50.0,50.0,50.0,50.0,100.0,25.25,0,107.0
2026-09-08-Kocaeli Kartepe Hipodromu-6,2026-09-08,6,Kocaeli Kartepe Hipodromu,2000.0,CEVAHİRKAN,FESİH ÇETİNBAŞ,MÜSLÜM DOLAK,57.5,4,40.0,50.0,50.0,50.0,28.0,90.0,2.23,1,92.0
2026-09-08-Kocaeli Kartepe Hipodromu-6,2026-09-08,6,Kocaeli Kartepe Hipodromu,2000.0,KAYAFATİH,NEVZAT AVCİ,HÜSEYİN KAYA,60.0,2,40.0,50.0,50.0,50.0,28.0,100.0,5.35,1,101.0
2026-09-08-Kocaeli Kartepe Hipodromu-6,2026-09-08,6,Kocaeli Kartepe Hipodromu,2000.0,KUMBEY,AKIN SÖZEN,UĞUR KULAK,60.0,5,0.0,50.0,50.0,50.0,50.0,100.0,16.27,0,106.0
2026-09-08-Kocaeli Kartepe Hipodromu-6,2026-09-08,6,Kocaeli Kartepe Hipodromu,2000.0,NUSRET OĞLU,ERTUĞRUL CANKILIÇ,MEHMET ALİ CANPOLATLI,57.5,8,85.0,50.0,82.0,50.0,82.0,90.0,6.31,2,95.0
2026-09-08-Kocaeli Kartepe Hipodromu-6,2026-09-08,6,Kocaeli Kartepe Hipodromu,2000.0,ORÇUNTAY,GÖRKEM ÖZÇELİK,MEHMET DAŞ,60.0,6,70.0,64.0,64.0,50.0,64.0,100.0,1.81,1,86.0
2026-09-08-Kocaeli Kartepe Hipodromu-6,2026-09-08,6,Kocaeli Kartepe Hipodromu,2000.0,SON İZCİ,SELİM KAYA,OKTAY DEMİR,57.5,7,0.0,50.0,50.0,50.0,50.0,90.0,11.53,0,94.0
2026-09-08-Kocaeli Kartepe Hipodromu-6,2026-09-08,6,Kocaeli Kartepe Hipodromu,2000.0,TAŞKENT,VEDAT ABİŞ,FAHRETTİN GEZİCİ,60.0,1,0.0,50.0,50.0,50.0,50.0,100.0,29.2,0,107.0
2026-09-08-Kocaeli Kartepe Hipodromu-7,2026-09-08,7,Kocaeli Kartepe Hipodromu,1400.0,ALTINBORA,SELİM KAYA,ÇETİN ARSLAN,60.0,2,0.0,50.0,50.0,50.0,50.0,100.0,0.0,0,67.0
2026-09-08-Kocaeli Kartepe Hipodromu-7,2026-09-08,7,Kocaeli Kartepe Hipodromu,1400.0,DADAKBEY,NEVZAT AVCİ,YUSUF AKBULUT,58.0,5,0.0,50.0,50.0,50.0,50.0,92.0,0.0,0,66.0
2026-09-08-Kocaeli Kartepe Hipodromu-7,2026-09-08,7,Kocaeli Kartepe Hipodromu,1400.0,ERBAŞKAN,MUHAMMED MİR BİLGİN,YILMAZ AKKUŞ,57.0,1,0.0,50.0,50.0,50.0,50.0,88.0,0.0,0,57.0
2026-09-08-Kocaeli Kartepe Hipodromu-7,2026-09-08,7,Kocaeli Kartepe Hipodromu,1400.0,MUTLU BAHAR,ALİ YILDIZ,AHMET KAPLAN,55.0,4,0.0,50.0,50.0,50.0,50.0,80.0,0.0,0,62.0
2026-09-08-Kocaeli Kartepe Hipodromu-7,2026-09-08,7,Kocaeli Kartepe Hipodromu,1400.0,SALGUR,MEHMET KAYA,ŞEVVAL ŞİMAL DEMİR,57.0,6,0.0,50.0,50.0,50.0,50.0,88.0,0.0,0,51.0
2026-09-08-Kocaeli Kartepe Hipodromu-7,2026-09-08,7,Kocaeli Kartepe Hipodromu,1400.0,TEYZEOĞLU,BURAK AKÇAY,EMRE KESKİN,53.0,8,70.0,64.0,64.0,50.0,64.0,72.0,0.0,1,27.0
2026-09-08-Kocaeli Kartepe Hipodromu-7,2026-09-08,7,Kocaeli Kartepe Hipodromu,1400.0,URASEFE,KADİR TOKAÇOĞLU,MELEK ÖZGÜL,54.0,7,85.0,82.0,82.0,82.0,82.0,76.0,0.0,1,43.0
2026-09-08-Kocaeli Kartepe Hipodromu-7,2026-09-08,7,Kocaeli Kartepe Hipodromu,1400.0,YÜKENOĞLU,VEDAT ABİŞ,YUSUF UÇAR,57.0,3,0.0,50.0,50.0,50.0,50.0,88.0,0.0,0,74.0
2026-09-08-Kocaeli Kartepe Hipodromu-8,2026-09-08,8,Kocaeli Kartepe Hipodromu,1400.0,BRAVE HERA,BEKİR MERT MIRIK,NURHAN BAKIR,57.0,8,0.0,50.0,50.0,50.0,50.0,88.0,0.0,0,0.0
2026-09-08-Kocaeli Kartepe Hipodromu-8,2026-09-08,8,Kocaeli Kartepe Hipodromu,1400.0,GENERAL FEMALE,GÖRKEM ÖZÇELİK,İSMAİL ÇEÇAN,57.0,3,0.0,50.0,0.0,50.0,50.0,88.0,0.0,1,27.0
2026-09-08-Kocaeli Kartepe Hipodromu-8,2026-09-08,8,Kocaeli Kartepe Hipodromu,1400.0,LA SAGRADA,BURAK AKÇAY,HASAN DOLMAZ,57.0,9,0.0,50.0,50.0,50.0,50.0,88.0,0.0,0,0.0
2026-09-08-Kocaeli Kartepe Hipodromu-8,2026-09-08,8,Kocaeli Kartepe Hipodromu,1400.0,NINJA QUEEN,AKIN SÖZEN,CEMİL TURAN,57.0,5,55.0,46.0,46.0,50.0,46.0,88.0,0.0,1,24.0
2026-09-08-Kocaeli Kartepe Hipodromu-8,2026-09-08,8,Kocaeli Kartepe Hipodromu,1400.0,SILA ALEYNA,TOLGA YILDIZ,TUNCAY ATEŞ,59.0,2,85.0,50.0,82.0,82.0,82.0,96.0,0.0,1,0.0
2026-09-08-Kocaeli Kartepe Hipodromu-8,2026-09-08,8,Kocaeli Kartepe Hipodromu,1400.0,SINISTRA DERMAN,MEHMET KAYA,HASAN ALTUNBAŞ,57.0,4,0.0,50.0,50.0,50.0,50.0,88.0,0.0,0,0.0
2026-09-08-Kocaeli Kartepe Hipodromu-8,2026-09-08,8,Kocaeli Kartepe Hipodromu,1400.0,SOUL OF MINE,ALİ YILDIZ,ADNAN POLAT,57.0,6,0.0,50.0,50.0,50.0,50.0,88.0,0.0,0,30.0
2026-09-08-Kocaeli Kartepe Hipodromu-8,2026-09-08,8,Kocaeli Kartepe Hipodromu,1400.0,SUPINATOR,BERKANT GÖKÇE,HASAN DOLMAZ,54.0,7,0.0,50.0,50.0,50.0,50.0,76.0,0.0,0,0.0
2026-09-08-Kocaeli Kartepe Hipodromu-8,2026-09-08,8,Kocaeli Kartepe Hipodromu,1400.0,TODAY IS A GIFT,EFE AKPINAR,AHMET MANTAŞ,57.0,1,70.0,64.0,64.0,50.0,64.0,88.0,0.0,1,31.0
2026-09-08-Kocaeli Kartepe Hipodromu-9,2026-09-08,9,Kocaeli Kartepe Hipodromu,2000.0,AFŞARBEY,UĞUR LEVENT,NİHAT YILDIRIM,52.0,8,0.0,50.0,50.0,50.0,50.0,68.0,0.0,0,34.0
2026-09-08-Kocaeli Kartepe Hipodromu-9,2026-09-08,9,Kocaeli Kartepe Hipodromu,2000.0,BUDABEŞTE GÜLÜ,RECEP KETME,YUSUF ÇANKAYA,52.0,13,0.0,50.0,50.0,50.0,50.0,68.0,0.0,0,47.0
2026-09-08-Kocaeli Kartepe Hipodromu-9,2026-09-08,9,Kocaeli Kartepe Hipodromu,2000.0,Bİ ANKA,ADEM ASLAN,TURGAY ÇEKİCİ,52.5,1,100.0,100.0,100.0,100.0,100.0,70.0,0.0,1,44.0
2026-09-08-Kocaeli Kartepe Hipodromu-9,2026-09-08,9,Kocaeli Kartepe Hipodromu,2000.0,CAYMAZBEY,DENİZ BUDAK,TURGAY ÇEKİCİ,51.0,11,0.0,50.0,50.0,50.0,50.0,64.0,0.0,0,16.0
2026-09-08-Kocaeli Kartepe Hipodromu-9,2026-09-08,9,Kocaeli Kartepe Hipodromu,2000.0,ERSELEFE,YİĞİTCAN GÖKÇE,NİHAT KAYA,54.0,7,40.0,50.0,50.0,28.0,50.0,76.0,0.0,1,51.0
2026-09-08-Kocaeli Kartepe Hipodromu-9,2026-09-08,9,Kocaeli Kartepe Hipodromu,2000.0,GÜMBÜR ŞAH,ONUR YILDIZ,MİKAİL ALTIN,56.5,9,70.0,50.0,50.0,50.0,50.0,86.0,0.0,1,52.0
2026-09-08-Kocaeli Kartepe Hipodromu-9,2026-09-08,9,Kocaeli Kartepe Hipodromu,2000.0,KURUÇAY,AHMET EFEKAN ELMAS,TEKİN BİRİCİK,53.5,5,85.0,82.0,82.0,82.0,82.0,74.0,0.0,2,47.0
2026-09-08-Kocaeli Kartepe Hipodromu-9,2026-09-08,9,Kocaeli Kartepe Hipodromu,2000.0,KURUŞUN GÜCÜ,NEVZAT AVCİ,HÜSEYİN KARABULUT,52.0,3,55.0,50.0,50.0,46.0,46.0,68.0,0.0,1,43.0
2026-09-08-Kocaeli Kartepe Hipodromu-9,2026-09-08,9,Kocaeli Kartepe Hipodromu,2000.0,MANDAR ABBAS,SERHAT ÇELİK,İSMAİL EROL KURAL,57.5,12,0.0,50.0,50.0,50.0,50.0,90.0,0.0,0,55.0
2026-09-08-Kocaeli Kartepe Hipodromu-9,2026-09-08,9,Kocaeli Kartepe Hipodromu,2000.0,ODABAŞI,HÜSEYİN TURAN,ADNAN POLAT,59.0,4,70.0,64.0,50.0,50.0,50.0,96.0,0.0,1,58.0
2026-09-08-Kocaeli Kartepe Hipodromu-9,2026-09-08,9,Kocaeli Kartepe Hipodromu,2000.0,SAFDERUN OĞLU,MEHMET KAYA,SALİH BAYDAN,63.0,6,0.0,50.0,50.0,50.0,50.0,88.0,0.0,0,60.0
2026-09-08-Kocaeli Kartepe Hipodromu-9,2026-09-08,9,Kocaeli Kartepe Hipodromu,2000.0,SEMENDİN GÜCÜ,BURAK AKÇAY,TURGAY ÇEKİCİ,57.5,2,20.0,28.0,0.0,50.0,14.0,90.0,0.0,2,49.0
2026-09-08-Kocaeli Kartepe Hipodromu-9,2026-09-08,9,Kocaeli Kartepe Hipodromu,2000.0,TUTMAÇ,GÖKHAN BEKTAŞ,MURAT AKKILIÇ,52.0,10,0.0,50.0,50.0,50.0,50.0,68.0,0.0,0,40.0
2026-09-08-Kocaeli Kartepe Hipodromu-9,2026-09-08,9,Kocaeli Kartepe Hipodromu,2000.0,ŞANLI ANKA,EFE AKPINAR,KAZIM ŞENGEL,56.5,14,0.0,50.0,50.0,50.0,50.0,86.0,0.0,0,47.0
2026-09-09-Elazığ Hipodromu-1,2026-09-09,1,Elazığ Hipodromu,1200.0,ALGHABRA,AZİZ AKDEMİR,SALİH BECENE,55.0,7,10.0,0.0,0.0,50.0,50.0,80.0,4.42,1,14.0
2026-09-09-Elazığ Hipodromu-1,2026-09-09,1,Elazığ Hipodromu,1200.0,ATAKAYA HÜKÜMDARI,ABDULLAH ÇANKAYA,HAKAN ATAKAYA,57.0,4,20.0,14.0,28.0,50.0,14.0,88.0,2.77,2,14.0
2026-09-09-Elazığ Hipodromu-1,2026-09-09,1,Elazığ Hipodromu,1200.0,ELİFİN IŞIĞI,HÜSEYİN ALTUNKILIÇ,RAMAZAN BARMAN,57.0,1,85.0,82.0,82.0,82.0,82.0,88.0,16.65,1,27.0
2026-09-09-Elazığ Hipodromu-1,2026-09-09,1,Elazığ Hipodromu,1200.0,FATMA ŞAH,ÇETİN CANPOLAT,MEHMET KAYA,54.0,6,0.0,0.0,0.0,50.0,50.0,76.0,1.09,1,0.0
2026-09-09-Elazığ Hipodromu-1,2026-09-09,1,Elazığ Hipodromu,1200.0,KİNG BEDİRHAN,MUHAMMED BARAN ÇAKMAK,RAMAZAN BARMAN,54.0,8,32.5,23.0,0.0,50.0,46.0,76.0,6.6,2,14.0
2026-09-09-Elazığ Hipodromu-1,2026-09-09,1,Elazığ Hipodromu,1200.0,MAVİ DAMLA,SAMİ KAPLAN,HAKAN ATAKAYA,55.0,9,0.0,0.0,0.0,50.0,50.0,80.0,0.74,1,7.0
2026-09-09-Elazığ Hipodromu-1,2026-09-09,1,Elazığ Hipodromu,1200.0,MİRAÇHAT,AHMET HASAN BAYAR,MEHMET ALİ SUBAY,57.0,5,0.0,50.0,0.0,0.0,0.0,88.0,2.14,1,6.0
2026-09-09-Elazığ Hipodromu-1,2026-09-09,1,Elazığ Hipodromu,1200.0,MİRZACAN,NECMİ ALTIN,RAMAZAN BARMAN,57.0,3,47.5,41.0,0.0,41.0,41.0,88.0,22.91,2,24.0
2026-09-09-Elazığ Hipodromu-1,2026-09-09,1,Elazığ Hipodromu,1200.0,SEYYARETAY,MEHMET ALİ AKTÜRK,ESER YILDIRIM,55.0,2,55.0,46.0,46.0,46.0,46.0,80.0,22.15,1,15.0
2026-09-09-Elazığ Hipodromu-1,2026-09-09,1,Elazığ Hipodromu,1200.0,URFA KAPLANI,YUNUS ÇELİKBAŞ,MEHMET KAYA,57.0,10,10.0,50.0,0.0,50.0,50.0,88.0,8.25,1,26.0
2026-09-09-Elazığ Hipodromu-2,2026-09-09,2,Elazığ Hipodromu,1200.0,ALPERİN KIZI,MEHMET DOĞAN,FİGEN BAKIR,57.0,2,10.0,0.0,0.0,50.0,0.0,88.0,11.75,1,31.0
2026-09-09-Elazığ Hipodromu-2,2026-09-09,2,Elazığ Hipodromu,1200.0,BERNAMCAN,YUSUF CENGİZ,MEHMET KAYA,57.0,3,0.0,50.0,50.0,50.0,50.0,88.0,6.88,0,32.0
2026-09-09-Elazığ Hipodromu-2,2026-09-09,2,Elazığ Hipodromu,1200.0,EMİNÖNÜ,MEHMET TAŞKAYA,HAKAN ATAKAYA,56.0,5,0.0,50.0,50.0,50.0,50.0,84.0,12.06,0,0.0
2026-09-09-Elazığ Hipodromu-2,2026-09-09,2,Elazığ Hipodromu,1200.0,GODDESS OF BEAUTY,FERİT YARDIMCI,VELİ ÇİZİK,57.0,4,70.0,64.0,64.0,50.0,64.0,88.0,22.3,1,31.0
2026-09-09-Elazığ Hipodromu-2,2026-09-09,2,Elazığ Hipodromu,1200.0,KING RHAEGAL,AZİZ AKDEMİR,SALİH BECENE,57.0,1,25.0,10.0,10.0,50.0,10.0,88.0,21.03,1,32.0
2026-09-09-Elazığ Hipodromu-2,2026-09-09,2,Elazığ Hipodromu,1200.0,KUMSAL STAR,MUSTAFA IŞIK,ELİF AÇMAZ,55.0,6,100.0,50.0,100.0,100.0,100.0,80.0,25.98,1,34.0
2026-09-09-Elazığ Hipodromu-3,2026-09-09,3,Elazığ Hipodromu,1500.0,BİRÇETİN,HÜSEYİN ALTUNKILIÇ,ARİF IŞIK,56.5,11,10.0,0.0,50.0,0.0,0.0,86.0,9.83,1,84.0
2026-09-09-Elazığ Hipodromu-3,2026-09-09,3,Elazığ Hipodromu,1500.0,BİTİRİM SEDA,YUNUS ÇELİKBAŞ,İBRAHİM ATMACA,55.0,7,27.5,23.0,50.0,0.0,23.0,80.0,4.01,2,56.0
2026-09-09-Elazığ Hipodromu-3,2026-09-09,3,Elazığ Hipodromu,1500.0,KARA KORSAN,AZİZ AKDEMİR,ERCAN ALTIN,61.5,2,85.0,82.0,50.0,82.0,82.0,94.0,13.78,1,76.0
2026-09-09-Elazığ Hipodromu-3,2026-09-09,3,Elazığ Hipodromu,1500.0,KILIÇBAĞI,MEHMET DOĞAN,EYYÜP YARDIMCI,61.5,6,12.5,5.0,50.0,50.0,5.0,94.0,2.62,2,60.0
2026-09-09-Elazığ Hipodromu-3,2026-09-09,3,Elazığ Hipodromu,1500.0,MELİHTAY,FERİT YARDIMCI,SİNEM BAKIR,56.5,5,40.0,28.0,50.0,50.0,50.0,86.0,12.09,2,71.0
2026-09-09-Elazığ Hipodromu-3,2026-09-09,3,Elazığ Hipodromu,1500.0,MESTAN BEY,ABDULLAH ÇANKAYA,EYYÜP YARDIMCI,61.0,4,25.0,10.0,50.0,50.0,10.0,96.0,2.38,1,46.0
2026-09-09-Elazığ Hipodromu-3,2026-09-09,3,Elazığ Hipodromu,1500.0,MUCİZE HAN,NECMİ ALTIN,BAHATTİN DEMİRKAPU,56.5,8,0.0,50.0,50.0,50.0,50.0,86.0,7.68,0,97.0
2026-09-09-Elazığ Hipodromu-3,2026-09-09,3,Elazığ Hipodromu,1500.0,QUATRO,SAMİ KAPLAN,TUĞRUL TAHTA,61.5,10,0.0,0.0,50.0,50.0,50.0,94.0,2.81,1,59.0
2026-09-09-Elazığ Hipodromu-3,2026-09-09,3,Elazığ Hipodromu,1500.0,YAĞIZALP,YUSUF CENGİZ,İBRAHİM ATMACA,62.5,1,0.0,0.0,50.0,50.0,0.0,90.0,3.98,1,80.0
2026-09-09-Elazığ Hipodromu-3,2026-09-09,3,Elazığ Hipodromu,1500.0,YOLKIRAN,MUHAMMED BARAN ÇAKMAK,MEHMET ALTIN,58.5,12,0.0,0.0,50.0,50.0,0.0,94.0,3.84,2,58.0
2026-09-09-Elazığ Hipodromu-3,2026-09-09,3,Elazığ Hipodromu,1500.0,ÇELİK SEMEND,İSA KATAR,İBRAHİM ATMACA,59.5,9,0.0,50.0,50.0,50.0,50.0,98.0,2.53,0,60.0
2026-09-09-Elazığ Hipodromu-3,2026-09-09,3,Elazığ Hipodromu,1500.0,ÖZAYDIN,MEHMET ALİ AKTÜRK,MEHMET KAYA,56.5,3,85.0,82.0,50.0,82.0,82.0,86.0,34.45,1,95.0
2026-09-09-Elazığ Hipodromu-4,2026-09-09,4,Elazığ Hipodromu,1200.0,ADANALI DEMİR,AZİZ AKDEMİR,İBRAHİM ATMACA,57.0,5,32.5,19.0,28.0,28.0,19.0,88.0,16.19,2,25.0
2026-09-09-Elazığ Hipodromu-4,2026-09-09,4,Elazığ Hipodromu,1200.0,ALİYE ANA,ABDULLAH ÇANKAYA,EYYÜP YARDIMCI,57.0,3,35.0,32.0,32.0,64.0,32.0,88.0,9.95,2,23.0
2026-09-09-Elazığ Hipodromu-4,2026-09-09,4,Elazığ Hipodromu,1200.0,AĞCILKIZI,ÇETİN CANPOLAT,SÜLEYMAN KARAKEÇİLİ,54.0,10,0.0,50.0,50.0,50.0,50.0,76.0,5.4,0,0.0
2026-09-09-Elazığ Hipodromu-4,2026-09-09,4,Elazığ Hipodromu,1200.0,FIRATHAN AĞASI,YUSUF CENGİZ,MEHMET KAYA,57.0,9,70.0,50.0,64.0,50.0,64.0,88.0,20.98,1,21.0
2026-09-09-Elazığ Hipodromu-4,2026-09-09,4,Elazığ Hipodromu,1200.0,GÖNLÜMDE KUTUP,MUSTAFA IŞIK,SİNEM BAKIR,55.0,11,0.0,0.0,0.0,50.0,0.0,80.0,1.15,1,9.0
2026-09-09-Elazığ Hipodromu-4,2026-09-09,4,Elazığ Hipodromu,1200.0,GÜLPAŞA,NECMİ ALTIN,BAHATTİN DEMİRKAPU,57.0,4,40.0,28.0,10.0,50.0,28.0,88.0,11.49,2,16.0
2026-09-09-Elazığ Hipodromu-4,2026-09-09,4,Elazığ Hipodromu,1200.0,KOĞUN SESİ,HÜSEYİN ALTUNKILIÇ,ARİF IŞIK,55.0,6,0.0,0.0,0.0,50.0,0.0,80.0,1.66,2,10.0
2026-09-09-Elazığ Hipodromu-4,2026-09-09,4,Elazığ Hipodromu,1200.0,MİR ATHENA,MEHMET ALİ AKTÜRK,FATİH EMİR AKIL,55.0,1,0.0,0.0,0.0,50.0,0.0,80.0,3.14,1,0.0
2026-09-09-Elazığ Hipodromu-4,2026-09-09,4,Elazığ Hipodromu,1200.0,RECEPPAŞA,İSA KATAR,MEHMET ALİ SUBAY,57.0,2,70.0,64.0,64.0,64.0,64.0,88.0,19.21,2,22.0
2026-09-09-Elazığ Hipodromu-4,2026-09-09,4,Elazığ Hipodromu,1200.0,RÜZGAR DELİSİ,SAMİ KAPLAN,ERCAN ALTIN,57.0,7,5.0,0.0,0.0,0.0,0.0,88.0,6.47,2,7.0
2026-09-09-Elazığ Hipodromu-4,2026-09-09,4,Elazığ Hipodromu,1200.0,YAĞMUR ECE,MUHAMMED BARAN ÇAKMAK,FİGEN BAKIR,53.0,8,0.0,0.0,0.0,50.0,0.0,72.0,4.37,1,19.0
2026-09-09-Elazığ Hipodromu-5,2026-09-09,5,Elazığ Hipodromu,1600.0,AL BENZE,MEHMET DOĞAN,MAHMUT DOĞAN,56.0,1,0.0,50.0,50.0,50.0,50.0,84.0,51.76,0,76.0
2026-09-09-Elazığ Hipodromu-5,2026-09-09,5,Elazığ Hipodromu,1600.0,BERATKIZ,MUSTAFA IŞIK,İBRAHİM ATMACA,58.0,13,0.0,50.0,50.0,50.0,50.0,92.0,4.83,0,71.0
2026-09-09-Elazığ Hipodromu-5,2026-09-09,5,Elazığ Hipodromu,1600.0,BERHAN BEYLİ,AHMET HASAN BAYAR,MEHMET ALİ SUBAY,58.0,4,0.0,50.0,50.0,50.0,50.0,92.0,3.48,0,62.0
2026-09-09-Elazığ Hipodromu-5,2026-09-09,5,Elazığ Hipodromu,1600.0,BİÇERROZA,FERİT YARDIMCI,BAHATTİN DEMİRKAPU,55.0,11,62.5,55.0,55.0,50.0,55.0,80.0,6.65,2,52.0
2026-09-09-Elazığ Hipodromu-5,2026-09-09,5,Elazığ Hipodromu,1600.0,ESSANCAR,AZİZ AKDEMİR,HAKAN ATAKAYA,58.0,10,0.0,50.0,50.0,50.0,50.0,92.0,4.48,0,71.0
2026-09-09-Elazığ Hipodromu-5,2026-09-09,5,Elazığ Hipodromu,1600.0,HİSARLI KIZ,ÇETİN CANPOLAT,İBRAHİM ATMACA,53.0,9,0.0,50.0,50.0,50.0,50.0,72.0,0.34,0,22.0
2026-09-09-Elazığ Hipodromu-5,2026-09-09,5,Elazığ Hipodromu,1600.0,KESKİN KAAN,MUHAMMED BARAN ÇAKMAK,ESER YILDIRIM,54.0,14,0.0,50.0,50.0,50.0,50.0,76.0,1.78,0,34.0
2026-09-09-Elazığ Hipodromu-5,2026-09-09,5,Elazığ Hipodromu,1600.0,KOCA SABRİ,YUSUF CENGİZ,HAKAN ATAKAYA,58.0,2,85.0,82.0,82.0,82.0,82.0,92.0,6.83,1,61.0
2026-09-09-Elazığ Hipodromu-5,2026-09-09,5,Elazığ Hipodromu,1600.0,NEVALÇİÇEĞİ,MEHMET ALİ AKTÜRK,HAKAN ATAKAYA,56.0,7,40.0,28.0,50.0,50.0,50.0,84.0,1.45,1,58.0
2026-09-09-Elazığ Hipodromu-5,2026-09-09,5,Elazığ Hipodromu,1600.0,SAVT,HÜSEYİN ALTUNKILIÇ,ARİF IŞIK,56.0,5,0.0,0.0,50.0,50.0,0.0,84.0,4.81,1,68.0
2026-09-09-Elazığ Hipodromu-5,2026-09-09,5,Elazığ Hipodromu,1600.0,SEYRANTAY,MEHMET EMİN DOĞAN,MAHMUT DOĞAN,55.0,6,0.0,50.0,50.0,50.0,50.0,80.0,1.82,0,56.0
2026-09-09-Elazığ Hipodromu-5,2026-09-09,5,Elazığ Hipodromu,1600.0,TURBOKOLİK,YUNUS ÇELİKBAŞ,ARİF IŞIK,56.0,12,55.0,46.0,50.0,50.0,46.0,84.0,1.17,1,29.0
2026-09-09-Elazığ Hipodromu-5,2026-09-09,5,Elazığ Hipodromu,1600.0,UMUDUM DENİZ,İSA KATAR,FATİH EMİR AKIL,58.0,8,0.0,50.0,50.0,50.0,50.0,92.0,2.65,0,51.0
2026-09-09-Elazığ Hipodromu-5,2026-09-09,5,Elazığ Hipodromu,1600.0,ŞAHKAYA,NECMİ ALTIN,MUHAMMED BULUÇ,61.0,3,85.0,82.0,82.0,50.0,82.0,96.0,7.96,1,58.0
2026-09-09-Elazığ Hipodromu-6,2026-09-09,6,Elazığ Hipodromu,1200.0,BİLDENBİR,İSA KATAR,SÜLEYMAN KARAKEÇİLİ,57.0,3,100.0,100.0,100.0,100.0,100.0,88.0,12.02,1,30.0
2026-09-09-Elazığ Hipodromu-6,2026-09-09,6,Elazığ Hipodromu,1200.0,BİLGİNURKIZI,AZİZ AKDEMİR,SALİH BECENE,57.0,4,85.0,82.0,82.0,50.0,82.0,88.0,18.67,1,33.0
2026-09-09-Elazığ Hipodromu-6,2026-09-09,6,Elazığ Hipodromu,1200.0,GÖNÜL KALESİ,YUSUF CENGİZ,MEHMET ALİ SUBAY,57.0,2,10.0,0.0,0.0,50.0,0.0,88.0,5.7,1,32.0
2026-09-09-Elazığ Hipodromu-6,2026-09-09,6,Elazığ Hipodromu,1200.0,KAVİM,NECMİ ALTIN,ERCAN ALTIN,57.0,1,70.0,50.0,64.0,64.0,64.0,88.0,28.0,1,33.0
2026-09-09-Elazığ Hipodromu-6,2026-09-09,6,Elazığ Hipodromu,1200.0,NARLIGÖL,ABDULLAH ÇANKAYA,İBRAHİM ATMACA,55.0,5,0.0,0.0,0.0,50.0,0.0,80.0,6.34,1,36.0
2026-09-09-Elazığ Hipodromu-6,2026-09-09,6,Elazığ Hipodromu,1200.0,RENKLİ GÜZEL,SAMİ KAPLAN,MEHMET ALİ SUBAY,55.0,7,100.0,100.0,100.0,100.0,100.0,80.0,21.62,1,34.0
2026-09-09-Elazığ Hipodromu-6,2026-09-09,6,Elazığ Hipodromu,1200.0,ŞİRİNHAT,MAHMUT ÜNLÜ,MEHMET ASLAN,60.0,6,40.0,28.0,28.0,50.0,28.0,100.0,7.65,2,30.0
2026-09-09-Elazığ Hipodromu-7,2026-09-09,7,Elazığ Hipodromu,1200.0,ATEŞATAR,AZİZ AKDEMİR,ZEKERİYA AKDEMİR,57.0,10,85.0,82.0,82.0,82.0,82.0,88.0,0.0,1,25.0
2026-09-09-Elazığ Hipodromu-7,2026-09-09,7,Elazığ Hipodromu,1200.0,EFSANE YILMAZ,MEHMET ALİ AKTÜRK,HAKAN ATAKAYA,57.0,4,62.5,55.0,46.0,55.0,55.0,88.0,0.0,2,21.0
2026-09-09-Elazığ Hipodromu-7,2026-09-09,7,Elazığ Hipodromu,1200.0,EMOŞUN KIZI,YUNUS ÇELİKBAŞ,ARİF IŞIK,55.0,8,40.0,28.0,28.0,28.0,28.0,80.0,0.0,2,19.0
2026-09-09-Elazığ Hipodromu-7,2026-09-09,7,Elazığ Hipodromu,1200.0,KAHRAMAN,YUSUF CENGİZ,HAKAN ATAKAYA,57.0,6,0.0,0.0,0.0,50.0,0.0,88.0,0.0,1,10.0
2026-09-09-Elazığ Hipodromu-7,2026-09-09,7,Elazığ Hipodromu,1200.0,MISRADA,MUHAMMED BARAN ÇAKMAK,HAKAN ATAKAYA,53.0,11,12.5,5.0,5.0,50.0,5.0,72.0,0.0,2,8.0
2026-09-09-Elazığ Hipodromu-7,2026-09-09,7,Elazığ Hipodromu,1200.0,TOPRAK ÇİÇEĞİ,NECMİ ALTIN,SALİH BECENE,55.0,9,40.0,28.0,28.0,50.0,50.0,80.0,0.0,1,15.0
2026-09-09-Elazığ Hipodromu-7,2026-09-09,7,Elazığ Hipodromu,1200.0,YAZ MELTEMİ,FERİT YARDIMCI,EYYÜP YARDIMCI,57.0,3,77.5,73.0,73.0,82.0,73.0,88.0,0.0,2,25.0
2026-09-09-Elazığ Hipodromu-7,2026-09-09,7,Elazığ Hipodromu,1200.0,ÇEÇAN BEY,MUSTAFA IŞIK,MUHAMMED BULUÇ,57.0,5,0.0,50.0,50.0,50.0,50.0,88.0,0.0,0,9.0
2026-09-09-Elazığ Hipodromu-7,2026-09-09,7,Elazığ Hipodromu,1200.0,ÖZGÜRAK,MEHMET DOĞAN,İBRAHİM ATMACA,57.0,2,40.0,28.0,50.0,50.0,28.0,88.0,0.0,1,24.0
2026-09-09-Elazığ Hipodromu-7,2026-09-09,7,Elazığ Hipodromu,1200.0,ÖZTÜRK PINARI,ABDULLAH ÇANKAYA,SÜLEYMAN KARAKEÇİLİ,58.0,1,85.0,82.0,82.0,82.0,82.0,92.0,0.0,2,27.0
2026-09-09-Elazığ Hipodromu-7,2026-09-09,7,Elazığ Hipodromu,1200.0,ŞAH TUNALI,HÜSEYİN ALTUNKILIÇ,HAKAN ATAKAYA,57.0,7,12.5,5.0,0.0,10.0,10.0,88.0,0.0,2,21.0
2026-09-09-Elazığ Hipodromu-8,2026-09-09,8,Elazığ Hipodromu,1900.0,BALDUR,MEHMET TAŞKAYA,SÜLEYMAN KARAKEÇİLİ,61.5,11,0.0,50.0,50.0,50.0,50.0,94.0,0.0,0,61.0
2026-09-09-Elazığ Hipodromu-8,2026-09-09,8,Elazığ Hipodromu,1900.0,INFORMACTION,AZİZ AKDEMİR,ZEKERİYA AKDEMİR,57.5,1,55.0,46.0,46.0,46.0,46.0,90.0,0.0,1,53.0
2026-09-09-Elazığ Hipodromu-8,2026-09-09,8,Elazığ Hipodromu,1900.0,IRISH MILLIONS,NECMİ ALTIN,MEHMET KAZİM ÇİZİK,59.5,9,0.0,50.0,0.0,50.0,50.0,98.0,0.0,1,57.0
2026-09-09-Elazığ Hipodromu-8,2026-09-09,8,Elazığ Hipodromu,1900.0,JUNIOR CURA,HÜSEYİN ALTUNKILIÇ,SALİH BECENE,59.0,2,0.0,50.0,50.0,50.0,50.0,96.0,0.0,0,56.0
2026-09-09-Elazığ Hipodromu-8,2026-09-09,8,Elazığ Hipodromu,1900.0,MELİS HANIM,MEHMET DOĞAN,MUHAMMED BULUÇ,58.0,5,25.0,14.0,14.0,28.0,14.0,92.0,0.0,2,54.0
2026-09-09-Elazığ Hipodromu-8,2026-09-09,8,Elazığ Hipodromu,1900.0,ROYAL WARRIOR,FERİT YARDIMCI,ZEKERİYA AKDEMİR,55.5,6,70.0,64.0,64.0,64.0,64.0,82.0,0.0,1,56.0
2026-09-09-Elazığ Hipodromu-8,2026-09-09,8,Elazığ Hipodromu,1900.0,SAKLIKAPI,AHMET HASAN BAYAR,TUĞRUL TAHTA,54.0,3,0.0,0.0,0.0,50.0,0.0,76.0,0.0,1,46.0
2026-09-09-Elazığ Hipodromu-8,2026-09-09,8,Elazığ Hipodromu,1900.0,SIDNEY SHOW,YUSUF CENGİZ,ERCAN ALTIN,58.5,8,100.0,100.0,50.0,50.0,100.0,94.0,0.0,1,55.0
2026-09-09-Elazığ Hipodromu-8,2026-09-09,8,Elazığ Hipodromu,1900.0,TALENTED HERO,MUHAMMED BARAN ÇAKMAK,RAMAZAN BARMAN,53.0,10,0.0,0.0,0.0,50.0,0.0,72.0,0.0,1,44.0
2026-09-09-Elazığ Hipodromu-8,2026-09-09,8,Elazığ Hipodromu,1900.0,UNCHARTERED,SAMİ KAPLAN,ZEKERİYA AKDEMİR,52.5,4,0.0,50.0,50.0,50.0,50.0,70.0,0.0,0,50.0
2026-09-09-Elazığ Hipodromu-8,2026-09-09,8,Elazığ Hipodromu,1900.0,VERMİTHRAX,İSA KATAR,ERCAN ALTIN,62.0,7,10.0,0.0,0.0,50.0,0.0,92.0,0.0,1,62.0
2026-09-10-Ankara 75. Yıl Hipodromu-1,2026-09-10,1,Ankara 75. Yıl Hipodromu,1000.0,ASPENDİP,SALİH ÇELİK,SAVAŞ GÜRKAN,55.5,1,0.0,50.0,50.0,50.0,50.0,82.0,52.54,0,60.0
2026-09-10-Ankara 75. Yıl Hipodromu-1,2026-09-10,1,Ankara 75. Yıl Hipodromu,1000.0,BABY GASSAL,SAMETCAN YAZICIOĞLU,AYKUT ECEVİT BAŞ,52.0,9,0.0,50.0,50.0,50.0,50.0,68.0,0.62,0,37.0
2026-09-10-Ankara 75. Yıl Hipodromu-1,2026-09-10,1,Ankara 75. Yıl Hipodromu,1000.0,BALABAN SÜMBÜLÜ,ROJHAT KURT,MELEK ÖZGÜL,52.0,5,12.5,50.0,5.0,50.0,5.0,68.0,1.71,2,37.0
2026-09-10-Ankara 75. Yıl Hipodromu-1,2026-09-10,1,Ankara 75. Yıl Hipodromu,1000.0,DEJAME,ERTUĞRUL CANKILIÇ,HÜSEYİN SUNKAR,60.0,6,20.0,14.0,50.0,50.0,50.0,100.0,12.49,2,73.0
2026-09-10-Ankara 75. Yıl Hipodromu-1,2026-09-10,1,Ankara 75. Yıl Hipodromu,1000.0,KIZIL ORMAN,ERAY ÇİZİK,ERDAL AKYAVUZ,52.0,3,0.0,50.0,50.0,50.0,50.0,68.0,14.31,0,49.0
2026-09-10-Ankara 75. Yıl Hipodromu-1,2026-09-10,1,Ankara 75. Yıl Hipodromu,1000.0,QUEEN AZRA,MÜCAHİT BAYIR,HÜSEYİN TEKİNALP,50.0,2,0.0,50.0,50.0,50.0,50.0,60.0,4.61,0,41.0
2026-09-10-Ankara 75. Yıl Hipodromu-1,2026-09-10,1,Ankara 75. Yıl Hipodromu,1000.0,SIRRIN BEYİ,MEHMET TAHA COŞKUN,MEHMET DEMİROL,52.0,8,0.0,50.0,50.0,50.0,50.0,68.0,1.02,0,38.0
2026-09-10-Ankara 75. Yıl Hipodromu-1,2026-09-10,1,Ankara 75. Yıl Hipodromu,1000.0,SPEEDTAIL,MEHMET ALİ AKGÖBEK,HÜSEYİN SUNKAR,57.0,4,0.0,0.0,50.0,50.0,50.0,88.0,5.97,1,63.0
2026-09-10-Ankara 75. Yıl Hipodromu-1,2026-09-10,1,Ankara 75. Yıl Hipodromu,1000.0,TARCAN BABA,MEHMET KESKİN,HÜSEYİN ATAŞ,52.5,7,0.0,50.0,50.0,50.0,50.0,70.0,6.73,0,54.0
2026-09-10-Ankara 75. Yıl Hipodromu-2,2026-09-10,2,Ankara 75. Yıl Hipodromu,1400.0,AFAMIA,MEHMET AKYAVUZ,MUHAMMED AKYAVUZ,57.0,1,70.0,50.0,64.0,50.0,64.0,88.0,28.86,1,34.0
2026-09-10-Ankara 75. Yıl Hipodromu-2,2026-09-10,2,Ankara 75. Yıl Hipodromu,1400.0,KUKULA,MEHMET SALİH ÇELİK,MUHAMMED AKYAVUZ,57.0,7,85.0,50.0,82.0,50.0,82.0,88.0,5.94,1,0.0
2026-09-10-Ankara 75. Yıl Hipodromu-2,2026-09-10,2,Ankara 75. Yıl Hipodromu,1400.0,MEYDAN OKU,HIŞMAN ÇİZİK,MEHMET TEKİNALP,59.0,3,0.0,50.0,50.0,50.0,50.0,96.0,26.98,0,33.0
2026-09-10-Ankara 75. Yıl Hipodromu-2,2026-09-10,2,Ankara 75. Yıl Hipodromu,1400.0,MY BLACK BOY,MÜSLÜM ÇELİK,KENAN KORKMAZ,57.0,5,0.0,50.0,50.0,50.0,50.0,88.0,12.6,0,18.0
2026-09-10-Ankara 75. Yıl Hipodromu-2,2026-09-10,2,Ankara 75. Yıl Hipodromu,1400.0,OSMAN HAN,ERTUĞRUL CANKILIÇ,YILMAZ TEKİNALP,54.0,8,0.0,0.0,0.0,50.0,50.0,76.0,2.48,1,0.0
2026-09-10-Ankara 75. Yıl Hipodromu-2,2026-09-10,2,Ankara 75. Yıl Hipodromu,1400.0,OY YARE,ROJHAT KURT,MEHMET TEKİNALP,55.0,4,0.0,50.0,50.0,50.0,50.0,80.0,1.42,0,30.0
2026-09-10-Ankara 75. Yıl Hipodromu-2,2026-09-10,2,Ankara 75. Yıl Hipodromu,1400.0,REGISTA,MERT GÖKALP ARSLAN,İSMAİL ÇEÇAN,57.0,6,0.0,50.0,50.0,50.0,50.0,88.0,3.15,0,0.0
2026-09-10-Ankara 75. Yıl Hipodromu-2,2026-09-10,2,Ankara 75. Yıl Hipodromu,1400.0,YONAGUNI,ERCAN ÇANKAYA,HÜSEYİN SUNKAR,59.0,2,0.0,50.0,50.0,50.0,50.0,96.0,18.58,0,37.0
2026-09-10-Ankara 75. Yıl Hipodromu-3,2026-09-10,3,Ankara 75. Yıl Hipodromu,1500.0,ENDER ŞOVALYE,ERTUĞRUL CANKILIÇ,KENAN KORKMAZ,55.5,1,55.0,46.0,50.0,50.0,46.0,82.0,54.37,1,39.0
2026-09-10-Ankara 75. Yıl Hipodromu-3,2026-09-10,3,Ankara 75. Yıl Hipodromu,1500.0,HEVSELİM,MEHMET TAHA COŞKUN,RAMAZAN KAYA,54.5,6,25.0,50.0,10.0,50.0,50.0,78.0,1.54,1,39.0
2026-09-10-Ankara 75. Yıl Hipodromu-3,2026-09-10,3,Ankara 75. Yıl Hipodromu,1500.0,KARA ALEV,ROJHAT KURT,RAMAZAN KAYA,53.5,3,55.0,50.0,46.0,46.0,50.0,74.0,5.88,1,37.0
2026-09-10-Ankara 75. Yıl Hipodromu-3,2026-09-10,3,Ankara 75. Yıl Hipodromu,1500.0,KIZIL ARYA,MERT GÖKALP ARSLAN,ÖMER FARUK ERTUĞRUL,56.5,4,100.0,100.0,100.0,50.0,100.0,86.0,9.8,1,37.0
2026-09-10-Ankara 75. Yıl Hipodromu-3,2026-09-10,3,Ankara 75. Yıl Hipodromu,1500.0,PERGA,ERCAN ÇANKAYA,MELEK ÖZGÜL,58.0,2,70.0,50.0,64.0,50.0,64.0,92.0,21.24,1,40.0
2026-09-10-Ankara 75. Yıl Hipodromu-3,2026-09-10,3,Ankara 75. Yıl Hipodromu,1500.0,TİGRİS RÜZGARI,ERAY ÇİZİK,RACİ ATLI,54.0,8,0.0,50.0,50.0,50.0,50.0,76.0,4.15,0,32.0
2026-09-10-Ankara 75. Yıl Hipodromu-3,2026-09-10,3,Ankara 75. Yıl Hipodromu,1500.0,ÖZBEK PRENSESİ,MEHMET NURİ SUNKAR,MEHMET DEMİROL,54.5,7,0.0,0.0,0.0,0.0,0.0,78.0,1.59,1,33.0
2026-09-10-Ankara 75. Yıl Hipodromu-3,2026-09-10,3,Ankara 75. Yıl Hipodromu,1500.0,ŞEKER İNCİ,SERHAT ÇELİK,RAMAZAN KAYA,53.0,5,0.0,50.0,50.0,50.0,50.0,72.0,1.44,0,36.0
2026-09-10-Ankara 75. Yıl Hipodromu-4,2026-09-10,4,Ankara 75. Yıl Hipodromu,2400.0,ATILIMBEYİ,EREN KADİRLER,HAKAN DEMİRBAŞ,61.0,10,85.0,50.0,50.0,50.0,82.0,96.0,14.14,1,91.0
2026-09-10-Ankara 75. Yıl Hipodromu-4,2026-09-10,4,Ankara 75. Yıl Hipodromu,2400.0,DENİZ SAVAŞI,GÖKHAN KOCAKAYA,KEMAL YILMAZ,55.5,2,0.0,50.0,50.0,50.0,50.0,82.0,25.54,0,82.0
2026-09-10-Ankara 75. Yıl Hipodromu-4,2026-09-10,4,Ankara 75. Yıl Hipodromu,2400.0,HABBE,MEHMET KESKİN,HASAN YILDIRIM,55.5,1,0.0,50.0,50.0,50.0,50.0,82.0,11.51,0,76.0
2026-09-10-Ankara 75. Yıl Hipodromu-4,2026-09-10,4,Ankara 75. Yıl Hipodromu,2400.0,HIZLI EREN,VEDAT ABİŞ,FERDİ KIRAN,57.5,8,100.0,50.0,50.0,50.0,100.0,90.0,12.0,1,86.0
2026-09-10-Ankara 75. Yıl Hipodromu-4,2026-09-10,4,Ankara 75. Yıl Hipodromu,2400.0,KASAP ENDER,ERTUĞRUL CANKILIÇ,RAMAZAN TAŞDELEN,55.5,7,0.0,50.0,50.0,50.0,50.0,82.0,4.01,0,80.0
2026-09-10-Ankara 75. Yıl Hipodromu-4,2026-09-10,4,Ankara 75. Yıl Hipodromu,2400.0,LOSTRA,MÜSLÜM ÇELİK,KEMAL YILMAZ,52.0,3,0.0,50.0,50.0,50.0,50.0,68.0,12.09,0,66.0
2026-09-10-Ankara 75. Yıl Hipodromu-4,2026-09-10,4,Ankara 75. Yıl Hipodromu,2400.0,METİNCİM,AYHAN KURŞUN,MEHMET AKKUŞ,59.0,6,0.0,50.0,50.0,50.0,50.0,96.0,7.49,0,89.0
2026-09-10-Ankara 75. Yıl Hipodromu-4,2026-09-10,4,Ankara 75. Yıl Hipodromu,2400.0,MOTOR,MEHMET TAHA COŞKUN,MEHMET ŞEFİK KILINÇ,58.5,5,0.0,50.0,50.0,50.0,50.0,94.0,4.48,0,88.0
2026-09-10-Ankara 75. Yıl Hipodromu-4,2026-09-10,4,Ankara 75. Yıl Hipodromu,2400.0,SAADIN KASIRGASI,HIŞMAN ÇİZİK,MEHMET TEKİNALP,59.5,4,0.0,50.0,50.0,50.0,50.0,98.0,4.99,0,84.0
2026-09-10-Ankara 75. Yıl Hipodromu-4,2026-09-10,4,Ankara 75. Yıl Hipodromu,2400.0,ŞAFAK BEY,ERAY ÇİZİK,SERHAT POLAT,56.5,9,40.0,50.0,50.0,50.0,28.0,86.0,3.75,1,78.0
2026-09-10-Ankara 75. Yıl Hipodromu-5,2026-09-10,5,Ankara 75. Yıl Hipodromu,1400.0,ANGEL OF DEFNE,HIŞMAN ÇİZİK,KENAN KORKMAZ,58.0,5,0.0,50.0,50.0,50.0,50.0,92.0,4.05,0,70.0
2026-09-10-Ankara 75. Yıl Hipodromu-5,2026-09-10,5,Ankara 75. Yıl Hipodromu,1400.0,DOLCE MARE,ERAY ÇİZİK,KADİR BALTACI,55.0,2,0.0,50.0,50.0,50.0,50.0,80.0,6.77,0,53.0
2026-09-10-Ankara 75. Yıl Hipodromu-5,2026-09-10,5,Ankara 75. Yıl Hipodromu,1400.0,GOOD WIEW GLORY,ERCAN ÇANKAYA,MUSTAFA ÖZYİĞİT,61.0,4,0.0,50.0,50.0,50.0,50.0,96.0,22.65,0,82.0
2026-09-10-Ankara 75. Yıl Hipodromu-5,2026-09-10,5,Ankara 75. Yıl Hipodromu,1400.0,MISFIT,VEDAT ABİŞ,İSMET TEKİNALP,56.0,7,0.0,50.0,50.0,50.0,50.0,84.0,14.61,0,67.0
2026-09-10-Ankara 75. Yıl Hipodromu-5,2026-09-10,5,Ankara 75. Yıl Hipodromu,1400.0,ROSAS DEL ROSEDAL,MEHMET ALİ AKGÖBEK,HÜSEYİN SUNKAR,55.0,6,25.0,14.0,28.0,0.0,0.0,80.0,2.15,2,63.0
2026-09-10-Ankara 75. Yıl Hipodromu-5,2026-09-10,5,Ankara 75. Yıl Hipodromu,1400.0,TATÇAĞ,AYHAN KURŞUN,TOLGA SÜSLÜ,58.0,1,0.0,50.0,50.0,50.0,50.0,92.0,28.48,0,72.0
2026-09-10-Ankara 75. Yıl Hipodromu-5,2026-09-10,5,Ankara 75. Yıl Hipodromu,1400.0,TIZ A BELLA,SELİM KAYA,YAKUP AKKILIÇ,61.0,3,0.0,50.0,50.0,50.0,50.0,96.0,18.96,0,80.0
2026-09-10-Ankara 75. Yıl Hipodromu-5,2026-09-10,5,Ankara 75. Yıl Hipodromu,1400.0,ZEYREK,MEHMET AKYAVUZ,HASAN YILDIRIM,55.0,8,0.0,50.0,50.0,50.0,50.0,80.0,2.32,0,56.0
2026-09-10-Ankara 75. Yıl Hipodromu-6,2026-09-10,6,Ankara 75. Yıl Hipodromu,1600.0,BATTLE FOR GLORY,SELİM KAYA,YUSUF YILDIZ,58.0,2,0.0,50.0,50.0,50.0,50.0,92.0,29.68,0,104.0
2026-09-10-Ankara 75. Yıl Hipodromu-6,2026-09-10,6,Ankara 75. Yıl Hipodromu,1600.0,FAST PILOT,GÖKHAN KOCAKAYA,AYHAN POLAT,58.0,4,70.0,64.0,64.0,50.0,64.0,92.0,7.14,1,89.0
2026-09-10-Ankara 75. Yıl Hipodromu-6,2026-09-10,6,Ankara 75. Yıl Hipodromu,1600.0,MAGIC SELECTRA,VEDAT ABİŞ,HAKAN YÜZBAŞI,60.0,1,85.0,82.0,82.0,82.0,82.0,100.0,52.25,1,100.0
2026-09-10-Ankara 75. Yıl Hipodromu-6,2026-09-10,6,Ankara 75. Yıl Hipodromu,1600.0,MOUNTAIN,AYHAN KURŞUN,ERTAN ACER,58.0,3,85.0,82.0,50.0,50.0,82.0,92.0,10.93,1,97.0
2026-09-10-Ankara 75. Yıl Hipodromu-7,2026-09-10,7,Ankara 75. Yıl Hipodromu,1600.0,ASAF BABA,GÖKHAN KOCAKAYA,İSMAİL ÇEÇAN,60.0,3,40.0,28.0,50.0,50.0,28.0,100.0,0.0,1,80.0
2026-09-10-Ankara 75. Yıl Hipodromu-7,2026-09-10,7,Ankara 75. Yıl Hipodromu,1600.0,ASİL MİR,MEHMET ALİ AKGÖBEK,RAMAZAN TAŞDELEN,56.0,2,0.0,0.0,0.0,50.0,50.0,84.0,0.0,1,81.0
2026-09-10-Ankara 75. Yıl Hipodromu-7,2026-09-10,7,Ankara 75. Yıl Hipodromu,1600.0,DAŞ FATİH,SERHAT ÇELİK,ADEM GÜVEN,59.0,5,70.0,82.0,50.0,50.0,82.0,96.0,0.0,2,99.0
2026-09-10-Ankara 75. Yıl Hipodromu-7,2026-09-10,7,Ankara 75. Yıl Hipodromu,1600.0,GÜROBASI,AHMET EFEKAN ELMAS,TEKİN BİRİCİK,58.0,7,0.0,50.0,50.0,0.0,0.0,92.0,0.0,1,78.0
2026-09-10-Ankara 75. Yıl Hipodromu-7,2026-09-10,7,Ankara 75. Yıl Hipodromu,1600.0,HOPDEDİK,AYHAN KURŞUN,ŞEFİK AYDEMİR,58.0,1,85.0,82.0,82.0,50.0,82.0,92.0,0.0,1,80.0
2026-09-10-Ankara 75. Yıl Hipodromu-7,2026-09-10,7,Ankara 75. Yıl Hipodromu,1600.0,KASIRGA BEY,MÜSLÜM ÇELİK,SEİT KAN,58.0,6,55.0,46.0,46.0,50.0,46.0,92.0,0.0,1,65.0
2026-09-10-Ankara 75. Yıl Hipodromu-7,2026-09-10,7,Ankara 75. Yıl Hipodromu,1600.0,MİNİK ANNE,SELİM KAYA,YUSUF YILDIZ,61.0,8,0.0,50.0,50.0,50.0,50.0,96.0,0.0,0,95.0
2026-09-10-Ankara 75. Yıl Hipodromu-7,2026-09-10,7,Ankara 75. Yıl Hipodromu,1600.0,TUMBULKARAÜZÜM,VEDAT ABİŞ,MEHMET ŞEFİK KILINÇ,57.0,4,0.0,50.0,50.0,50.0,50.0,88.0,0.0,0,86.0
2026-09-10-Ankara 75. Yıl Hipodromu-8,2026-09-10,8,Ankara 75. Yıl Hipodromu,1400.0,BABA OCAĞI,VEDAT ABİŞ,UĞUR KULAK,57.0,2,25.0,10.0,10.0,10.0,10.0,88.0,0.0,1,0.0
2026-09-10-Ankara 75. Yıl Hipodromu-8,2026-09-10,8,Ankara 75. Yıl Hipodromu,1400.0,DEMİRKIR ŞAHI,ERAY ÇİZİK,ARZU KILIÇ,57.0,7,70.0,64.0,64.0,64.0,64.0,88.0,0.0,1,0.0
2026-09-10-Ankara 75. Yıl Hipodromu-8,2026-09-10,8,Ankara 75. Yıl Hipodromu,1400.0,FIRE OF ARES,AYHAN KURŞUN,ERTAN ACER,57.0,6,0.0,50.0,50.0,50.0,50.0,88.0,0.0,0,0.0
2026-09-10-Ankara 75. Yıl Hipodromu-8,2026-09-10,8,Ankara 75. Yıl Hipodromu,1400.0,LADY SOVEREIGN,MÜSLÜM ÇELİK,İBRAHİM BEKİROĞULLARI,55.0,4,40.0,28.0,28.0,28.0,28.0,80.0,0.0,1,0.0
2026-09-10-Ankara 75. Yıl Hipodromu-8,2026-09-10,8,Ankara 75. Yıl Hipodromu,1400.0,NIGHTROW,HIŞMAN ÇİZİK,MUSTAFA ÖZYİĞİT,57.0,1,0.0,50.0,50.0,50.0,50.0,88.0,0.0,0,0.0
2026-09-10-Ankara 75. Yıl Hipodromu-8,2026-09-10,8,Ankara 75. Yıl Hipodromu,1400.0,SUPER BLOOM,MEHMET SALİH ÇELİK,İSMET TEKİNALP,57.0,5,0.0,50.0,50.0,50.0,50.0,88.0,0.0,0,0.0
2026-09-10-Ankara 75. Yıl Hipodromu-8,2026-09-10,8,Ankara 75. Yıl Hipodromu,1400.0,YELLOW LION,MERT GÖKALP ARSLAN,OZAN BULUT,59.0,3,0.0,50.0,50.0,50.0,50.0,96.0,0.0,0,33.0
2026-09-11-Bursa Osmangazi Hipodromu-1,2026-09-11,1,Bursa Osmangazi Hipodromu,1400.0,ALAZVUR,ALİCAN İNCİ,YUSUF KAYA,57.0,1,0.0,50.0,50.0,50.0,50.0,88.0,0.0,0,38.0
2026-09-11-Bursa Osmangazi Hipodromu-1,2026-09-11,1,Bursa Osmangazi Hipodromu,1400.0,BİLGE HATUN,NEVZAT AVCİ,ŞEVVAL ŞİMAL DEMİR,55.0,3,10.0,50.0,0.0,50.0,0.0,80.0,0.0,1,40.0
2026-09-11-Bursa Osmangazi Hipodromu-1,2026-09-11,1,Bursa Osmangazi Hipodromu,1400.0,DEMİRLİHAN,DENİZ BUDAK,MURAT ALTIN,55.0,9,0.0,50.0,50.0,50.0,50.0,80.0,0.0,0,9.0
2026-09-11-Bursa Osmangazi Hipodromu-1,2026-09-11,1,Bursa Osmangazi Hipodromu,1400.0,ESRİN HATUN,CEMAL PASO,ŞEVVAL ŞİMAL DEMİR,55.0,8,0.0,50.0,50.0,50.0,50.0,80.0,0.0,0,41.0
2026-09-11-Bursa Osmangazi Hipodromu-1,2026-09-11,1,Bursa Osmangazi Hipodromu,1400.0,FELHAN GÜLÜ,BEKİR MERT MIRIK,ALİ CAN ATAR,55.0,4,0.0,50.0,50.0,50.0,50.0,80.0,0.0,0,38.0
2026-09-11-Bursa Osmangazi Hipodromu-1,2026-09-11,1,Bursa Osmangazi Hipodromu,1400.0,KARAKÖPRÜ ATEŞİ,MAHSUN TURAN,ABDULLAH TEMİZER,57.0,2,0.0,50.0,0.0,50.0,0.0,88.0,0.0,1,30.0
2026-09-11-Bursa Osmangazi Hipodromu-1,2026-09-11,1,Bursa Osmangazi Hipodromu,1400.0,KIZIM ERVA,ENES ATLAMAZ,YUSUF KAYA,55.0,6,0.0,50.0,50.0,50.0,50.0,80.0,0.0,0,37.0
2026-09-11-Bursa Osmangazi Hipodromu-1,2026-09-11,1,Bursa Osmangazi Hipodromu,1400.0,KRALÇINAR,MURAT KEÇECİ,SEZGİN CAN GÖZÜNGÜ,57.0,7,0.0,50.0,50.0,50.0,50.0,88.0,0.0,0,18.0
2026-09-11-Bursa Osmangazi Hipodromu-1,2026-09-11,1,Bursa Osmangazi Hipodromu,1400.0,TAŞKARA,MEHMET ALİ AYDIN,SİNAN YANMAZ,57.0,5,0.0,50.0,50.0,50.0,50.0,88.0,0.0,0,15.0
2026-09-11-Bursa Osmangazi Hipodromu-2,2026-09-11,2,Bursa Osmangazi Hipodromu,1300.0,AURORA NOVA,MUHAMMED MİR BİLGİN,AHMET MANTAŞ,57.0,6,70.0,50.0,64.0,50.0,50.0,88.0,20.92,1,30.0
2026-09-11-Bursa Osmangazi Hipodromu-2,2026-09-11,2,Bursa Osmangazi Hipodromu,1300.0,AZA KOP,ONUR YILDIZ,DAVUT SAV,57.0,1,85.0,82.0,82.0,50.0,82.0,88.0,19.59,1,33.0
2026-09-11-Bursa Osmangazi Hipodromu-2,2026-09-11,2,Bursa Osmangazi Hipodromu,1300.0,DELICIAS TURCAS,ENES ATLAMAZ,MÜSLÜM DOLAK,59.0,2,0.0,50.0,0.0,50.0,0.0,96.0,2.65,1,35.0
2026-09-11-Bursa Osmangazi Hipodromu-2,2026-09-11,2,Bursa Osmangazi Hipodromu,1300.0,DREAM SHIP,ALİ MEHDİ ALTIN,MEHMET ESMER,57.0,8,55.0,50.0,46.0,50.0,46.0,88.0,4.46,1,0.0
2026-09-11-Bursa Osmangazi Hipodromu-2,2026-09-11,2,Bursa Osmangazi Hipodromu,1300.0,ELİFCİM,RECEP KETME,ZEYNEP KAYA,54.0,9,0.0,50.0,50.0,50.0,50.0,76.0,1.72,0,0.0
2026-09-11-Bursa Osmangazi Hipodromu-2,2026-09-11,2,Bursa Osmangazi Hipodromu,1300.0,EMİLOŞ,ONUR ATMACA,CUMA YILDIRIM,57.0,5,0.0,50.0,50.0,50.0,50.0,88.0,1.38,0,0.0
2026-09-11-Bursa Osmangazi Hipodromu-2,2026-09-11,2,Bursa Osmangazi Hipodromu,1300.0,HAS GAMZEM,NEVZAT AVCİ,HALİL ERSİN UYSAL,57.0,7,0.0,50.0,50.0,50.0,50.0,88.0,16.15,0,34.0
2026-09-11-Bursa Osmangazi Hipodromu-2,2026-09-11,2,Bursa Osmangazi Hipodromu,1300.0,MADAME ADA,BEKİR MERT MIRIK,İBRAHİM HALİL BAYDAN,57.0,11,40.0,28.0,28.0,50.0,50.0,88.0,2.69,1,18.0
2026-09-11-Bursa Osmangazi Hipodromu-2,2026-09-11,2,Bursa Osmangazi Hipodromu,1300.0,NALDÖKEN,OKAN GÖKÇE,ZEYNEP KAYA,57.0,4,85.0,82.0,82.0,82.0,82.0,88.0,11.4,1,32.0
2026-09-11-Bursa Osmangazi Hipodromu-2,2026-09-11,2,Bursa Osmangazi Hipodromu,1300.0,NORTHERN LOVE,TUGAY ALICI,İLYAS CANPOLAT,57.0,10,0.0,50.0,50.0,50.0,50.0,88.0,1.13,0,0.0
2026-09-11-Bursa Osmangazi Hipodromu-2,2026-09-11,2,Bursa Osmangazi Hipodromu,1300.0,TOUCH THE LEONI,CEM ALTUN,AHMET MANTAŞ,57.0,3,0.0,50.0,50.0,50.0,50.0,88.0,7.83,0,0.0
2026-09-11-Bursa Osmangazi Hipodromu-2,2026-09-11,2,Bursa Osmangazi Hipodromu,1300.0,WINDS SOUND,MERTCAN ÇELİK,İBRAHİM KIZILDAĞ,57.0,12,55.0,46.0,46.0,50.0,46.0,88.0,2.1,1,0.0
2026-09-11-Bursa Osmangazi Hipodromu-2,2026-09-11,2,Bursa Osmangazi Hipodromu,1300.0,WORKIN LADY,TOLGA YILDIZ,MURAT ALTIN,59.0,13,35.0,64.0,32.0,64.0,32.0,96.0,7.98,2,29.0
2026-09-11-Bursa Osmangazi Hipodromu-3,2026-09-11,3,Bursa Osmangazi Hipodromu,2000.0,ADALOF,SERCAN TIRPAN,SERHAT ÖNDER,56.0,7,0.0,0.0,50.0,0.0,50.0,84.0,1.4,1,32.0
2026-09-11-Bursa Osmangazi Hipodromu-3,2026-09-11,3,Bursa Osmangazi Hipodromu,2000.0,ASEL SULTAN,AHMET EFEKAN ELMAS,YILMAZ AKKUŞ,53.5,14,0.0,50.0,50.0,50.0,50.0,74.0,0.53,0,33.0
2026-09-11-Bursa Osmangazi Hipodromu-3,2026-09-11,3,Bursa Osmangazi Hipodromu,2000.0,DEMİRNAL,BEKİR MERT MIRIK,SEZGİN CAN GÖZÜNGÜ,61.5,4,0.0,50.0,50.0,50.0,50.0,94.0,4.58,0,43.0
2026-09-11-Bursa Osmangazi Hipodromu-3,2026-09-11,3,Bursa Osmangazi Hipodromu,2000.0,EFSANE HANIM,SERHAT ÇELİK,MERT DEMİRTAŞ,59.0,1,17.5,10.0,10.0,50.0,10.0,96.0,15.31,2,44.0
2026-09-11-Bursa Osmangazi Hipodromu-3,2026-09-11,3,Bursa Osmangazi Hipodromu,2000.0,ELMAPINAR,İSMAİL DİNAR,MEHMET FATİH ATCI,55.0,13,10.0,50.0,0.0,50.0,0.0,80.0,0.46,1,30.0
2026-09-11-Bursa Osmangazi Hipodromu-3,2026-09-11,3,Bursa Osmangazi Hipodromu,2000.0,MATİLDA HANIM,MURAT KEÇECİ,FATİH ŞEN,55.0,10,0.0,0.0,0.0,50.0,0.0,80.0,0.72,1,30.0
2026-09-11-Bursa Osmangazi Hipodromu-3,2026-09-11,3,Bursa Osmangazi Hipodromu,2000.0,MEVHİDE HANIM,RECEP KETME,ENGİN ALTIN,57.0,9,32.5,50.0,28.0,28.0,50.0,88.0,7.51,2,38.0
2026-09-11-Bursa Osmangazi Hipodromu-3,2026-09-11,3,Bursa Osmangazi Hipodromu,2000.0,SARMAN RÜZGARI,ALİ MEHDİ ALTIN,FATİH ŞEN,54.5,6,0.0,50.0,50.0,50.0,50.0,78.0,1.44,0,29.0
2026-09-11-Bursa Osmangazi Hipodromu-3,2026-09-11,3,Bursa Osmangazi Hipodromu,2000.0,TURGUT BEY,OKAN GÖKÇE,MURAT TÜRKOĞLU,58.0,15,0.0,0.0,0.0,50.0,0.0,92.0,1.62,1,36.0
2026-09-11-Bursa Osmangazi Hipodromu-3,2026-09-11,3,Bursa Osmangazi Hipodromu,2000.0,YILDIZ SULTAN,METE GÖL,SİNAN ŞAHYAZICI,52.0,8,0.0,0.0,50.0,50.0,50.0,68.0,0.79,1,27.0
2026-09-11-Bursa Osmangazi Hipodromu-3,2026-09-11,3,Bursa Osmangazi Hipodromu,2000.0,YÜREĞİ GÜZEL,DENİZ BUDAK,BERHE YOLERİ,51.0,11,0.0,50.0,50.0,50.0,50.0,64.0,0.27,0,28.0
2026-09-11-Bursa Osmangazi Hipodromu-3,2026-09-11,3,Bursa Osmangazi Hipodromu,2000.0,ÇUBUKLU,ONUR ÖZTÜRK,AHMET ÖCAL,58.0,5,0.0,50.0,50.0,50.0,50.0,92.0,7.88,0,36.0
2026-09-11-Bursa Osmangazi Hipodromu-3,2026-09-11,3,Bursa Osmangazi Hipodromu,2000.0,ÇİFTEHAN,NEVZAT AVCİ,SEÇKİN AYDOĞAN,52.0,3,0.0,50.0,50.0,50.0,50.0,68.0,47.53,0,19.0
2026-09-11-Bursa Osmangazi Hipodromu-3,2026-09-11,3,Bursa Osmangazi Hipodromu,2000.0,ÖN BİRLİK,CEM ALTUN,KADİR TURAN,59.0,12,0.0,0.0,50.0,50.0,0.0,96.0,2.27,1,38.0
2026-09-11-Bursa Osmangazi Hipodromu-3,2026-09-11,3,Bursa Osmangazi Hipodromu,2000.0,İHTİMAL,CEMAL PASO,TEKİN BİRİCİK,52.0,2,0.0,0.0,0.0,50.0,0.0,68.0,3.41,2,8.0
2026-09-11-Bursa Osmangazi Hipodromu-4,2026-09-11,4,Bursa Osmangazi Hipodromu,1200.0,ANEMON ÇİÇEĞİ,CEMAL PASO,TAYFUN SAYILKAN,54.0,15,0.0,0.0,0.0,50.0,0.0,76.0,0.55,1,62.0
2026-09-11-Bursa Osmangazi Hipodromu-4,2026-09-11,4,Bursa Osmangazi Hipodromu,1200.0,BARBUDA,RECEP KETME,MELEK ÖZGÜL,58.0,3,10.0,0.0,0.0,50.0,0.0,92.0,4.14,2,77.0
2026-09-11-Bursa Osmangazi Hipodromu-4,2026-09-11,4,Bursa Osmangazi Hipodromu,1200.0,DESTE KIZIM,BEKİR MERT MIRIK,MERT DEMİRTAŞ,54.0,7,40.0,28.0,28.0,50.0,28.0,76.0,6.69,2,62.0
2026-09-11-Bursa Osmangazi Hipodromu-4,2026-09-11,4,Bursa Osmangazi Hipodromu,1200.0,EL FURAT,TUGAY ALICI,ABDULLAH TEMİZER,56.0,13,0.0,0.0,0.0,50.0,0.0,84.0,1.05,1,72.0
2026-09-11-Bursa Osmangazi Hipodromu-4,2026-09-11,4,Bursa Osmangazi Hipodromu,1200.0,GELİLEO,NEVZAT AVCİ,SEÇKİN AYDOĞAN,58.0,6,0.0,50.0,50.0,50.0,50.0,92.0,17.52,0,45.0
2026-09-11-Bursa Osmangazi Hipodromu-4,2026-09-11,4,Bursa Osmangazi Hipodromu,1200.0,GÜLEYCANOĞLU,SERHAT ÇELİK,MURAT ALTIN,57.0,14,85.0,82.0,50.0,50.0,82.0,88.0,9.16,1,48.0
2026-09-11-Bursa Osmangazi Hipodromu-4,2026-09-11,4,Bursa Osmangazi Hipodromu,1200.0,HAS CEYLAN,MURAT KEÇECİ,SEZGİN CAN GÖZÜNGÜ,54.0,16,0.0,50.0,50.0,50.0,50.0,76.0,0.43,0,51.0
2026-09-11-Bursa Osmangazi Hipodromu-4,2026-09-11,4,Bursa Osmangazi Hipodromu,1200.0,HAVZALI,SERCAN TIRPAN,FERDİ KIRAN,54.0,2,27.5,23.0,23.0,46.0,23.0,76.0,9.36,2,80.0
2026-09-11-Bursa Osmangazi Hipodromu-4,2026-09-11,4,Bursa Osmangazi Hipodromu,1200.0,HAYALİNOĞLU,CEM ALTUN,SALİH BAYDAN,56.0,5,40.0,28.0,50.0,50.0,28.0,84.0,1.61,1,53.0
2026-09-11-Bursa Osmangazi Hipodromu-4,2026-09-11,4,Bursa Osmangazi Hipodromu,1200.0,HUSREV,ONUR ATMACA,TUNCAY ATEŞ,56.0,8,0.0,50.0,50.0,50.0,50.0,84.0,0.62,0,65.0
2026-09-11-Bursa Osmangazi Hipodromu-4,2026-09-11,4,Bursa Osmangazi Hipodromu,1200.0,KARAGÜRGEN,DORUKHAN PALAUR,TARIK NACİ YILDIZ,56.0,12,0.0,50.0,50.0,50.0,50.0,84.0,1.84,0,0.0
2026-09-11-Bursa Osmangazi Hipodromu-4,2026-09-11,4,Bursa Osmangazi Hipodromu,1200.0,KAŞIKÇIBEYİ,MAHSUN TURAN,TUNCAY TURAN,57.0,4,70.0,50.0,64.0,50.0,50.0,88.0,22.34,1,95.0
2026-09-11-Bursa Osmangazi Hipodromu-4,2026-09-11,4,Bursa Osmangazi Hipodromu,1200.0,MADEN DAĞI,TOLGA YILDIZ,ENGİN ALTIN,56.0,9,10.0,0.0,0.0,50.0,0.0,84.0,6.54,1,66.0
2026-09-11-Bursa Osmangazi Hipodromu-4,2026-09-11,4,Bursa Osmangazi Hipodromu,1200.0,MOĞOLOĞLU,MERTCAN ÇELİK,MUHAMMED UĞUR TURAN,56.0,11,0.0,50.0,50.0,50.0,50.0,84.0,3.28,0,63.0
2026-09-11-Bursa Osmangazi Hipodromu-4,2026-09-11,4,Bursa Osmangazi Hipodromu,1200.0,VİZİGOT,NURETTİN ŞEN,SERHAT ÖNDER,56.0,10,0.0,50.0,50.0,50.0,50.0,84.0,3.67,0,77.0
2026-09-11-Bursa Osmangazi Hipodromu-4,2026-09-11,4,Bursa Osmangazi Hipodromu,1200.0,YANACAK,MUHAMMED MİR BİLGİN,YILMAZ AKKUŞ,56.0,1,0.0,0.0,0.0,50.0,50.0,84.0,11.21,1,72.0
2026-09-11-Bursa Osmangazi Hipodromu-5,2026-09-11,5,Bursa Osmangazi Hipodromu,1300.0,BELLA MARE,MUHAMMED BURHAN ÖNCEL,CUMA YILDIRIM,60.0,12,0.0,50.0,50.0,50.0,50.0,100.0,1.79,0,71.0
2026-09-11-Bursa Osmangazi Hipodromu-5,2026-09-11,5,Bursa Osmangazi Hipodromu,1300.0,CHATILA DANCER,BERKAY BÜLBÜL,MEHMET ESMER,52.5,7,0.0,50.0,50.0,50.0,50.0,70.0,21.07,0,64.0
2026-09-11-Bursa Osmangazi Hipodromu-5,2026-09-11,5,Bursa Osmangazi Hipodromu,1300.0,HILLS OF SPIRIT,YASİN ŞEREF GÜMÜŞ,ABDULLAH TEMİZER,56.0,2,0.0,50.0,50.0,50.0,50.0,84.0,3.71,0,53.0
2026-09-11-Bursa Osmangazi Hipodromu-5,2026-09-11,5,Bursa Osmangazi Hipodromu,1300.0,KIZIM BERİL,EREN AKDUMAN,ŞAHİN AKDUMAN,60.0,8,55.0,46.0,46.0,50.0,46.0,100.0,9.55,1,71.0
2026-09-11-Bursa Osmangazi Hipodromu-5,2026-09-11,5,Bursa Osmangazi Hipodromu,1300.0,KUMSALIM,İZETTİN GÜREKE,AHMET ÖCAL,60.0,11,55.0,46.0,46.0,50.0,46.0,100.0,1.2,1,48.0
2026-09-11-Bursa Osmangazi Hipodromu-5,2026-09-11,5,Bursa Osmangazi Hipodromu,1300.0,KYLIE VOM ELBE,UĞUR LEVENT,AKIN ÖZDENİZ,60.0,4,0.0,50.0,50.0,50.0,50.0,100.0,6.5,0,63.0
2026-09-11-Bursa Osmangazi Hipodromu-5,2026-09-11,5,Bursa Osmangazi Hipodromu,1300.0,OPERASYON,SERHAT ÇELİK,TURGUT İBİŞ,58.0,3,0.0,50.0,50.0,50.0,50.0,92.0,33.21,0,88.0
2026-09-11-Bursa Osmangazi Hipodromu-5,2026-09-11,5,Bursa Osmangazi Hipodromu,1300.0,PERİ MİRA,MEHMET YILDIRIM,AKIN ÖZDENİZ,56.0,10,0.0,50.0,50.0,50.0,50.0,84.0,0.66,0,64.0
2026-09-11-Bursa Osmangazi Hipodromu-5,2026-09-11,5,Bursa Osmangazi Hipodromu,1300.0,PETITE LOUVE,EFE AKPINAR,MEHMETCİK AYDOĞDİ,56.0,5,0.0,50.0,50.0,50.0,50.0,84.0,6.87,0,87.0
2026-09-11-Bursa Osmangazi Hipodromu-5,2026-09-11,5,Bursa Osmangazi Hipodromu,1300.0,RECUERDAME,ENES ATLAMAZ,MÜSLÜM DOLAK,58.5,1,62.5,55.0,82.0,50.0,50.0,94.0,13.23,2,71.0
2026-09-11-Bursa Osmangazi Hipodromu-5,2026-09-11,5,Bursa Osmangazi Hipodromu,1300.0,ROZERYA,DOĞUKAN KONUK,ZEYNEP KAYA,56.0,9,35.0,32.0,50.0,50.0,32.0,84.0,0.49,2,51.0
2026-09-11-Bursa Osmangazi Hipodromu-5,2026-09-11,5,Bursa Osmangazi Hipodromu,1300.0,SHELDON,ERHAN AKKAYA,MEHMET DEMİR,56.0,6,0.0,50.0,50.0,50.0,50.0,84.0,1.72,0,56.0
2026-09-11-Bursa Osmangazi Hipodromu-6,2026-09-11,6,Bursa Osmangazi Hipodromu,1300.0,BOMBOLONI,NEVZAT AVCİ,ŞEVVAL ŞİMAL DEMİR,57.0,1,0.0,50.0,50.0,50.0,50.0,88.0,60.49,0,0.0
2026-09-11-Bursa Osmangazi Hipodromu-6,2026-09-11,6,Bursa Osmangazi Hipodromu,1300.0,DIELLI,ONUR YILDIZ,SERHAT ÖNDER,57.0,6,0.0,50.0,50.0,50.0,50.0,88.0,1.62,0,0.0
2026-09-11-Bursa Osmangazi Hipodromu-6,2026-09-11,6,Bursa Osmangazi Hipodromu,1300.0,ESENCE,MUHAMMED MİR BİLGİN,SİNAN ŞAHYAZICI,57.0,9,0.0,50.0,50.0,50.0,50.0,88.0,12.48,0,0.0
2026-09-11-Bursa Osmangazi Hipodromu-6,2026-09-11,6,Bursa Osmangazi Hipodromu,1300.0,KIZIM FATMA,MERTCAN ÇELİK,SERCAN ÇELİKMAN,57.0,8,0.0,50.0,50.0,50.0,50.0,88.0,9.14,0,0.0
2026-09-11-Bursa Osmangazi Hipodromu-6,2026-09-11,6,Bursa Osmangazi Hipodromu,1300.0,LADY GALA,ONUR ATMACA,AHMET OLCAR,57.0,3,25.0,10.0,10.0,50.0,50.0,88.0,0.65,1,11.0
2026-09-11-Bursa Osmangazi Hipodromu-6,2026-09-11,6,Bursa Osmangazi Hipodromu,1300.0,MADAM NORA,CEM ALTUN,AHMET MANTAŞ,57.0,7,0.0,50.0,50.0,50.0,50.0,88.0,1.57,0,0.0
2026-09-11-Bursa Osmangazi Hipodromu-6,2026-09-11,6,Bursa Osmangazi Hipodromu,1300.0,MUSHU,İSMAİL DİNAR,MELEK ÖZGÜL,57.0,12,12.5,5.0,5.0,50.0,5.0,88.0,0.36,2,0.0
2026-09-11-Bursa Osmangazi Hipodromu-6,2026-09-11,6,Bursa Osmangazi Hipodromu,1300.0,PRINCESS ALEXANDRA,EFE AKPINAR,KAZIM ŞENGEL,55.0,13,10.0,0.0,0.0,50.0,0.0,80.0,0.34,1,18.0
2026-09-11-Bursa Osmangazi Hipodromu-6,2026-09-11,6,Bursa Osmangazi Hipodromu,1300.0,ROYAL MAJESTY,RECEP KETME,YUSUF AKBULUT,54.0,2,0.0,50.0,50.0,50.0,50.0,76.0,0.46,0,0.0
2026-09-11-Bursa Osmangazi Hipodromu-6,2026-09-11,6,Bursa Osmangazi Hipodromu,1300.0,SABIRLI TINAS,TUGAY ALICI,SEZGİN CAN GÖZÜNGÜ,57.0,11,0.0,0.0,0.0,50.0,50.0,88.0,0.18,1,11.0
2026-09-11-Bursa Osmangazi Hipodromu-6,2026-09-11,6,Bursa Osmangazi Hipodromu,1300.0,SULTAN SADRİYE,ALİ MEHDİ ALTIN,SERCAN ÇELİKMAN,57.0,14,0.0,50.0,50.0,50.0,50.0,88.0,0.63,0,0.0
2026-09-11-Bursa Osmangazi Hipodromu-6,2026-09-11,6,Bursa Osmangazi Hipodromu,1300.0,TATLI AKYÜZ,NURETTİN ŞEN,TUNCAY ATEŞ,59.0,5,40.0,28.0,28.0,28.0,28.0,96.0,9.17,1,32.0
2026-09-11-Bursa Osmangazi Hipodromu-6,2026-09-11,6,Bursa Osmangazi Hipodromu,1300.0,YOU ARE GREAT,ALİCAN İNCİ,FERHAT ALTIN,57.0,4,0.0,50.0,50.0,50.0,50.0,88.0,1.45,0,26.0
2026-09-11-Bursa Osmangazi Hipodromu-6,2026-09-11,6,Bursa Osmangazi Hipodromu,1300.0,ÇORLİ,MAHSUN TURAN,RAMAZAN COŞKUN,57.0,10,0.0,50.0,50.0,50.0,50.0,88.0,1.46,0,23.0
2026-09-11-Bursa Osmangazi Hipodromu-7,2026-09-11,7,Bursa Osmangazi Hipodromu,1400.0,AYCASA,ALİCAN İNCİ,AHMET MANTAŞ,53.0,1,0.0,0.0,0.0,50.0,0.0,72.0,2.82,1,40.0
2026-09-11-Bursa Osmangazi Hipodromu-7,2026-09-11,7,Bursa Osmangazi Hipodromu,1400.0,AÇAKIZ,BEKİR MERT MIRIK,KAZIM ŞENGEL,58.5,18,0.0,50.0,50.0,50.0,50.0,94.0,2.51,0,51.0
2026-09-11-Bursa Osmangazi Hipodromu-7,2026-09-11,7,Bursa Osmangazi Hipodromu,1400.0,BERNAHANIM,İSMAİL DİNAR,NİHAT KAYA,52.0,8,0.0,0.0,50.0,50.0,0.0,68.0,0.87,1,34.0
2026-09-11-Bursa Osmangazi Hipodromu-7,2026-09-11,7,Bursa Osmangazi Hipodromu,1400.0,CÜDA,ERHAN AKKAYA,MELEK ÖZGÜL,54.0,15,55.0,46.0,50.0,50.0,46.0,76.0,1.83,1,39.0
2026-09-11-Bursa Osmangazi Hipodromu-7,2026-09-11,7,Bursa Osmangazi Hipodromu,1400.0,DEMİR SULTAN,YASİN ŞEREF GÜMÜŞ,AHMET ÖCAL,52.0,12,0.0,0.0,50.0,50.0,0.0,68.0,0.42,1,35.0
2026-09-11-Bursa Osmangazi Hipodromu-7,2026-09-11,7,Bursa Osmangazi Hipodromu,1400.0,DİLHUN,EFE AKPINAR,RAMAZAN AKDUMAN,58.5,7,0.0,50.0,50.0,50.0,50.0,94.0,2.8,0,54.0
2026-09-11-Bursa Osmangazi Hipodromu-7,2026-09-11,7,Bursa Osmangazi Hipodromu,1400.0,ESRABO,AHMET EFEKAN ELMAS,TUNCAY ATEŞ,51.5,9,0.0,0.0,50.0,50.0,0.0,66.0,1.36,1,34.0
2026-09-11-Bursa Osmangazi Hipodromu-7,2026-09-11,7,Bursa Osmangazi Hipodromu,1400.0,EĞRİCAN,MERTCAN ÇELİK,KIVANÇ KINAY,57.0,2,0.0,50.0,50.0,50.0,50.0,88.0,11.85,0,48.0
2026-09-11-Bursa Osmangazi Hipodromu-7,2026-09-11,7,Bursa Osmangazi Hipodromu,1400.0,GÜLÜMSE BİRAZ,RÜZGAR YILDIZ,YUSUF KAYA,54.0,5,70.0,64.0,64.0,64.0,64.0,76.0,9.74,1,48.0
2026-09-11-Bursa Osmangazi Hipodromu-7,2026-09-11,7,Bursa Osmangazi Hipodromu,1400.0,GÜZELNİSA,SERHAT ÇELİK,YUSUF KAYA,60.0,10,0.0,0.0,0.0,50.0,0.0,100.0,1.63,1,57.0
2026-09-11-Bursa Osmangazi Hipodromu-7,2026-09-11,7,Bursa Osmangazi Hipodromu,1400.0,HOŞ ESİNTİ,CEMAL PASO,SALİH BAYDAN,52.0,6,0.0,50.0,50.0,50.0,50.0,68.0,1.94,0,34.0
2026-09-11-Bursa Osmangazi Hipodromu-7,2026-09-11,7,Bursa Osmangazi Hipodromu,1400.0,HÜMA ANA,CEM ALTUN,EKREM TURAN,57.5,16,0.0,0.0,0.0,50.0,0.0,90.0,0.62,1,49.0
2026-09-11-Bursa Osmangazi Hipodromu-7,2026-09-11,7,Bursa Osmangazi Hipodromu,1400.0,MAHÇİÇEK,NURETTİN ŞEN,RÜSTEM ALİ TEKELİ,55.5,3,55.0,46.0,50.0,46.0,46.0,82.0,14.87,1,45.0
2026-09-11-Bursa Osmangazi Hipodromu-7,2026-09-11,7,Bursa Osmangazi Hipodromu,1400.0,NURBANU SULTAN,SERCAN TIRPAN,ŞEVVAL ŞİMAL DEMİR,54.0,13,0.0,0.0,50.0,50.0,0.0,76.0,0.44,1,39.0
2026-09-11-Bursa Osmangazi Hipodromu-7,2026-09-11,7,Bursa Osmangazi Hipodromu,1400.0,PRENSES MEHLİKA,ONUR ATMACA,KAZIM ŞENGEL,61.0,19,27.5,46.0,0.0,46.0,23.0,96.0,3.15,2,56.0
2026-09-11-Bursa Osmangazi Hipodromu-7,2026-09-11,7,Bursa Osmangazi Hipodromu,1400.0,TATLIÇAĞ,UĞUR LEVENT,SERHAT ÖNDER,52.0,14,25.0,10.0,50.0,50.0,10.0,68.0,1.72,1,34.0
2026-09-11-Bursa Osmangazi Hipodromu-7,2026-09-11,7,Bursa Osmangazi Hipodromu,1400.0,TAŞPINAR,RECEP KETME,MEHMET DEMİROL,59.5,4,85.0,82.0,82.0,82.0,82.0,98.0,26.62,1,54.0
2026-09-11-Bursa Osmangazi Hipodromu-7,2026-09-11,7,Bursa Osmangazi Hipodromu,1400.0,TUĞÇEYİM,DENİZ BUDAK,ŞEVVAL ŞİMAL DEMİR,52.0,17,0.0,50.0,50.0,50.0,50.0,68.0,0.35,0,35.0
2026-09-11-Bursa Osmangazi Hipodromu-7,2026-09-11,7,Bursa Osmangazi Hipodromu,1400.0,ZİNAMIN,ONUR YILDIZ,KAZIM ŞENGEL,60.5,11,40.0,28.0,50.0,50.0,28.0,98.0,14.47,1,55.0
2026-09-12-Ankara 75. Yıl Hipodromu-1,2026-09-12,1,Ankara 75. Yıl Hipodromu,2200.0,FRANKI CHA CHA,ERTUĞRUL CANKILIÇ,KAMİL ARDA,60.0,2,0.0,50.0,50.0,50.0,50.0,100.0,22.43,0,73.0
2026-09-12-Ankara 75. Yıl Hipodromu-1,2026-09-12,1,Ankara 75. Yıl Hipodromu,2200.0,GOLDMAN,ÖZCAN YILDIRIM,CENGİZ AYDOĞAN,58.0,3,70.0,64.0,50.0,50.0,64.0,92.0,31.55,1,65.0
2026-09-12-Ankara 75. Yıl Hipodromu-1,2026-09-12,1,Ankara 75. Yıl Hipodromu,2200.0,LORD VİDAR,HIŞMAN ÇİZİK,MEHMET DEMİROL,54.5,4,85.0,82.0,82.0,50.0,82.0,78.0,15.1,1,58.0
2026-09-12-Ankara 75. Yıl Hipodromu-1,2026-09-12,1,Ankara 75. Yıl Hipodromu,2200.0,MAXIMUS MAN,MÜSLÜM ÇELİK,CELAL BURAK SERİNER,58.5,6,70.0,64.0,50.0,50.0,64.0,94.0,8.48,1,66.0
2026-09-12-Ankara 75. Yıl Hipodromu-1,2026-09-12,1,Ankara 75. Yıl Hipodromu,2200.0,MIDNIGHT BLUE,MERT ALİ SOLMAZ,HAKAN YÜZBAŞI,51.5,5,0.0,50.0,50.0,50.0,50.0,66.0,4.64,0,52.0
2026-09-12-Ankara 75. Yıl Hipodromu-1,2026-09-12,1,Ankara 75. Yıl Hipodromu,2200.0,SEQUOIA,MÜCAHİT BAYIR,SAVAŞ GÜRKAN,50.0,1,100.0,100.0,100.0,100.0,100.0,60.0,13.55,1,49.0
2026-09-12-Ankara 75. Yıl Hipodromu-1,2026-09-12,1,Ankara 75. Yıl Hipodromu,2200.0,WALK WITH STARS,FATİH SULTAN MEHMET SANSAR,MURAT ALAÇAM,52.0,7,0.0,50.0,0.0,50.0,50.0,68.0,4.25,1,53.0
2026-09-12-Ankara 75. Yıl Hipodromu-2,2026-09-12,2,Ankara 75. Yıl Hipodromu,1200.0,AL ZEYNO,ENES ATLAMAZ,ERGÜN ÇETİNKURT,52.0,5,0.0,0.0,0.0,0.0,0.0,68.0,0.48,1,24.0
2026-09-12-Ankara 75. Yıl Hipodromu-2,2026-09-12,2,Ankara 75. Yıl Hipodromu,1200.0,ALUDRA,MEHMET AKYAVUZ,MEHMET DEMİROL,60.0,4,0.0,50.0,50.0,50.0,50.0,100.0,11.35,0,42.0
2026-09-12-Ankara 75. Yıl Hipodromu-2,2026-09-12,2,Ankara 75. Yıl Hipodromu,1200.0,FEYZANUR,MEHMET TAHA COŞKUN,HÜSEYİN TEKİNALP,53.0,1,0.0,50.0,50.0,50.0,50.0,72.0,2.54,0,38.0
2026-09-12-Ankara 75. Yıl Hipodromu-2,2026-09-12,2,Ankara 75. Yıl Hipodromu,1200.0,HAREM GÜZELİ,HALİS KARATAŞ,SERVET DOĞAN,59.0,3,100.0,100.0,100.0,50.0,100.0,96.0,60.95,1,40.0
2026-09-12-Ankara 75. Yıl Hipodromu-2,2026-09-12,2,Ankara 75. Yıl Hipodromu,1200.0,RAHİME ABLA,SERHAT ÇELİK,MEHMET DEMİROL,56.0,2,10.0,0.0,0.0,50.0,0.0,84.0,6.62,1,43.0
2026-09-12-Ankara 75. Yıl Hipodromu-2,2026-09-12,2,Ankara 75. Yıl Hipodromu,1200.0,SAYRA,MERT GÖKALP ARSLAN,CASIM KATI,59.0,8,0.0,50.0,50.0,50.0,50.0,96.0,5.34,0,44.0
2026-09-12-Ankara 75. Yıl Hipodromu-2,2026-09-12,2,Ankara 75. Yıl Hipodromu,1200.0,VIZVIZ KIZ,MEHMET NURİ SUNKAR,HASAN YILDIRIM,55.0,7,0.0,50.0,0.0,50.0,50.0,80.0,0.76,1,33.0
2026-09-12-Ankara 75. Yıl Hipodromu-2,2026-09-12,2,Ankara 75. Yıl Hipodromu,1200.0,YARIŞ KRALİÇESİ,FATİH RÜSTEM BEBEK,MEHMET KORKMAZ,59.0,6,0.0,50.0,50.0,50.0,50.0,96.0,11.96,0,43.0
2026-09-12-Ankara 75. Yıl Hipodromu-3,2026-09-12,3,Ankara 75. Yıl Hipodromu,1600.0,AĞA HALİL,FATİH SULTAN MEHMET SANSAR,ALPER CİĞER,57.0,6,70.0,64.0,50.0,50.0,64.0,88.0,4.67,1,45.0
2026-09-12-Ankara 75. Yıl Hipodromu-3,2026-09-12,3,Ankara 75. Yıl Hipodromu,1600.0,BABA RACİ,ERCAN ÇANKAYA,SAVAŞ GÜRKAN,60.0,4,0.0,50.0,50.0,50.0,50.0,100.0,9.16,0,82.0
2026-09-12-Ankara 75. Yıl Hipodromu-3,2026-09-12,3,Ankara 75. Yıl Hipodromu,1600.0,BON CHEVAL,MERT ALİ SOLMAZ,YÜCEL ŞİMŞEK,57.0,5,0.0,50.0,50.0,50.0,50.0,88.0,1.01,0,35.0
2026-09-12-Ankara 75. Yıl Hipodromu-3,2026-09-12,3,Ankara 75. Yıl Hipodromu,1600.0,CONSULTANT,MÜSLÜM ÇELİK,ÖMER FARUK TAN,57.0,2,0.0,50.0,50.0,50.0,50.0,88.0,31.08,0,83.0
2026-09-12-Ankara 75. Yıl Hipodromu-3,2026-09-12,3,Ankara 75. Yıl Hipodromu,1600.0,GRAND RAPIDS,ÖZCAN YILDIRIM,ENGİN KARATAŞ,55.0,7,0.0,50.0,50.0,50.0,50.0,80.0,18.88,0,86.0
2026-09-12-Ankara 75. Yıl Hipodromu-3,2026-09-12,3,Ankara 75. Yıl Hipodromu,1600.0,HOLY MOUNTAIN,MEHMET ALİ AKGÖBEK,ABDULLAH ÇİFTÇİ,54.0,8,0.0,50.0,50.0,50.0,50.0,76.0,0.58,0,0.0
2026-09-12-Ankara 75. Yıl Hipodromu-3,2026-09-12,3,Ankara 75. Yıl Hipodromu,1600.0,PRINCESS QALİ,NİZAMETTİN DEMİR,SERKAN SÜSLÜ,58.0,3,70.0,64.0,64.0,50.0,50.0,92.0,6.15,1,62.0
2026-09-12-Ankara 75. Yıl Hipodromu-3,2026-09-12,3,Ankara 75. Yıl Hipodromu,1600.0,THOMAS SHELBY,ROJHAT KURT,HÜSEYİN TEKİNALP,59.0,1,55.0,46.0,46.0,50.0,46.0,96.0,28.48,1,96.0
2026-09-12-Ankara 75. Yıl Hipodromu-4,2026-09-12,4,Ankara 75. Yıl Hipodromu,1300.0,CHASE HORIZON,ERCAN ÇANKAYA,İLKER KÖROĞLU,57.0,2,0.0,50.0,50.0,50.0,50.0,88.0,27.44,0,0.0
2026-09-12-Ankara 75. Yıl Hipodromu-4,2026-09-12,4,Ankara 75. Yıl Hipodromu,1300.0,FINAL LEGEND,HALİS KARATAŞ,AHMET İPEK,55.0,1,0.0,50.0,50.0,50.0,50.0,80.0,18.85,0,0.0
2026-09-12-Ankara 75. Yıl Hipodromu-4,2026-09-12,4,Ankara 75. Yıl Hipodromu,1300.0,GOLDEN TRIP,MEHMET AKYAVUZ,CEM CİHAT ÇETİN,57.0,5,0.0,50.0,50.0,50.0,50.0,88.0,7.38,0,0.0
2026-09-12-Ankara 75. Yıl Hipodromu-4,2026-09-12,4,Ankara 75. Yıl Hipodromu,1300.0,GREY KING,HIŞMAN ÇİZİK,OZAN BULUT,57.0,7,0.0,50.0,50.0,50.0,50.0,88.0,10.32,0,0.0
2026-09-12-Ankara 75. Yıl Hipodromu-4,2026-09-12,4,Ankara 75. Yıl Hipodromu,1300.0,KİNG VELİ,NİZAMETTİN DEMİR,SEİT KAN,57.0,3,0.0,50.0,50.0,50.0,50.0,88.0,9.99,0,0.0
2026-09-12-Ankara 75. Yıl Hipodromu-4,2026-09-12,4,Ankara 75. Yıl Hipodromu,1300.0,MR BATUR,ERAY ÇİZİK,İLKER KÖROĞLU,57.0,6,0.0,50.0,50.0,50.0,50.0,88.0,5.0,0,0.0
2026-09-12-Ankara 75. Yıl Hipodromu-4,2026-09-12,4,Ankara 75. Yıl Hipodromu,1300.0,PASADENA,AYHAN KURŞUN,ŞEFİK AYDEMİR,57.0,4,0.0,50.0,50.0,50.0,50.0,88.0,16.29,0,0.0
2026-09-12-Ankara 75. Yıl Hipodromu-4,2026-09-12,4,Ankara 75. Yıl Hipodromu,1300.0,SECRET INSIDER,ERHAN AKTUĞ,ŞEFİK AYDEMİR,57.0,8,0.0,50.0,50.0,50.0,50.0,88.0,3.08,0,0.0
2026-09-12-Ankara 75. Yıl Hipodromu-5,2026-09-12,5,Ankara 75. Yıl Hipodromu,1900.0,GRAY DREAM,HALİS KARATAŞ,OZAN BULUT,56.5,1,0.0,50.0,50.0,50.0,50.0,86.0,16.73,0,69.0
2026-09-12-Ankara 75. Yıl Hipodromu-5,2026-09-12,5,Ankara 75. Yıl Hipodromu,1900.0,LA JEFA,ÖZCAN YILDIRIM,HÜSEYİN ATAŞ,58.0,5,0.0,50.0,50.0,50.0,50.0,92.0,16.28,0,94.0
2026-09-12-Ankara 75. Yıl Hipodromu-5,2026-09-12,5,Ankara 75. Yıl Hipodromu,1900.0,LOVE SEA,MEHMET AKYAVUZ,ERDAL AKYAVUZ,58.0,4,0.0,50.0,50.0,50.0,50.0,92.0,5.86,0,80.0
2026-09-12-Ankara 75. Yıl Hipodromu-5,2026-09-12,5,Ankara 75. Yıl Hipodromu,1900.0,MAHALL,AYHAN KURŞUN,OSMAN GİRİŞKİN,60.0,3,100.0,100.0,50.0,100.0,100.0,100.0,20.53,1,89.0
2026-09-12-Ankara 75. Yıl Hipodromu-5,2026-09-12,5,Ankara 75. Yıl Hipodromu,1900.0,MAKUL,AKIN SÖZEN,YÜCEL ŞİMŞEK,57.0,7,70.0,64.0,50.0,50.0,64.0,88.0,7.03,1,85.0
2026-09-12-Ankara 75. Yıl Hipodromu-5,2026-09-12,5,Ankara 75. Yıl Hipodromu,1900.0,MELIAN THE MAIA,ERAY ÇİZİK,İLKER KÖROĞLU,56.0,2,0.0,50.0,50.0,50.0,50.0,84.0,12.28,0,77.0
2026-09-12-Ankara 75. Yıl Hipodromu-5,2026-09-12,5,Ankara 75. Yıl Hipodromu,1900.0,SER VEYRON,ERCAN ÇANKAYA,RACİ ATLI,60.0,8,85.0,82.0,50.0,82.0,82.0,100.0,9.44,1,95.0
2026-09-12-Ankara 75. Yıl Hipodromu-5,2026-09-12,5,Ankara 75. Yıl Hipodromu,1900.0,İPHİKLOS,GÖKHAN KOCAKAYA,HALİL KABUKCI,63.0,6,0.0,50.0,50.0,50.0,50.0,88.0,11.86,0,90.0
2026-09-12-Ankara 75. Yıl Hipodromu-6,2026-09-12,6,Ankara 75. Yıl Hipodromu,1600.0,BUILD YOUR DREAMS,ERCAN ÇANKAYA,ADEM GÜVEN,54.0,7,55.0,46.0,46.0,50.0,46.0,76.0,3.29,1,92.0
2026-09-12-Ankara 75. Yıl Hipodromu-6,2026-09-12,6,Ankara 75. Yıl Hipodromu,1600.0,CRAZY DILDAR,MÜSLÜM ÇELİK,CUMALİ KARATAŞ,55.0,6,55.0,46.0,50.0,50.0,46.0,80.0,1.58,2,46.0
2026-09-12-Ankara 75. Yıl Hipodromu-6,2026-09-12,6,Ankara 75. Yıl Hipodromu,1600.0,DARK VEYRON,MERT ALİ SOLMAZ,VEDAT YILDIRIM,58.0,2,0.0,50.0,50.0,50.0,50.0,92.0,17.31,0,80.0
2026-09-12-Ankara 75. Yıl Hipodromu-6,2026-09-12,6,Ankara 75. Yıl Hipodromu,1600.0,GHOST COMMANDER,AYHAN KURŞUN,TUNCAY ATEŞ,60.0,3,0.0,50.0,50.0,50.0,50.0,100.0,8.21,0,78.0
2026-09-12-Ankara 75. Yıl Hipodromu-6,2026-09-12,6,Ankara 75. Yıl Hipodromu,1600.0,MASTER OF RACE,ÖZCAN YILDIRIM,İSMET TEKİNALP,58.0,4,85.0,82.0,82.0,50.0,82.0,92.0,18.92,1,79.0
2026-09-12-Ankara 75. Yıl Hipodromu-6,2026-09-12,6,Ankara 75. Yıl Hipodromu,1600.0,OĞLUM GALİBEY,NİZAMETTİN DEMİR,SEİT KAN,54.0,5,55.0,46.0,28.0,64.0,46.0,76.0,4.42,2,71.0
2026-09-12-Ankara 75. Yıl Hipodromu-6,2026-09-12,6,Ankara 75. Yıl Hipodromu,1600.0,VOICE OF KHAN,GÖKHAN KOCAKAYA,CANER AKGÜL,59.0,1,0.0,50.0,50.0,50.0,50.0,96.0,46.28,0,87.0
2026-09-12-Ankara 75. Yıl Hipodromu-7,2026-09-12,7,Ankara 75. Yıl Hipodromu,1400.0,AL YELE,HALİS KARATAŞ,İBRAHİM BEKİROĞULLARI,57.0,4,0.0,50.0,50.0,50.0,50.0,88.0,0.0,0,54.0
2026-09-12-Ankara 75. Yıl Hipodromu-7,2026-09-12,7,Ankara 75. Yıl Hipodromu,1400.0,DESIGNER,MEHMET AKYAVUZ,MEHMET DEMİROL,57.0,3,55.0,46.0,46.0,46.0,46.0,88.0,0.0,1,44.0
2026-09-12-Ankara 75. Yıl Hipodromu-7,2026-09-12,7,Ankara 75. Yıl Hipodromu,1400.0,MISS DEVRAN,GÖKHAN KOCAKAYA,İLKER KÖROĞLU,57.0,6,0.0,50.0,50.0,50.0,50.0,88.0,0.0,0,42.0
2026-09-12-Ankara 75. Yıl Hipodromu-7,2026-09-12,7,Ankara 75. Yıl Hipodromu,1400.0,O BİR VAHŞİ,MÜSLÜM ÇELİK,ERGÜN ÇETİNKURT,57.0,2,100.0,100.0,100.0,50.0,100.0,88.0,0.0,1,47.0
2026-09-12-Ankara 75. Yıl Hipodromu-7,2026-09-12,7,Ankara 75. Yıl Hipodromu,1400.0,SHA CARRI,FESİH ÇETİNBAŞ,HÜSEYİN SUNKAR,57.0,5,35.0,32.0,32.0,50.0,50.0,88.0,0.0,2,28.0
2026-09-12-Ankara 75. Yıl Hipodromu-7,2026-09-12,7,Ankara 75. Yıl Hipodromu,1400.0,TOM RAIDER,ÖZCAN YILDIRIM,SEİT KAN,57.0,1,70.0,64.0,64.0,64.0,64.0,88.0,0.0,2,63.0
2026-09-12-Ankara 75. Yıl Hipodromu-8,2026-09-12,8,Ankara 75. Yıl Hipodromu,1300.0,ADEN PAPATYA,FATİH SULTAN MEHMET SANSAR,MURAT ALAÇAM,55.0,6,0.0,50.0,50.0,50.0,50.0,80.0,0.0,0,0.0
2026-09-12-Ankara 75. Yıl Hipodromu-8,2026-09-12,8,Ankara 75. Yıl Hipodromu,1300.0,ATOMIC ANT,HALİS KARATAŞ,İBRAHİM BEKİROĞULLARI,57.0,1,0.0,50.0,50.0,50.0,50.0,88.0,0.0,0,0.0
2026-09-12-Ankara 75. Yıl Hipodromu-8,2026-09-12,8,Ankara 75. Yıl Hipodromu,1300.0,DALLAS MUCHO,GÖKHAN KOCAKAYA,MUSTAFA GÜRCÜ,57.0,5,0.0,50.0,50.0,50.0,50.0,88.0,0.0,0,0.0
2026-09-12-Ankara 75. Yıl Hipodromu-8,2026-09-12,8,Ankara 75. Yıl Hipodromu,1300.0,DREAMER MAN,AYHAN KURŞUN,ŞEFİK AYDEMİR,57.0,3,0.0,50.0,50.0,50.0,50.0,88.0,0.0,0,0.0
2026-09-12-Ankara 75. Yıl Hipodromu-8,2026-09-12,8,Ankara 75. Yıl Hipodromu,1300.0,LONGEVITY,MÜSLÜM ÇELİK,ÖMER ALAÇAM,57.0,4,0.0,50.0,50.0,50.0,50.0,88.0,0.0,0,0.0
2026-09-12-Ankara 75. Yıl Hipodromu-8,2026-09-12,8,Ankara 75. Yıl Hipodromu,1300.0,PAGANINI,HIŞMAN ÇİZİK,FERDİ KİP,57.0,2,0.0,50.0,50.0,50.0,50.0,88.0,0.0,0,0.0
2026-09-12-Ankara 75. Yıl Hipodromu-8,2026-09-12,8,Ankara 75. Yıl Hipodromu,1300.0,WHITE TRACE PUPETS,MERT GÖKALP ARSLAN,ERTAN ACER,57.0,7,0.0,50.0,50.0,50.0,50.0,88.0,0.0,0,0.0
2026-09-12-Ankara 75. Yıl Hipodromu-9,2026-09-12,9,Ankara 75. Yıl Hipodromu,1400.0,ALŞUBATHAN,FESİH ÇETİNBAŞ,ERGÜN ÇETİNKURT,55.0,5,25.0,10.0,10.0,50.0,10.0,80.0,0.0,1,45.0
2026-09-12-Ankara 75. Yıl Hipodromu-9,2026-09-12,9,Ankara 75. Yıl Hipodromu,1400.0,DİLMAKIZ,FATİH SULTAN MEHMET SANSAR,MEHMET DEMİROL,54.0,3,70.0,64.0,64.0,64.0,64.0,76.0,0.0,1,43.0
2026-09-12-Ankara 75. Yıl Hipodromu-9,2026-09-12,9,Ankara 75. Yıl Hipodromu,1400.0,DİSTİLE,MEHMET TAHA COŞKUN,HÜSEYİN KAYA,59.0,1,55.0,28.0,28.0,28.0,28.0,96.0,0.0,2,59.0
2026-09-12-Ankara 75. Yıl Hipodromu-9,2026-09-12,9,Ankara 75. Yıl Hipodromu,1400.0,KATICESUR,ERCAN ÇANKAYA,CASIM KATI,59.0,7,55.0,46.0,46.0,46.0,46.0,96.0,0.0,1,53.0
2026-09-12-Ankara 75. Yıl Hipodromu-9,2026-09-12,9,Ankara 75. Yıl Hipodromu,1400.0,MENDERES KIZI,MÜSLÜM ÇELİK,RAMAZAN TAŞDELEN,53.0,4,0.0,50.0,50.0,50.0,50.0,72.0,0.0,0,41.0
2026-09-12-Ankara 75. Yıl Hipodromu-9,2026-09-12,9,Ankara 75. Yıl Hipodromu,1400.0,PERVARİ,ERAY ÇİZİK,MEHMET DEMİROL,55.0,6,55.0,46.0,50.0,50.0,46.0,80.0,0.0,1,45.0
2026-09-12-Ankara 75. Yıl Hipodromu-9,2026-09-12,9,Ankara 75. Yıl Hipodromu,1400.0,SAKARBAŞI KIZI,MEHMET KESKİN,HASAN YILDIRIM,58.0,9,0.0,0.0,50.0,50.0,0.0,92.0,0.0,1,48.0
2026-09-12-Ankara 75. Yıl Hipodromu-9,2026-09-12,9,Ankara 75. Yıl Hipodromu,1400.0,SERDENİZ,HIŞMAN ÇİZİK,SERHAT POLAT,63.0,2,85.0,82.0,82.0,82.0,82.0,88.0,0.0,1,61.0
2026-09-12-Ankara 75. Yıl Hipodromu-9,2026-09-12,9,Ankara 75. Yıl Hipodromu,1400.0,YÜCEOĞUL,MERT GÖKALP ARSLAN,CUMA DEMİR,54.5,8,0.0,0.0,0.0,50.0,0.0,78.0,0.0,1,44.0
2026-09-12-Ankara 75. Yıl Hipodromu-9,2026-09-12,9,Ankara 75. Yıl Hipodromu,1400.0,İKİGAİ,ERTUĞRUL CANKILIÇ,HAKKI TARIK DİKENCİK,60.5,10,25.0,50.0,50.0,50.0,50.0,98.0,0.0,2,57.0
2026-09-12-Diyarbakır Hipodromu-1,2026-09-12,1,Diyarbakır Hipodromu,1800.0,AKGOLD DATÇA,HAKİM YÖNDEN,MEHMET KAYA,52.0,8,5.0,0.0,0.0,0.0,0.0,68.0,1.2,2,38.0
2026-09-12-Diyarbakır Hipodromu-1,2026-09-12,1,Diyarbakır Hipodromu,1800.0,CENGEBEY,YUSUF CENGİZ,ERCAN ALTIN,60.0,5,55.0,50.0,46.0,50.0,46.0,100.0,8.69,2,62.0
2026-09-12-Diyarbakır Hipodromu-1,2026-09-12,1,Diyarbakır Hipodromu,1800.0,DEBDEBE,FERİT YARDIMCI,EYYÜP YARDIMCI,58.0,6,0.0,50.0,50.0,50.0,50.0,92.0,34.35,0,79.0
2026-09-12-Diyarbakır Hipodromu-1,2026-09-12,1,Diyarbakır Hipodromu,1800.0,DEMİR ATLAS,İLKER AKIN,BAHATTİN DEMİRKAPU,54.0,7,0.0,50.0,0.0,50.0,50.0,76.0,1.97,2,53.0
2026-09-12-Diyarbakır Hipodromu-1,2026-09-12,1,Diyarbakır Hipodromu,1800.0,DEVRİALEM,MEHMET ALİ AKTÜRK,MEHMET ALİ SUBAY,56.0,9,0.0,50.0,50.0,50.0,50.0,84.0,1.9,0,70.0
2026-09-12-Diyarbakır Hipodromu-1,2026-09-12,1,Diyarbakır Hipodromu,1800.0,GAYECAN,SAMİ KAPLAN,BAHATTİN DEMİRKAPU,55.0,4,0.0,0.0,50.0,0.0,0.0,80.0,2.91,1,66.0
2026-09-12-Diyarbakır Hipodromu-1,2026-09-12,1,Diyarbakır Hipodromu,1800.0,KARAŞİMŞEK,İSA KATAR,HAKAN ATAKAYA,56.0,10,10.0,0.0,50.0,50.0,0.0,84.0,6.62,1,71.0
2026-09-12-Diyarbakır Hipodromu-1,2026-09-12,1,Diyarbakır Hipodromu,1800.0,OĞLUMBENİM,AZİZ AKDEMİR,ZEKERİYA AKDEMİR,62.0,3,10.0,50.0,0.0,50.0,0.0,92.0,5.47,1,76.0
2026-09-12-Diyarbakır Hipodromu-1,2026-09-12,1,Diyarbakır Hipodromu,1800.0,RÜZGAR DELEN,MEHMET ŞAKİR,MEHMET GÜNDÜZ,57.0,12,0.0,50.0,50.0,50.0,50.0,88.0,2.2,0,57.0
2026-09-12-Diyarbakır Hipodromu-1,2026-09-12,1,Diyarbakır Hipodromu,1800.0,TARGUTAY,NECMİ ALTIN,SÜLEYMAN KARAKEÇİLİ,56.0,2,12.5,5.0,10.0,50.0,5.0,84.0,8.96,2,72.0
2026-09-12-Diyarbakır Hipodromu-1,2026-09-12,1,Diyarbakır Hipodromu,1800.0,YALNIZ BABA,LEVENT TAPTIK,MEHMET ALİ SUBAY,56.0,1,70.0,64.0,64.0,64.0,64.0,84.0,24.32,1,72.0
2026-09-12-Diyarbakır Hipodromu-1,2026-09-12,1,Diyarbakır Hipodromu,1800.0,ÖZARAS,MUSTAFA IŞIK,BAHATTİN DEMİRKAPU,58.0,11,0.0,0.0,50.0,50.0,0.0,92.0,1.41,1,57.0
2026-09-12-Diyarbakır Hipodromu-2,2026-09-12,2,Diyarbakır Hipodromu,1200.0,BALATÜRK,LEVENT TAPTIK,GÜNER ÖZER,56.0,7,0.0,50.0,50.0,50.0,50.0,84.0,2.65,1,33.0
2026-09-12-Diyarbakır Hipodromu-2,2026-09-12,2,Diyarbakır Hipodromu,1200.0,BELALI CİBEK,MEHMET ŞAKİR,MEHMET GÜNDÜZ,55.0,6,0.0,50.0,50.0,50.0,50.0,80.0,2.81,0,52.0
2026-09-12-Diyarbakır Hipodromu-2,2026-09-12,2,Diyarbakır Hipodromu,1200.0,CİHAN BABA,İLKER AKIN,HASAN TEKİNALP,56.0,10,0.0,50.0,50.0,50.0,50.0,84.0,2.83,0,30.0
2026-09-12-Diyarbakır Hipodromu-2,2026-09-12,2,Diyarbakır Hipodromu,1200.0,FATMA HANIM,HAKİM YÖNDEN,MEHMET KAYA,52.0,3,85.0,82.0,50.0,50.0,82.0,68.0,5.95,1,45.0
2026-09-12-Diyarbakır Hipodromu-2,2026-09-12,2,Diyarbakır Hipodromu,1200.0,KAPGAN KAĞAN,ABDULLAH ÇANKAYA,SÜLEYMAN KARAKEÇİLİ,54.0,4,0.0,50.0,50.0,0.0,50.0,76.0,2.16,1,17.0
2026-09-12-Diyarbakır Hipodromu-2,2026-09-12,2,Diyarbakır Hipodromu,1200.0,KARA MAHO,SEZER ÇELİK,ERCAN ALTIN,56.0,11,0.0,50.0,50.0,50.0,50.0,84.0,5.28,0,39.0
2026-09-12-Diyarbakır Hipodromu-2,2026-09-12,2,Diyarbakır Hipodromu,1200.0,KAYNARHANIM,İSA KATAR,MEHMET ALİ SUBAY,56.0,5,0.0,50.0,50.0,50.0,50.0,84.0,16.22,0,59.0
2026-09-12-Diyarbakır Hipodromu-2,2026-09-12,2,Diyarbakır Hipodromu,1200.0,NUR KADER,CANER YILDIRIM,HAKAN ATAKAYA,54.0,14,0.0,50.0,50.0,50.0,50.0,76.0,1.71,0,36.0
2026-09-12-Diyarbakır Hipodromu-2,2026-09-12,2,Diyarbakır Hipodromu,1200.0,POWER OF RED,NECMİ ALTIN,MEHMET KAYA,56.0,8,27.5,50.0,46.0,50.0,23.0,84.0,8.43,2,36.0
2026-09-12-Diyarbakır Hipodromu-2,2026-09-12,2,Diyarbakır Hipodromu,1200.0,RECOHAT,YİĞİT ASLAN,HASAN TEKİNALP,54.0,13,0.0,50.0,50.0,50.0,50.0,76.0,1.06,0,26.0
2026-09-12-Diyarbakır Hipodromu-2,2026-09-12,2,Diyarbakır Hipodromu,1200.0,SULTAN ASİYE,MEHMET ALİ AKTÜRK,MEHMET ALİ SUBAY,58.0,1,55.0,50.0,50.0,46.0,46.0,92.0,22.74,1,67.0
2026-09-12-Diyarbakır Hipodromu-2,2026-09-12,2,Diyarbakır Hipodromu,1200.0,TAYKUTBEY,TAMER BALİ,ELİF AÇMAZ,54.0,12,0.0,50.0,50.0,50.0,50.0,76.0,1.32,0,32.0
2026-09-12-Diyarbakır Hipodromu-2,2026-09-12,2,Diyarbakır Hipodromu,1200.0,TAYTUNGA,SAMİ KAPLAN,MEHMET KAYA,58.0,9,100.0,100.0,50.0,50.0,100.0,92.0,11.81,1,46.0
2026-09-12-Diyarbakır Hipodromu-2,2026-09-12,2,Diyarbakır Hipodromu,1200.0,ÖMERİNOĞLU,FERİT YARDIMCI,ELİF AÇMAZ,58.0,2,27.5,46.0,46.0,50.0,23.0,92.0,15.03,2,56.0
2026-09-12-Diyarbakır Hipodromu-3,2026-09-12,3,Diyarbakır Hipodromu,1200.0,AZİZOĞLUM,HAKİM YÖNDEN,HASAN TEKİNALP,52.0,7,0.0,50.0,50.0,50.0,50.0,68.0,2.71,0,14.0
2026-09-12-Diyarbakır Hipodromu-3,2026-09-12,3,Diyarbakır Hipodromu,1200.0,BY SİNANLI,TAMER BALİ,MUHAMMED BULUÇ,53.0,5,10.0,50.0,0.0,50.0,0.0,72.0,3.07,1,12.0
2026-09-12-Diyarbakır Hipodromu-3,2026-09-12,3,Diyarbakır Hipodromu,1200.0,JER,SAMİ KAPLAN,EMRAH ÇİZİK,55.0,3,85.0,50.0,82.0,82.0,50.0,80.0,23.78,1,0.0
2026-09-12-Diyarbakır Hipodromu-3,2026-09-12,3,Diyarbakır Hipodromu,1200.0,LION DUBAI,CANER YILDIRIM,MEHMET KAYA,55.0,8,0.0,50.0,50.0,50.0,50.0,80.0,2.31,0,6.0
2026-09-12-Diyarbakır Hipodromu-3,2026-09-12,3,Diyarbakır Hipodromu,1200.0,LOVE IS LOVE,MEHMET ŞAKİR,BAHATTİN DEMİRKAPU,55.0,9,0.0,0.0,0.0,50.0,0.0,80.0,1.42,1,0.0
2026-09-12-Diyarbakır Hipodromu-3,2026-09-12,3,Diyarbakır Hipodromu,1200.0,PAPA CLAS,İSA KATAR,SÜLEYMAN KARAKEÇİLİ,55.0,1,25.0,50.0,10.0,10.0,10.0,80.0,18.92,1,21.0
2026-09-12-Diyarbakır Hipodromu-3,2026-09-12,3,Diyarbakır Hipodromu,1200.0,PRINCESS AZRA,AZİZ AKDEMİR,ZEKERİYA AKDEMİR,54.0,4,10.0,50.0,0.0,50.0,0.0,76.0,12.17,1,0.0
2026-09-12-Diyarbakır Hipodromu-3,2026-09-12,3,Diyarbakır Hipodromu,1200.0,TERKAN GÜZELİ,NECMİ ALTIN,MEHMET KAYA,55.0,2,0.0,50.0,50.0,50.0,50.0,80.0,28.51,0,26.0
2026-09-12-Diyarbakır Hipodromu-3,2026-09-12,3,Diyarbakır Hipodromu,1200.0,ÇİKOK FIRTINASI,MUSTAFA IŞIK,HAKAN ATAKAYA,55.0,6,0.0,0.0,0.0,50.0,0.0,80.0,4.67,1,24.0
2026-09-12-Diyarbakır Hipodromu-4,2026-09-12,4,Diyarbakır Hipodromu,2000.0,ANADOLU KAPLANI,METE GÖL,ESER YILDIRIM,60.0,3,55.0,50.0,46.0,50.0,46.0,100.0,12.62,1,78.0
2026-09-12-Diyarbakır Hipodromu-4,2026-09-12,4,Diyarbakır Hipodromu,2000.0,BROMANCE,SEZER ÇELİK,HALİL TÜRKMAN,63.0,9,0.0,50.0,50.0,50.0,50.0,88.0,7.07,0,63.0
2026-09-12-Diyarbakır Hipodromu-4,2026-09-12,4,Diyarbakır Hipodromu,2000.0,FOOT LOOS,OKAN BEŞLİ,MAHMUT DOĞAN,60.0,8,40.0,50.0,28.0,50.0,28.0,100.0,6.62,1,68.0
2026-09-12-Diyarbakır Hipodromu-4,2026-09-12,4,Diyarbakır Hipodromu,2000.0,GOLD POWER,CANER YILDIRIM,OSMAN DEMİR,57.0,2,0.0,50.0,50.0,50.0,50.0,88.0,13.59,0,86.0
2026-09-12-Diyarbakır Hipodromu-4,2026-09-12,4,Diyarbakır Hipodromu,2000.0,KUTUP KIZI,YİĞİT ASLAN,SÜLEYMAN KARAKEÇİLİ,56.0,4,0.0,0.0,50.0,50.0,0.0,84.0,3.49,1,75.0
2026-09-12-Diyarbakır Hipodromu-4,2026-09-12,4,Diyarbakır Hipodromu,2000.0,MARDİ GRAS,TAMER BALİ,HALİL TÜRKMAN,58.0,1,70.0,50.0,64.0,50.0,50.0,92.0,17.66,1,50.0
2026-09-12-Diyarbakır Hipodromu-4,2026-09-12,4,Diyarbakır Hipodromu,2000.0,MY IRON,LEVENT TAPTIK,HASAN TEKİNALP,56.0,7,0.0,0.0,50.0,50.0,0.0,84.0,3.16,1,53.0
2026-09-12-Diyarbakır Hipodromu-4,2026-09-12,4,Diyarbakır Hipodromu,2000.0,NOW SEE ME,HAKİM YÖNDEN,MEHMET ALİ SUBAY,56.0,5,100.0,100.0,100.0,50.0,100.0,84.0,23.32,1,54.0
2026-09-12-Diyarbakır Hipodromu-4,2026-09-12,4,Diyarbakır Hipodromu,2000.0,SPEEDING BULLET,İLKER AKIN,HASAN TEKİNALP,57.0,6,55.0,46.0,46.0,50.0,46.0,88.0,11.08,1,63.0
2026-09-12-Diyarbakır Hipodromu-5,2026-09-12,5,Diyarbakır Hipodromu,1200.0,CEMİYET HAYATI,YUSUF CENGİZ,HALİL TÜRKMAN,58.0,9,10.0,0.0,0.0,50.0,0.0,92.0,6.52,1,44.0
2026-09-12-Diyarbakır Hipodromu-5,2026-09-12,5,Diyarbakır Hipodromu,1200.0,DEDEBEDO,ABDULLAH ÇANKAYA,BÜNYAMİN CENGİZ,53.0,4,70.0,50.0,50.0,50.0,64.0,72.0,4.13,1,34.0
2026-09-12-Diyarbakır Hipodromu-5,2026-09-12,5,Diyarbakır Hipodromu,1200.0,ENESPAŞA,SAMİ KAPLAN,EMRAH ÇİZİK,52.5,3,55.0,46.0,46.0,50.0,46.0,70.0,5.38,1,33.0
2026-09-12-Diyarbakır Hipodromu-5,2026-09-12,5,Diyarbakır Hipodromu,1200.0,GÜMÜŞÇELİK,İSA KATAR,HAKAN ATAKAYA,56.0,1,55.0,50.0,46.0,50.0,46.0,84.0,6.9,2,40.0
2026-09-12-Diyarbakır Hipodromu-5,2026-09-12,5,Diyarbakır Hipodromu,1200.0,HÜKÜMSÜREN,NECMİ ALTIN,ERCAN ALTIN,55.0,2,92.5,50.0,100.0,91.0,91.0,80.0,31.11,2,38.0
2026-09-12-Diyarbakır Hipodromu-5,2026-09-12,5,Diyarbakır Hipodromu,1200.0,SERHAN ATEŞİ,MUSTAFA IŞIK,BAHATTİN DEMİRKAPU,57.0,7,100.0,100.0,100.0,100.0,100.0,88.0,14.09,1,42.0
2026-09-12-Diyarbakır Hipodromu-5,2026-09-12,5,Diyarbakır Hipodromu,1200.0,ZEYDANTAY,FERİT YARDIMCI,HASAN TEKİNALP,57.5,6,10.0,50.0,0.0,50.0,50.0,90.0,9.51,1,43.0
2026-09-12-Diyarbakır Hipodromu-5,2026-09-12,5,Diyarbakır Hipodromu,1200.0,ÇİĞDEMGELİN,AZİZ AKDEMİR,HASAN TEKİNALP,54.0,5,92.5,100.0,91.0,50.0,100.0,76.0,17.28,2,36.0
2026-09-12-Diyarbakır Hipodromu-5,2026-09-12,5,Diyarbakır Hipodromu,1200.0,ŞAHİN MELTEM,HAKİM YÖNDEN,MEHMET KAYA,52.0,8,0.0,50.0,50.0,50.0,50.0,68.0,3.03,0,38.0
2026-09-12-Diyarbakır Hipodromu-6,2026-09-12,6,Diyarbakır Hipodromu,2000.0,ALTUNCAN,İSA KATAR,BAHATTİN DEMİRKAPU,62.0,9,0.0,50.0,50.0,50.0,50.0,92.0,4.97,0,54.0
2026-09-12-Diyarbakır Hipodromu-6,2026-09-12,6,Diyarbakır Hipodromu,2000.0,BANDID,FERİT YARDIMCI,VELİ ÇİZİK,58.0,13,77.5,50.0,46.0,50.0,73.0,92.0,18.39,2,46.0
2026-09-12-Diyarbakır Hipodromu-6,2026-09-12,6,Diyarbakır Hipodromu,2000.0,BERAT KAAN,NECMİ ALTIN,YELİZ BAYSAL,62.0,6,0.0,50.0,50.0,50.0,50.0,92.0,15.34,0,54.0
2026-09-12-Diyarbakır Hipodromu-6,2026-09-12,6,Diyarbakır Hipodromu,2000.0,DIVINE CHILD,HAKİM YÖNDEN,ELİF AÇMAZ,52.0,11,0.0,50.0,50.0,50.0,50.0,68.0,1.37,0,11.0
2026-09-12-Diyarbakır Hipodromu-6,2026-09-12,6,Diyarbakır Hipodromu,2000.0,FANDOROS,İLKER AKIN,OSMAN DEMİR,52.0,14,0.0,50.0,50.0,50.0,0.0,68.0,2.52,1,31.0
2026-09-12-Diyarbakır Hipodromu-6,2026-09-12,6,Diyarbakır Hipodromu,2000.0,KING ANCESTOR,ÇETİN CANPOLAT,ABDULKADİR AKIL,54.0,1,0.0,50.0,50.0,50.0,50.0,76.0,3.36,0,42.0
2026-09-12-Diyarbakır Hipodromu-6,2026-09-12,6,Diyarbakır Hipodromu,2000.0,MİRA CETİ,LEVENT TAPTIK,HASAN TEKİNALP,56.5,7,5.0,0.0,0.0,0.0,0.0,86.0,7.3,2,49.0
2026-09-12-Diyarbakır Hipodromu-6,2026-09-12,6,Diyarbakır Hipodromu,2000.0,NINJA,MEHMET ŞAKİR,MEHMET KAYA,60.0,3,0.0,0.0,0.0,50.0,50.0,100.0,3.7,1,54.0
2026-09-12-Diyarbakır Hipodromu-6,2026-09-12,6,Diyarbakır Hipodromu,2000.0,PATPAT,ABDULLAH ÇANKAYA,MEHMET ALİ SUBAY,55.5,4,0.0,50.0,50.0,50.0,50.0,82.0,2.52,0,41.0
2026-09-12-Diyarbakır Hipodromu-6,2026-09-12,6,Diyarbakır Hipodromu,2000.0,SERREŞ,MUSTAFA IŞIK,MEHMET ASLAN,58.0,12,0.0,50.0,50.0,50.0,50.0,92.0,5.88,0,46.0
2026-09-12-Diyarbakır Hipodromu-6,2026-09-12,6,Diyarbakır Hipodromu,2000.0,SILVEN,YUSUF CENGİZ,HASAN TEKİNALP,56.5,10,85.0,50.0,82.0,82.0,50.0,86.0,15.79,2,43.0
2026-09-12-Diyarbakır Hipodromu-6,2026-09-12,6,Diyarbakır Hipodromu,2000.0,TALEBE,SAMİ KAPLAN,ERCAN ALTIN,52.0,8,10.0,50.0,0.0,50.0,0.0,68.0,7.0,1,28.0
2026-09-12-Diyarbakır Hipodromu-6,2026-09-12,6,Diyarbakır Hipodromu,2000.0,THON KHITCHIBA,AZİZ AKDEMİR,YELİZ BAYSAL,56.0,2,40.0,50.0,28.0,50.0,50.0,84.0,8.49,1,42.0
2026-09-12-Diyarbakır Hipodromu-6,2026-09-12,6,Diyarbakır Hipodromu,2000.0,TORUNUM DEVRİM,TAMER BALİ,HAKAN ATAKAYA,52.0,5,25.0,50.0,50.0,50.0,10.0,68.0,3.37,1,25.0
2026-09-13-Adana Yeşiloba Hipodromu-1,2026-09-13,1,Adana Yeşiloba Hipodromu,1200.0,CRIMSON POWER,MEHMET ÇELİK,YUNUS TUNCAY,56.0,6,70.0,50.0,64.0,50.0,50.0,84.0,26.67,1,49.0
2026-09-13-Adana Yeşiloba Hipodromu-1,2026-09-13,1,Adana Yeşiloba Hipodromu,1200.0,GHOSHA,İSA KATAR,YELİZ BAYSAL,57.0,4,10.0,50.0,0.0,0.0,0.0,88.0,4.15,1,50.0
2026-09-13-Adana Yeşiloba Hipodromu-1,2026-09-13,1,Adana Yeşiloba Hipodromu,1200.0,HELL ANGEL,MEHMET ALİ AKGÖBEK,YAKUP ÇAĞLAR,53.0,8,25.0,10.0,10.0,50.0,10.0,72.0,0.73,1,0.0
2026-09-13-Adana Yeşiloba Hipodromu-1,2026-09-13,1,Adana Yeşiloba Hipodromu,1200.0,KING İZZET,HIŞMAN ÇİZİK,ERCAN ALTIN,57.0,2,55.0,46.0,46.0,50.0,50.0,88.0,9.11,1,36.0
2026-09-13-Adana Yeşiloba Hipodromu-1,2026-09-13,1,Adana Yeşiloba Hipodromu,1200.0,KRAL ALİÇO,SALİH ÇELİK,YUNUS TUNCAY,57.0,7,100.0,50.0,100.0,50.0,50.0,88.0,13.91,1,39.0
2026-09-13-Adana Yeşiloba Hipodromu-1,2026-09-13,1,Adana Yeşiloba Hipodromu,1200.0,LADY BROWN,NİZAMETTİN DEMİR,MEVLÜT TEK,55.0,1,100.0,100.0,100.0,100.0,100.0,80.0,15.49,1,42.0
2026-09-13-Adana Yeşiloba Hipodromu-1,2026-09-13,1,Adana Yeşiloba Hipodromu,1200.0,NOBLE CREST,MEHMET SALİH ÇELİK,MUSTAFA ÖZYİĞİT,58.0,3,0.0,50.0,50.0,50.0,50.0,92.0,25.79,0,43.0
2026-09-13-Adana Yeşiloba Hipodromu-1,2026-09-13,1,Adana Yeşiloba Hipodromu,1200.0,PINAR,VELAT DEMİR,HASAN TEKİNALP,56.0,5,85.0,50.0,82.0,50.0,50.0,84.0,4.14,1,37.0
2026-09-13-Adana Yeşiloba Hipodromu-2,2026-09-13,2,Adana Yeşiloba Hipodromu,1800.0,BABA DOÇKA,ERAY ÇİZİK,YAKUP ÇAĞLAR,52.0,2,100.0,100.0,50.0,50.0,100.0,68.0,14.18,1,51.0
2026-09-13-Adana Yeşiloba Hipodromu-2,2026-09-13,2,Adana Yeşiloba Hipodromu,1800.0,BERİD,MEHMET AKYAVUZ,MEHMET KAYA,62.5,10,32.5,28.0,19.0,28.0,19.0,90.0,5.59,2,68.0
2026-09-13-Adana Yeşiloba Hipodromu-2,2026-09-13,2,Adana Yeşiloba Hipodromu,1800.0,BEST ALYA,MEHMET KIYAK,YELİZ BAYSAL,54.0,4,0.0,0.0,0.0,50.0,0.0,76.0,1.5,1,55.0
2026-09-13-Adana Yeşiloba Hipodromu-2,2026-09-13,2,Adana Yeşiloba Hipodromu,1800.0,CAPTIVATING,MERT ALİ SOLMAZ,ERTAN ACER,51.5,6,25.0,50.0,10.0,50.0,50.0,66.0,12.86,1,53.0
2026-09-13-Adana Yeşiloba Hipodromu-2,2026-09-13,2,Adana Yeşiloba Hipodromu,1800.0,DOUBLE HEART,MEHMET ALİ AKGÖBEK,VEYSEL TEKİN,57.5,14,25.0,10.0,10.0,10.0,10.0,90.0,2.34,1,58.0
2026-09-13-Adana Yeşiloba Hipodromu-2,2026-09-13,2,Adana Yeşiloba Hipodromu,1800.0,EL INTOCABLE,MEHMET SALİH ÇELİK,YUNUS TUNCAY,55.0,9,85.0,50.0,50.0,50.0,82.0,80.0,25.57,1,53.0
2026-09-13-Adana Yeşiloba Hipodromu-2,2026-09-13,2,Adana Yeşiloba Hipodromu,1800.0,FAST FOTON,MEHMET TAHA COŞKUN,AVNİ KARAKUŞ,52.0,3,0.0,50.0,50.0,50.0,50.0,68.0,1.47,1,49.0
2026-09-13-Adana Yeşiloba Hipodromu-2,2026-09-13,2,Adana Yeşiloba Hipodromu,1800.0,GİZLİ KAHRAMAN,MURAT AKDAĞ,MEVLÜT TEK,50.0,8,10.0,0.0,50.0,50.0,0.0,60.0,0.32,1,37.0
2026-09-13-Adana Yeşiloba Hipodromu-2,2026-09-13,2,Adana Yeşiloba Hipodromu,1800.0,KİKİ FERRO,ROJHAT KURT,MEHMET KAYA,59.5,15,0.0,50.0,0.0,50.0,50.0,98.0,2.13,1,68.0
2026-09-13-Adana Yeşiloba Hipodromu-2,2026-09-13,2,Adana Yeşiloba Hipodromu,1800.0,LAMAZİ GOGO,MERT UYAR,VEYSEL TEKİN,53.0,13,0.0,50.0,50.0,50.0,50.0,72.0,0.67,0,49.0
2026-09-13-Adana Yeşiloba Hipodromu-2,2026-09-13,2,Adana Yeşiloba Hipodromu,1800.0,LAST LEVEL,MÜSLÜM ÇELİK,MEHMET DAŞ,52.0,1,70.0,64.0,64.0,50.0,64.0,68.0,13.96,1,44.0
2026-09-13-Adana Yeşiloba Hipodromu-2,2026-09-13,2,Adana Yeşiloba Hipodromu,1800.0,MY INVENTION,HIŞMAN ÇİZİK,ARZU KILIÇ,61.0,7,55.0,46.0,46.0,50.0,50.0,96.0,8.3,1,65.0
2026-09-13-Adana Yeşiloba Hipodromu-2,2026-09-13,2,Adana Yeşiloba Hipodromu,1800.0,SHINING FORCE,ENES ATLAMAZ,YUNUS TUNCAY,60.0,11,0.0,0.0,0.0,50.0,0.0,100.0,1.52,1,69.0
2026-09-13-Adana Yeşiloba Hipodromu-2,2026-09-13,2,Adana Yeşiloba Hipodromu,1800.0,TALADRRO,MÜCAHİT BAYIR,MUHAMMED AKYAVUZ,50.0,5,85.0,82.0,50.0,50.0,82.0,60.0,6.51,1,40.0
2026-09-13-Adana Yeşiloba Hipodromu-2,2026-09-13,2,Adana Yeşiloba Hipodromu,1800.0,TYRAXES,NİZAMETTİN DEMİR,ERCAN ALTIN,60.5,12,0.0,50.0,50.0,50.0,50.0,98.0,3.06,0,64.0
2026-09-13-Adana Yeşiloba Hipodromu-3,2026-09-13,3,Adana Yeşiloba Hipodromu,1200.0,ASİLBULUT,ERCAN ÇANKAYA,VEYSEL TEKİN,59.0,2,40.0,28.0,28.0,50.0,28.0,96.0,18.99,1,34.0
2026-09-13-Adana Yeşiloba Hipodromu-3,2026-09-13,3,Adana Yeşiloba Hipodromu,1200.0,GÖKFIRTINA,MEHMET SALİH ÇELİK,MUSTAFA ATAL,57.0,1,40.0,50.0,28.0,50.0,28.0,88.0,27.49,1,23.0
2026-09-13-Adana Yeşiloba Hipodromu-3,2026-09-13,3,Adana Yeşiloba Hipodromu,1200.0,GÜLGÜLAY,MEHMET TAHA COŞKUN,AYHAN DİNÇ,52.0,9,0.0,50.0,0.0,50.0,50.0,68.0,0.76,1,25.0
2026-09-13-Adana Yeşiloba Hipodromu-3,2026-09-13,3,Adana Yeşiloba Hipodromu,1200.0,HANKAN,MEHMET ALİ AKGÖBEK,AVNİ KARAKUŞ,57.0,6,0.0,50.0,50.0,50.0,50.0,88.0,7.9,0,0.0
2026-09-13-Adana Yeşiloba Hipodromu-3,2026-09-13,3,Adana Yeşiloba Hipodromu,1200.0,HAYATA İNAT GÜLÜMSE,TAMER BALİ,SÜLEYMAN KARAKEÇİLİ,53.0,3,0.0,50.0,50.0,50.0,50.0,72.0,2.27,0,0.0
2026-09-13-Adana Yeşiloba Hipodromu-3,2026-09-13,3,Adana Yeşiloba Hipodromu,1200.0,KIZIM DAMLA,ERAY ÇİZİK,YUNUS TUNCAY,55.0,7,55.0,50.0,46.0,50.0,50.0,80.0,5.68,1,28.0
2026-09-13-Adana Yeşiloba Hipodromu-3,2026-09-13,3,Adana Yeşiloba Hipodromu,1200.0,KOCA YÜREKLİ,NİZAMETTİN DEMİR,HÜSEYİN TEKİNALP,57.0,12,0.0,50.0,50.0,50.0,50.0,88.0,0.87,0,0.0
2026-09-13-Adana Yeşiloba Hipodromu-3,2026-09-13,3,Adana Yeşiloba Hipodromu,1200.0,KRALIN OĞLU,İLHAMİ GÖÇER,AYHAN DİNÇ,57.0,13,0.0,50.0,50.0,50.0,50.0,88.0,0.29,0,11.0
2026-09-13-Adana Yeşiloba Hipodromu-3,2026-09-13,3,Adana Yeşiloba Hipodromu,1200.0,MALATYA ÇAPKINI,FATİH RÜSTEM BEBEK,AHMET AKBABA,57.0,5,0.0,50.0,0.0,50.0,50.0,88.0,0.36,1,7.0
2026-09-13-Adana Yeşiloba Hipodromu-3,2026-09-13,3,Adana Yeşiloba Hipodromu,1200.0,OKAYGÜN,ROJHAT KURT,YUNUS TUNCAY,51.0,14,0.0,50.0,50.0,50.0,50.0,64.0,0.17,0,15.0
2026-09-13-Adana Yeşiloba Hipodromu-3,2026-09-13,3,Adana Yeşiloba Hipodromu,1200.0,PARLAK ELMAS,MEHMET ÇELİK,YUNUS TUNCAY,55.0,11,0.0,50.0,50.0,50.0,50.0,80.0,0.2,0,9.0
2026-09-13-Adana Yeşiloba Hipodromu-3,2026-09-13,3,Adana Yeşiloba Hipodromu,1200.0,SILANAZ,FATİH SULTAN MEHMET SANSAR,MUSTAFA ATAL,55.0,8,0.0,50.0,50.0,50.0,50.0,80.0,3.14,0,0.0
2026-09-13-Adana Yeşiloba Hipodromu-3,2026-09-13,3,Adana Yeşiloba Hipodromu,1200.0,YALINTAY,MEHMET KIYAK,AYHAN DİNÇ,54.0,15,0.0,50.0,50.0,50.0,50.0,76.0,0.22,0,0.0
2026-09-13-Adana Yeşiloba Hipodromu-3,2026-09-13,3,Adana Yeşiloba Hipodromu,1200.0,YILKAR,SALİH ÇELİK,KADİR TAŞDEMİR,55.0,10,0.0,50.0,50.0,50.0,50.0,80.0,16.06,0,27.0
2026-09-13-Adana Yeşiloba Hipodromu-3,2026-09-13,3,Adana Yeşiloba Hipodromu,1200.0,ŞİMŞEK ŞAHİN,MEHMET AKYAVUZ,SERHAT ALTUNDAĞ,57.0,4,0.0,50.0,50.0,50.0,50.0,88.0,15.6,0,0.0
2026-09-13-Adana Yeşiloba Hipodromu-4,2026-09-13,4,Adana Yeşiloba Hipodromu,1200.0,AĞADİZDAR,VELAT DEMİR,SERHAT CEYLAN,57.0,11,0.0,50.0,50.0,50.0,50.0,88.0,12.89,0,25.0
2026-09-13-Adana Yeşiloba Hipodromu-4,2026-09-13,4,Adana Yeşiloba Hipodromu,1200.0,DİLFER,NİZAMETTİN DEMİR,SERHAT ALTUNDAĞ,55.0,8,0.0,50.0,50.0,50.0,50.0,80.0,11.17,0,0.0
2026-09-13-Adana Yeşiloba Hipodromu-4,2026-09-13,4,Adana Yeşiloba Hipodromu,1200.0,EDEPLİ,İLKER AKIN,ERCAN ALTIN,53.0,9,0.0,50.0,0.0,0.0,0.0,72.0,0.23,1,7.0
2026-09-13-Adana Yeşiloba Hipodromu-4,2026-09-13,4,Adana Yeşiloba Hipodromu,1200.0,EFSANE KURT,FATİH RÜSTEM BEBEK,SERHAT CEYLAN,57.0,1,0.0,50.0,50.0,50.0,50.0,88.0,6.5,0,0.0
2026-09-13-Adana Yeşiloba Hipodromu-4,2026-09-13,4,Adana Yeşiloba Hipodromu,1200.0,IŞIKALP,HIŞMAN ÇİZİK,ERCAN ALTIN,57.0,4,32.5,50.0,46.0,50.0,50.0,88.0,10.15,2,20.0
2026-09-13-Adana Yeşiloba Hipodromu-4,2026-09-13,4,Adana Yeşiloba Hipodromu,1200.0,LEYDİ LEYLA,ERAY ÇİZİK,HASAN TEKİNALP,55.0,12,0.0,50.0,50.0,50.0,50.0,80.0,32.68,0,0.0
2026-09-13-Adana Yeşiloba Hipodromu-4,2026-09-13,4,Adana Yeşiloba Hipodromu,1200.0,MAÇA PAPAZI,MÜSLÜM ÇELİK,ADNAN POLAT,57.0,14,0.0,50.0,50.0,50.0,50.0,88.0,13.98,0,0.0
2026-09-13-Adana Yeşiloba Hipodromu-4,2026-09-13,4,Adana Yeşiloba Hipodromu,1200.0,MESUTBEYİ,MEHMET TAHA COŞKUN,ELİF AÇMAZ,53.0,6,0.0,50.0,0.0,50.0,50.0,72.0,1.19,1,0.0
2026-09-13-Adana Yeşiloba Hipodromu-4,2026-09-13,4,Adana Yeşiloba Hipodromu,1200.0,MOSKOVALI TANYA,SALİH ÇELİK,SÜLEYMAN KARAKEÇİLİ,55.0,3,0.0,50.0,50.0,50.0,50.0,80.0,3.66,0,10.0
2026-09-13-Adana Yeşiloba Hipodromu-4,2026-09-13,4,Adana Yeşiloba Hipodromu,1200.0,REYNA KIZI,ENES ATLAMAZ,YAKUP ÇAĞLAR,52.0,2,0.0,50.0,50.0,50.0,50.0,68.0,4.51,0,15.0
2026-09-13-Adana Yeşiloba Hipodromu-4,2026-09-13,4,Adana Yeşiloba Hipodromu,1200.0,UÇAN DERAY,MERT GÖKALP ARSLAN,MEHMET ARSLAN,55.0,10,0.0,50.0,0.0,50.0,0.0,80.0,1.14,1,0.0
2026-09-13-Adana Yeşiloba Hipodromu-4,2026-09-13,4,Adana Yeşiloba Hipodromu,1200.0,YEŞİL ORMAN,MEHMET ALİ AKGÖBEK,ALİ GÜLLÜ,57.0,13,0.0,50.0,50.0,50.0,50.0,88.0,0.79,0,9.0
2026-09-13-Adana Yeşiloba Hipodromu-4,2026-09-13,4,Adana Yeşiloba Hipodromu,1200.0,ZÜMRÜTCAN,MEHMET TİBET MURTOĞLU,YUNUS TUNCAY,51.0,5,0.0,0.0,0.0,0.0,0.0,64.0,0.26,1,0.0
2026-09-13-Adana Yeşiloba Hipodromu-4,2026-09-13,4,Adana Yeşiloba Hipodromu,1200.0,ŞEN ABLAM,MEHMET KIYAK,MEHMET KAYA,53.0,7,0.0,50.0,50.0,50.0,50.0,72.0,0.34,0,17.0
2026-09-13-Adana Yeşiloba Hipodromu-5,2026-09-13,5,Adana Yeşiloba Hipodromu,1900.0,ALMAS,MURAT AKDAĞ,AVNİ KARAKUŞ,50.0,14,0.0,0.0,50.0,50.0,0.0,60.0,0.7,1,26.0
2026-09-13-Adana Yeşiloba Hipodromu-5,2026-09-13,5,Adana Yeşiloba Hipodromu,1900.0,BALAK GAZİ,MEHMET ALİ AKGÖBEK,OSMAN DEMİR,59.5,17,0.0,50.0,50.0,50.0,50.0,98.0,2.07,0,48.0
2026-09-13-Adana Yeşiloba Hipodromu-5,2026-09-13,5,Adana Yeşiloba Hipodromu,1900.0,BÜYÜKATAK,MÜCAHİT BAYIR,MEVLÜT TEK,53.0,2,42.5,41.0,41.0,50.0,41.0,72.0,23.84,2,39.0
2026-09-13-Adana Yeşiloba Hipodromu-5,2026-09-13,5,Adana Yeşiloba Hipodromu,1900.0,BÜYÜKSULTAN,MERT ALİ SOLMAZ,VEDAT YILDIRIM,59.5,5,70.0,64.0,64.0,50.0,50.0,98.0,25.4,1,52.0
2026-09-13-Adana Yeşiloba Hipodromu-5,2026-09-13,5,Adana Yeşiloba Hipodromu,1900.0,BİRÇEKIZ,TAMER BALİ,VEYSEL TEKİN,52.0,16,0.0,50.0,50.0,50.0,50.0,68.0,0.35,0,15.0
2026-09-13-Adana Yeşiloba Hipodromu-5,2026-09-13,5,Adana Yeşiloba Hipodromu,1900.0,CANMERT,MEHMET TAHA COŞKUN,ADNAN POLAT,56.5,7,0.0,50.0,50.0,50.0,50.0,86.0,9.03,0,52.0
2026-09-13-Adana Yeşiloba Hipodromu-5,2026-09-13,5,Adana Yeşiloba Hipodromu,1900.0,DEMİRDÖVEN KIZI,ROJHAT KURT,ALİ GÜLLÜ,53.0,18,0.0,50.0,50.0,50.0,50.0,72.0,0.14,0,41.0
2026-09-13-Adana Yeşiloba Hipodromu-5,2026-09-13,5,Adana Yeşiloba Hipodromu,1900.0,HARPUT MUHAFIZI,SALİH ÇELİK,YAVUZ AKDAŞ,56.0,4,0.0,0.0,0.0,50.0,0.0,84.0,4.09,1,45.0
2026-09-13-Adana Yeşiloba Hipodromu-5,2026-09-13,5,Adana Yeşiloba Hipodromu,1900.0,HARŞİT BEYİ,ERCAN ÇANKAYA,MÜSLÜM ÖRTÜNÇ,59.0,12,0.0,50.0,50.0,50.0,0.0,96.0,12.23,1,51.0
2026-09-13-Adana Yeşiloba Hipodromu-5,2026-09-13,5,Adana Yeşiloba Hipodromu,1900.0,KRAL AHMET,ERKAN TUNÇ,YELİZ BAYSAL,56.5,13,0.0,0.0,0.0,50.0,0.0,86.0,0.25,1,42.0
2026-09-13-Adana Yeşiloba Hipodromu-5,2026-09-13,5,Adana Yeşiloba Hipodromu,1900.0,KÜÇÜK KARTAL,ENES ATLAMAZ,ERTAN ACER,52.0,10,0.0,0.0,0.0,50.0,50.0,68.0,0.37,1,30.0
2026-09-13-Adana Yeşiloba Hipodromu-5,2026-09-13,5,Adana Yeşiloba Hipodromu,1900.0,SEHERYELİ,NİZAMETTİN DEMİR,YUNUS TUNCAY,57.5,9,85.0,50.0,82.0,50.0,50.0,90.0,4.5,1,44.0
2026-09-13-Adana Yeşiloba Hipodromu-5,2026-09-13,5,Adana Yeşiloba Hipodromu,1900.0,TOS FER,MEHMET TİBET MURTOĞLU,YAKUP ÇAĞLAR,50.5,15,0.0,0.0,0.0,0.0,0.0,62.0,1.07,2,40.0
2026-09-13-Adana Yeşiloba Hipodromu-5,2026-09-13,5,Adana Yeşiloba Hipodromu,1900.0,VETCİHAN,FATİH SULTAN MEHMET SANSAR,MEHMET GÜNEŞ,52.0,3,55.0,46.0,46.0,46.0,46.0,68.0,7.16,1,35.0
2026-09-13-Adana Yeşiloba Hipodromu-5,2026-09-13,5,Adana Yeşiloba Hipodromu,1900.0,ÇELİK PARÇASI,MEHMET KIYAK,YUNUS TUNCAY,53.5,8,40.0,28.0,28.0,50.0,28.0,74.0,3.04,1,44.0
2026-09-13-Adana Yeşiloba Hipodromu-5,2026-09-13,5,Adana Yeşiloba Hipodromu,1900.0,ÇEŞMEBAŞI,VELAT DEMİR,YUNUS TUNCAY,56.5,6,0.0,50.0,50.0,50.0,50.0,86.0,1.51,0,46.0
2026-09-13-Adana Yeşiloba Hipodromu-5,2026-09-13,5,Adana Yeşiloba Hipodromu,1900.0,ÇİMENGÖZ,MEHMET ÇELİK,RESUL KAYA,53.5,11,0.0,0.0,0.0,50.0,0.0,74.0,0.27,2,36.0
2026-09-13-Adana Yeşiloba Hipodromu-5,2026-09-13,5,Adana Yeşiloba Hipodromu,1900.0,ŞAHLANTAY,MERT UYAR,TOLGA SÜSLÜ,60.0,1,0.0,50.0,50.0,50.0,0.0,100.0,3.99,1,59.0
2026-09-13-Adana Yeşiloba Hipodromu-6,2026-09-13,6,Adana Yeşiloba Hipodromu,1500.0,ABBAS BEY,MEHMET AKYAVUZ,MEHMET ARSLAN,59.5,3,85.0,50.0,82.0,50.0,50.0,98.0,59.75,1,90.0
2026-09-13-Adana Yeşiloba Hipodromu-6,2026-09-13,6,Adana Yeşiloba Hipodromu,1500.0,ANADOLU GÜCÜ,İSA KATAR,OSMAN DEMİR,60.5,11,0.0,50.0,50.0,50.0,50.0,98.0,0.36,0,87.0
2026-09-13-Adana Yeşiloba Hipodromu-6,2026-09-13,6,Adana Yeşiloba Hipodromu,1500.0,AĞA TALİP,MÜSLÜM ÇELİK,YUNUS TUNCAY,55.5,6,40.0,28.0,50.0,50.0,28.0,82.0,5.25,1,92.0
2026-09-13-Adana Yeşiloba Hipodromu-6,2026-09-13,6,Adana Yeşiloba Hipodromu,1500.0,EMSİDİ,NİZAMETTİN DEMİR,YELİZ BAYSAL,56.5,9,27.5,46.0,0.0,46.0,46.0,86.0,1.48,2,80.0
2026-09-13-Adana Yeşiloba Hipodromu-6,2026-09-13,6,Adana Yeşiloba Hipodromu,1500.0,ENDORFİN,FESİH ÇETİNBAŞ,MEHMET ARSLAN,61.5,2,0.0,50.0,0.0,50.0,50.0,94.0,8.01,1,95.0
2026-09-13-Adana Yeşiloba Hipodromu-6,2026-09-13,6,Adana Yeşiloba Hipodromu,1500.0,IRMAK SU,VELAT DEMİR,SAVAŞ DEMİR,56.0,5,25.0,50.0,10.0,50.0,10.0,84.0,0.53,1,81.0
2026-09-13-Adana Yeşiloba Hipodromu-6,2026-09-13,6,Adana Yeşiloba Hipodromu,1500.0,KADER GÜCÜ,FATİH SULTAN MEHMET SANSAR,RAMAZAN TAŞDELEN,56.5,4,55.0,50.0,50.0,50.0,46.0,86.0,2.35,1,83.0
2026-09-13-Adana Yeşiloba Hipodromu-6,2026-09-13,6,Adana Yeşiloba Hipodromu,1500.0,MİRŞEŞEN,ERAY ÇİZİK,YUNUS TUNCAY,59.5,10,100.0,100.0,50.0,50.0,100.0,98.0,2.3,2,76.0
2026-09-13-Adana Yeşiloba Hipodromu-6,2026-09-13,6,Adana Yeşiloba Hipodromu,1500.0,PUSAT BEYİ,MERT GÖKALP ARSLAN,MEHMET ARSLAN,55.5,7,0.0,50.0,0.0,50.0,0.0,82.0,0.28,2,72.0
2026-09-13-Adana Yeşiloba Hipodromu-6,2026-09-13,6,Adana Yeşiloba Hipodromu,1500.0,SEHHAR,MEHMET SALİH ÇELİK,ELİF AÇMAZ,59.5,8,55.0,50.0,50.0,50.0,50.0,98.0,2.74,1,85.0
2026-09-13-Adana Yeşiloba Hipodromu-6,2026-09-13,6,Adana Yeşiloba Hipodromu,1500.0,TAÇYİĞİT,HIŞMAN ÇİZİK,SÜLEYMAN KARAKEÇİLİ,59.5,1,40.0,50.0,28.0,50.0,50.0,98.0,3.54,2,88.0
2026-09-13-Adana Yeşiloba Hipodromu-6,2026-09-13,6,Adana Yeşiloba Hipodromu,1500.0,TUNÇDAĞ,ERCAN ÇANKAYA,OSMAN DEMİR,59.5,12,85.0,50.0,82.0,50.0,50.0,98.0,13.42,1,98.0
2026-09-13-Adana Yeşiloba Hipodromu-7,2026-09-13,7,Adana Yeşiloba Hipodromu,1200.0,DOĞANTÜRKBEYİ,MEHMET TAHA COŞKUN,ELİF AÇMAZ,59.0,8,85.0,50.0,50.0,50.0,82.0,96.0,0.0,2,89.0
2026-09-13-Adana Yeşiloba Hipodromu-7,2026-09-13,7,Adana Yeşiloba Hipodromu,1200.0,GARDAŞOV,NİZAMETTİN DEMİR,YUNUS TUNCAY,56.0,2,70.0,64.0,50.0,64.0,50.0,84.0,0.0,1,74.0
2026-09-13-Adana Yeşiloba Hipodromu-7,2026-09-13,7,Adana Yeşiloba Hipodromu,1200.0,GOLDEN RACER,ENES ATLAMAZ,İSMET AKKILIÇ,56.0,5,100.0,100.0,50.0,100.0,100.0,84.0,0.0,1,78.0
2026-09-13-Adana Yeşiloba Hipodromu-7,2026-09-13,7,Adana Yeşiloba Hipodromu,1200.0,HALLAND,ERAY ÇİZİK,ARZU KILIÇ,57.0,7,0.0,50.0,50.0,50.0,50.0,88.0,0.0,0,84.0
2026-09-13-Adana Yeşiloba Hipodromu-7,2026-09-13,7,Adana Yeşiloba Hipodromu,1200.0,HEARTED,ERCAN ÇANKAYA,HÜSEYİN TEKİNALP,57.0,11,55.0,50.0,46.0,46.0,46.0,88.0,0.0,1,90.0
2026-09-13-Adana Yeşiloba Hipodromu-7,2026-09-13,7,Adana Yeşiloba Hipodromu,1200.0,LATİF AĞA,MEHMET ALİ AKGÖBEK,RESUL KAYA,56.0,13,0.0,0.0,0.0,0.0,0.0,84.0,0.0,2,38.0
2026-09-13-Adana Yeşiloba Hipodromu-7,2026-09-13,7,Adana Yeşiloba Hipodromu,1200.0,MISTER MIN JOU,FATİH SULTAN MEHMET SANSAR,ALPER CİĞER,52.5,9,0.0,50.0,50.0,50.0,50.0,70.0,0.0,0,60.0
2026-09-13-Adana Yeşiloba Hipodromu-7,2026-09-13,7,Adana Yeşiloba Hipodromu,1200.0,MUALLİMBEY,FATİH RÜSTEM BEBEK,YUNUS TUNCAY,56.0,14,0.0,0.0,0.0,0.0,0.0,84.0,0.0,2,48.0
2026-09-13-Adana Yeşiloba Hipodromu-7,2026-09-13,7,Adana Yeşiloba Hipodromu,1200.0,REFLECTED GLORY,MEHMET SALİH ÇELİK,RAMAZAN TAŞDELEN,60.0,1,0.0,50.0,50.0,50.0,50.0,100.0,0.0,0,76.0
2026-09-13-Adana Yeşiloba Hipodromu-7,2026-09-13,7,Adana Yeşiloba Hipodromu,1200.0,SARI MAMBA,MEHMET AKYAVUZ,MEHRİBAN ÇİÇEK,57.0,3,40.0,28.0,50.0,50.0,50.0,88.0,0.0,1,75.0
2026-09-13-Adana Yeşiloba Hipodromu-7,2026-09-13,7,Adana Yeşiloba Hipodromu,1200.0,SIRIUS BLACK,VELAT DEMİR,ABDULLAH KIZILYAMAÇ,56.0,12,5.0,0.0,0.0,50.0,50.0,84.0,0.0,2,73.0
2026-09-13-Adana Yeşiloba Hipodromu-7,2026-09-13,7,Adana Yeşiloba Hipodromu,1200.0,SMART CHILDREN,HIŞMAN ÇİZİK,ARZU KILIÇ,58.0,4,0.0,50.0,50.0,50.0,50.0,92.0,0.0,0,87.0
2026-09-13-Adana Yeşiloba Hipodromu-7,2026-09-13,7,Adana Yeşiloba Hipodromu,1200.0,TEK NERGİZ,TAMER BALİ,YUNUS TUNCAY,54.0,6,25.0,10.0,10.0,10.0,10.0,76.0,0.0,1,51.0
2026-09-13-Adana Yeşiloba Hipodromu-7,2026-09-13,7,Adana Yeşiloba Hipodromu,1200.0,TOMANBAY,İLHAMİ GÖÇER,YAKUP MİSDİK,55.5,15,0.0,50.0,50.0,50.0,50.0,82.0,0.0,0,0.0
2026-09-13-Adana Yeşiloba Hipodromu-7,2026-09-13,7,Adana Yeşiloba Hipodromu,1200.0,WAR VOEL,SALİH ÇELİK,MUSTAFA ÖZYİĞİT,56.0,10,0.0,50.0,50.0,50.0,50.0,84.0,0.0,0,72.0
2026-09-13-Adana Yeşiloba Hipodromu-8,2026-09-13,8,Adana Yeşiloba Hipodromu,1200.0,ASTAKOS,FATİH SULTAN MEHMET SANSAR,MUSTAFA ATAL,55.0,2,70.0,50.0,64.0,50.0,64.0,80.0,0.0,1,27.0
2026-09-13-Adana Yeşiloba Hipodromu-8,2026-09-13,8,Adana Yeşiloba Hipodromu,1200.0,ASİ KADIN,VELAT DEMİR,MUSTAFA ATAL,55.0,4,0.0,50.0,50.0,50.0,50.0,80.0,0.0,0,25.0
2026-09-13-Adana Yeşiloba Hipodromu-8,2026-09-13,8,Adana Yeşiloba Hipodromu,1200.0,CANOĞLU YILDIZI,ROJHAT KURT,AVNİ KARAKUŞ,53.0,11,0.0,50.0,50.0,50.0,50.0,72.0,0.0,0,8.0
2026-09-13-Adana Yeşiloba Hipodromu-8,2026-09-13,8,Adana Yeşiloba Hipodromu,1200.0,ETİHAN,ENES ATLAMAZ,AVNİ KARAKUŞ,53.0,7,0.0,50.0,50.0,50.0,50.0,72.0,0.0,0,0.0
2026-09-13-Adana Yeşiloba Hipodromu-8,2026-09-13,8,Adana Yeşiloba Hipodromu,1200.0,FERİTBATUR,ERAY ÇİZİK,SERHAT CEYLAN,59.0,10,0.0,0.0,0.0,50.0,50.0,96.0,0.0,1,38.0
2026-09-13-Adana Yeşiloba Hipodromu-8,2026-09-13,8,Adana Yeşiloba Hipodromu,1200.0,GÜLBEGÜM,MEHMET ALİ AKGÖBEK,YAVUZ AKDAŞ,55.0,15,0.0,50.0,50.0,50.0,50.0,80.0,0.0,0,0.0
2026-09-13-Adana Yeşiloba Hipodromu-8,2026-09-13,8,Adana Yeşiloba Hipodromu,1200.0,KAPIKULELİ,NİZAMETTİN DEMİR,ALİ ÇIKMAN,55.0,8,0.0,50.0,0.0,50.0,50.0,80.0,0.0,1,0.0
2026-09-13-Adana Yeşiloba Hipodromu-8,2026-09-13,8,Adana Yeşiloba Hipodromu,1200.0,KATI HANIM,MURAT AKDAĞ,YUNUS TUNCAY,51.0,5,12.5,5.0,5.0,5.0,5.0,64.0,0.0,2,17.0
2026-09-13-Adana Yeşiloba Hipodromu-8,2026-09-13,8,Adana Yeşiloba Hipodromu,1200.0,KIR ZİNCİRLERİNİ,MEHMET ÇELİK,OSMAN DEMİR,54.0,6,0.0,50.0,50.0,50.0,50.0,76.0,0.0,0,29.0
2026-09-13-Adana Yeşiloba Hipodromu-8,2026-09-13,8,Adana Yeşiloba Hipodromu,1200.0,KRAL LAMİ,MEHMET SALİH ÇELİK,ERCAN ALTIN,59.0,1,85.0,50.0,82.0,50.0,82.0,96.0,0.0,2,27.0
2026-09-13-Adana Yeşiloba Hipodromu-8,2026-09-13,8,Adana Yeşiloba Hipodromu,1200.0,MUŞUN GÜLÜ,MEHMET TİBET MURTOĞLU,YAKUP ÇAĞLAR,51.0,9,0.0,50.0,0.0,50.0,0.0,64.0,0.0,1,9.0
2026-09-13-Adana Yeşiloba Hipodromu-8,2026-09-13,8,Adana Yeşiloba Hipodromu,1200.0,O BİR KRALİÇE,MEHMET TAHA COŞKUN,AYHAN DİNÇ,52.0,12,0.0,50.0,50.0,50.0,50.0,68.0,0.0,0,0.0
2026-09-13-Adana Yeşiloba Hipodromu-8,2026-09-13,8,Adana Yeşiloba Hipodromu,1200.0,UTKANBEY,MÜSLÜM ÇELİK,MUSTAFA ÖZYİĞİT,59.0,3,25.0,50.0,10.0,50.0,10.0,96.0,0.0,1,31.0
2026-09-13-Adana Yeşiloba Hipodromu-8,2026-09-13,8,Adana Yeşiloba Hipodromu,1200.0,VENÜS YILDIZI,FATİH RÜSTEM BEBEK,KADİR TAŞDEMİR,55.0,14,0.0,50.0,50.0,50.0,50.0,80.0,0.0,0,0.0
2026-09-13-Adana Yeşiloba Hipodromu-8,2026-09-13,8,Adana Yeşiloba Hipodromu,1200.0,ŞAMPİYONEREN,MEHMET KIYAK,SERHAT CEYLAN,54.0,13,0.0,50.0,50.0,50.0,50.0,76.0,0.0,0,0.0
2026-09-13-Adana Yeşiloba Hipodromu-9,2026-09-13,9,Adana Yeşiloba Hipodromu,2100.0,BOLUN,HIŞMAN ÇİZİK,YUNUS TUNCAY,58.0,3,10.0,0.0,0.0,50.0,0.0,92.0,0.0,1,39.0
2026-09-13-Adana Yeşiloba Hipodromu-9,2026-09-13,9,Adana Yeşiloba Hipodromu,2100.0,CANDIA,ROJHAT KURT,YELİZ BAYSAL,53.0,8,0.0,50.0,50.0,50.0,50.0,72.0,0.0,0,15.0
2026-09-13-Adana Yeşiloba Hipodromu-9,2026-09-13,9,Adana Yeşiloba Hipodromu,2100.0,DREAM OF THE STAR,FATİH SULTAN MEHMET SANSAR,RAMAZAN TAŞDELEN,55.0,18,0.0,50.0,50.0,50.0,50.0,80.0,0.0,0,0.0
2026-09-13-Adana Yeşiloba Hipodromu-9,2026-09-13,9,Adana Yeşiloba Hipodromu,2100.0,GREAT ANGEL,MURAT AKDAĞ,SUAT ALTUNBAŞ,51.0,17,0.0,50.0,50.0,50.0,50.0,64.0,0.0,0,25.0
2026-09-13-Adana Yeşiloba Hipodromu-9,2026-09-13,9,Adana Yeşiloba Hipodromu,2100.0,KOKO LOKO,MÜSLÜM ÇELİK,SUAT ALTUNBAŞ,55.0,1,0.0,50.0,50.0,50.0,50.0,80.0,0.0,0,45.0
2026-09-13-Adana Yeşiloba Hipodromu-9,2026-09-13,9,Adana Yeşiloba Hipodromu,2100.0,LADY ATAŞ,MÜCAHİT BAYIR,MUSTAFA ÖZYİĞİT,58.0,16,0.0,0.0,0.0,0.0,50.0,92.0,0.0,1,32.0
2026-09-13-Adana Yeşiloba Hipodromu-9,2026-09-13,9,Adana Yeşiloba Hipodromu,2100.0,O PAPATYA,MEHMET TAHA COŞKUN,YUNUS TUNCAY,54.0,10,40.0,50.0,50.0,50.0,28.0,76.0,0.0,1,32.0
2026-09-13-Adana Yeşiloba Hipodromu-9,2026-09-13,9,Adana Yeşiloba Hipodromu,2100.0,PRENSES MAVİŞ,SALİH ÇELİK,TAMER OĞUZHAN KARA,58.0,15,0.0,50.0,50.0,50.0,50.0,92.0,0.0,0,36.0
2026-09-13-Adana Yeşiloba Hipodromu-9,2026-09-13,9,Adana Yeşiloba Hipodromu,2100.0,PRENSES MELTEM,VELAT DEMİR,AHMET AKBABA,58.0,9,12.5,50.0,50.0,50.0,5.0,92.0,0.0,2,23.0
2026-09-13-Adana Yeşiloba Hipodromu-9,2026-09-13,9,Adana Yeşiloba Hipodromu,2100.0,PİTON KIZ,MEHMET ALİ AKGÖBEK,MEHRİBAN ÇİÇEK,58.0,11,0.0,0.0,0.0,0.0,50.0,92.0,0.0,1,34.0
2026-09-13-Adana Yeşiloba Hipodromu-9,2026-09-13,9,Adana Yeşiloba Hipodromu,2100.0,REALISTIC GIRL,MEHMET AKYAVUZ,YUNUS TUNCAY,55.0,5,55.0,46.0,46.0,46.0,46.0,80.0,0.0,2,40.0
2026-09-13-Adana Yeşiloba Hipodromu-9,2026-09-13,9,Adana Yeşiloba Hipodromu,2100.0,ROYAL ROMANCE,MEHMET SALİH ÇELİK,İBRAHİM TEMEL,56.0,2,70.0,50.0,50.0,50.0,50.0,84.0,0.0,1,31.0
2026-09-13-Adana Yeşiloba Hipodromu-9,2026-09-13,9,Adana Yeşiloba Hipodromu,2100.0,RUBISCO,MEHMET KIYAK,AVNİ KARAKUŞ,53.0,12,0.0,50.0,50.0,50.0,50.0,72.0,0.0,0,19.0
2026-09-13-Adana Yeşiloba Hipodromu-9,2026-09-13,9,Adana Yeşiloba Hipodromu,2100.0,SULTANA,MERT UYAR,VEYSEL TEKİN,57.0,13,0.0,50.0,50.0,50.0,50.0,88.0,0.0,1,41.0
2026-09-13-Adana Yeşiloba Hipodromu-9,2026-09-13,9,Adana Yeşiloba Hipodromu,2100.0,SUN OF MY HOME,MERT ALİ SOLMAZ,YELİZ BAYSAL,55.0,4,0.0,0.0,50.0,50.0,0.0,80.0,0.0,1,35.0
2026-09-13-Adana Yeşiloba Hipodromu-9,2026-09-13,9,Adana Yeşiloba Hipodromu,2100.0,SÜPER ELOŞ,ERCAN ÇANKAYA,YELİZ BAYSAL,56.0,6,42.5,50.0,50.0,50.0,41.0,84.0,0.0,2,50.0
2026-09-13-Adana Yeşiloba Hipodromu-9,2026-09-13,9,Adana Yeşiloba Hipodromu,2100.0,VAŞAK KIZ,NİZAMETTİN DEMİR,HÜSEYİN TEKİNALP,55.0,14,40.0,64.0,64.0,32.0,50.0,80.0,0.0,2,36.0
2026-09-13-Adana Yeşiloba Hipodromu-9,2026-09-13,9,Adana Yeşiloba Hipodromu,2100.0,İSMERİA,FATİH RÜSTEM BEBEK,AHMET AKBABA,55.0,7,0.0,50.0,50.0,50.0,50.0,80.0,0.0,0,22.0
2026-09-14-Bursa Osmangazi Hipodromu-1,2026-09-14,1,Bursa Osmangazi Hipodromu,2000.0,ALYCONE,CEM ALTUN,İZZET TURAN,57.0,4,55.0,46.0,46.0,50.0,50.0,88.0,12.1,1,93.0
2026-09-14-Bursa Osmangazi Hipodromu-1,2026-09-14,1,Bursa Osmangazi Hipodromu,2000.0,ARCHONEI,MUHAMMED MİR BİLGİN,MÜLAYİM ANAT,56.0,3,0.0,50.0,50.0,50.0,50.0,84.0,7.89,0,51.0
2026-09-14-Bursa Osmangazi Hipodromu-1,2026-09-14,1,Bursa Osmangazi Hipodromu,2000.0,BRUSK SHOT,NEVZAT AVCİ,YUSUF AKBULUT,58.0,2,100.0,100.0,100.0,100.0,100.0,92.0,4.93,1,71.0
2026-09-14-Bursa Osmangazi Hipodromu-1,2026-09-14,1,Bursa Osmangazi Hipodromu,2000.0,CANTALOUPE,KADİR TOKAÇOĞLU,CUMA YILDIRIM,56.0,5,0.0,50.0,50.0,50.0,50.0,84.0,12.73,0,95.0
2026-09-14-Bursa Osmangazi Hipodromu-1,2026-09-14,1,Bursa Osmangazi Hipodromu,2000.0,CRAZY TİZ,RECEP KETME,NİYAZİ ŞİMŞEK,52.0,7,0.0,50.0,50.0,50.0,50.0,68.0,1.38,0,74.0
2026-09-14-Bursa Osmangazi Hipodromu-1,2026-09-14,1,Bursa Osmangazi Hipodromu,2000.0,DİDİ LAZİ,HALİS KARATAŞ,HÜSEYİN KARABULUT,60.0,11,100.0,100.0,100.0,50.0,100.0,100.0,11.25,1,72.0
2026-09-14-Bursa Osmangazi Hipodromu-1,2026-09-14,1,Bursa Osmangazi Hipodromu,2000.0,KING BORA,MUSTAFA ÇİÇEK,FERDİ KIRAN,56.0,8,10.0,0.0,0.0,0.0,50.0,84.0,2.96,1,86.0
2026-09-14-Bursa Osmangazi Hipodromu-1,2026-09-14,1,Bursa Osmangazi Hipodromu,2000.0,SINIR KARTALI,CEMAL PASO,RAMAZAN AKDUMAN,54.0,10,0.0,0.0,50.0,0.0,0.0,76.0,0.28,1,9.0
2026-09-14-Bursa Osmangazi Hipodromu-1,2026-09-14,1,Bursa Osmangazi Hipodromu,2000.0,THINDER OF SHINE,ALİ YILDIZ,AHMET MANTAŞ,58.0,1,85.0,82.0,82.0,82.0,82.0,92.0,43.2,1,90.0
2026-09-14-Bursa Osmangazi Hipodromu-1,2026-09-14,1,Bursa Osmangazi Hipodromu,2000.0,ULUBEY,TUGAY ALICI,ŞAHİN AKDUMAN,56.0,9,55.0,46.0,46.0,50.0,46.0,84.0,0.76,1,52.0
2026-09-14-Bursa Osmangazi Hipodromu-1,2026-09-14,1,Bursa Osmangazi Hipodromu,2000.0,YAMATAİ,SİNAN AKŞIN,SALİH BAYDAN,51.0,6,55.0,46.0,46.0,50.0,46.0,64.0,2.53,1,65.0
2026-09-14-Bursa Osmangazi Hipodromu-2,2026-09-14,2,Bursa Osmangazi Hipodromu,1500.0,AHSURBİKE,GÖRKEM ÖZÇELİK,NİHAT KAYA,57.0,3,0.0,50.0,50.0,50.0,50.0,88.0,5.21,0,27.0
2026-09-14-Bursa Osmangazi Hipodromu-2,2026-09-14,2,Bursa Osmangazi Hipodromu,1500.0,BEŞTAŞ,YİĞİTCAN GÖKÇE,SAİM KERESTECİ,54.0,12,0.0,50.0,50.0,50.0,50.0,76.0,1.48,0,11.0
2026-09-14-Bursa Osmangazi Hipodromu-2,2026-09-14,2,Bursa Osmangazi Hipodromu,1500.0,DEVİNAY,SİNAN AKŞIN,BAŞOL ÖZGÜR,53.0,13,0.0,50.0,50.0,50.0,50.0,72.0,0.48,0,9.0
2026-09-14-Bursa Osmangazi Hipodromu-2,2026-09-14,2,Bursa Osmangazi Hipodromu,1500.0,GAMZEHALA,KADİR TOKAÇOĞLU,YUSUF AKBULUT,57.0,9,0.0,50.0,50.0,50.0,50.0,88.0,1.19,0,11.0
2026-09-14-Bursa Osmangazi Hipodromu-2,2026-09-14,2,Bursa Osmangazi Hipodromu,1500.0,HİFA GÜZELİ,EREN KADİRLER,MURAT TÜRKOĞLU,54.0,5,0.0,50.0,50.0,50.0,50.0,76.0,2.7,0,31.0
2026-09-14-Bursa Osmangazi Hipodromu-2,2026-09-14,2,Bursa Osmangazi Hipodromu,1500.0,KANDAŞ,ALİCAN İNCİ,SALİH BAYDAN,57.0,14,0.0,50.0,50.0,50.0,50.0,88.0,3.0,0,21.0
2026-09-14-Bursa Osmangazi Hipodromu-2,2026-09-14,2,Bursa Osmangazi Hipodromu,1500.0,KAZAN GİRİL,İSMAİL KATI,ABDULLAH TEMİZER,59.0,1,70.0,64.0,64.0,64.0,64.0,96.0,18.97,1,30.0
2026-09-14-Bursa Osmangazi Hipodromu-2,2026-09-14,2,Bursa Osmangazi Hipodromu,1500.0,KÜBRA ABLA,ONUR ATMACA,TARIK NACİ YILDIZ,57.0,8,0.0,50.0,50.0,50.0,50.0,88.0,4.78,0,0.0
2026-09-14-Bursa Osmangazi Hipodromu-2,2026-09-14,2,Bursa Osmangazi Hipodromu,1500.0,NİLÜFER,RECEP KETME,NİHAT KAYA,54.0,4,0.0,50.0,50.0,50.0,50.0,76.0,0.34,0,8.0
2026-09-14-Bursa Osmangazi Hipodromu-2,2026-09-14,2,Bursa Osmangazi Hipodromu,1500.0,OĞUZKANI,TUGAY ALICI,SENER GÖKÇE,57.0,6,0.0,50.0,50.0,50.0,50.0,88.0,0.48,0,0.0
2026-09-14-Bursa Osmangazi Hipodromu-2,2026-09-14,2,Bursa Osmangazi Hipodromu,1500.0,UÇAN DULO,MUSTAFA ÇİÇEK,OKTAY DEMİR,60.0,2,0.0,50.0,50.0,50.0,50.0,100.0,59.48,0,34.0
2026-09-14-Bursa Osmangazi Hipodromu-2,2026-09-14,2,Bursa Osmangazi Hipodromu,1500.0,YURTHİSAR,EFE AKPINAR,ALİCAN ÖKSÜZLER,55.0,11,0.0,50.0,50.0,50.0,50.0,80.0,0.66,0,8.0
2026-09-14-Bursa Osmangazi Hipodromu-2,2026-09-14,2,Bursa Osmangazi Hipodromu,1500.0,ÖZASYALI,MAHSUN TURAN,ENGİN ALTIN,57.0,7,0.0,0.0,0.0,50.0,0.0,88.0,1.03,1,0.0
2026-09-14-Bursa Osmangazi Hipodromu-2,2026-09-14,2,Bursa Osmangazi Hipodromu,1500.0,İNLER RÜZGARI,İSMAİL DİNAR,TUNCAY ATEŞ,57.0,10,0.0,50.0,50.0,50.0,50.0,88.0,0.22,0,0.0
2026-09-14-Bursa Osmangazi Hipodromu-3,2026-09-14,3,Bursa Osmangazi Hipodromu,1500.0,ALSAKİB,EREN KADİRLER,ULAŞ GÖKÇE,52.0,4,42.5,41.0,0.0,50.0,41.0,68.0,3.66,2,61.0
2026-09-14-Bursa Osmangazi Hipodromu-3,2026-09-14,3,Bursa Osmangazi Hipodromu,1500.0,BABA ZAMAN,NEVZAT AVCİ,ALİ KARATOPRAK,53.0,11,0.0,50.0,50.0,50.0,50.0,72.0,5.12,0,60.0
2026-09-14-Bursa Osmangazi Hipodromu-3,2026-09-14,3,Bursa Osmangazi Hipodromu,1500.0,BİRGEDAĞ,SERCAN TIRPAN,EKREM ÇİLEK,52.0,7,70.0,64.0,50.0,64.0,64.0,68.0,4.24,1,60.0
2026-09-14-Bursa Osmangazi Hipodromu-3,2026-09-14,3,Bursa Osmangazi Hipodromu,1500.0,CEBELTUNA,MEHMET KAYA,KAZIM ŞENGEL,59.0,3,0.0,50.0,50.0,50.0,50.0,96.0,14.52,0,75.0
2026-09-14-Bursa Osmangazi Hipodromu-3,2026-09-14,3,Bursa Osmangazi Hipodromu,1500.0,CESURSOY,MEHMET TAHA COŞKUN,CUMA DEMİR,57.0,8,0.0,50.0,50.0,50.0,50.0,88.0,7.66,0,77.0
2026-09-14-Bursa Osmangazi Hipodromu-3,2026-09-14,3,Bursa Osmangazi Hipodromu,1500.0,CEVATHAN,MAHSUN TURAN,MUHAMMED ALİ TURAN,55.0,9,100.0,100.0,50.0,50.0,100.0,80.0,11.88,2,67.0
2026-09-14-Bursa Osmangazi Hipodromu-3,2026-09-14,3,Bursa Osmangazi Hipodromu,1500.0,DEMİRHAN TAYI,YİĞİTCAN GÖKÇE,HACİ DEMİR,59.0,5,0.0,50.0,50.0,50.0,50.0,96.0,3.74,0,79.0
2026-09-14-Bursa Osmangazi Hipodromu-3,2026-09-14,3,Bursa Osmangazi Hipodromu,1500.0,ERDEK,EFE AKPINAR,CEMİL TURAN,59.5,10,0.0,50.0,50.0,50.0,50.0,98.0,9.83,0,82.0
2026-09-14-Bursa Osmangazi Hipodromu-3,2026-09-14,3,Bursa Osmangazi Hipodromu,1500.0,FİKRET ABİ,ERTUĞRUL CANKILIÇ,YUSUF AKBULUT,61.0,1,40.0,28.0,50.0,50.0,28.0,96.0,11.2,1,83.0
2026-09-14-Bursa Osmangazi Hipodromu-3,2026-09-14,3,Bursa Osmangazi Hipodromu,1500.0,GÜL AYALI,ALİ YILDIZ,AHMET ÖCAL,61.0,12,0.0,50.0,50.0,50.0,50.0,96.0,2.42,0,76.0
2026-09-14-Bursa Osmangazi Hipodromu-3,2026-09-14,3,Bursa Osmangazi Hipodromu,1500.0,GÜRCEYHUN,GÖRKEM ÖZÇELİK,MURAT AKKILIÇ,59.0,2,0.0,50.0,50.0,50.0,50.0,96.0,14.47,0,75.0
2026-09-14-Bursa Osmangazi Hipodromu-3,2026-09-14,3,Bursa Osmangazi Hipodromu,1500.0,MEGAFAUNA,RECEP KETME,MELEK ÖZGÜL,59.5,6,70.0,100.0,64.0,64.0,64.0,98.0,11.17,2,80.0
2026-09-14-Bursa Osmangazi Hipodromu-4,2026-09-14,4,Bursa Osmangazi Hipodromu,1500.0,AŞKENAZ,İZETTİN GÜREKE,OKTAY DEMİR,54.0,14,0.0,50.0,50.0,50.0,50.0,76.0,0.97,0,0.0
2026-09-14-Bursa Osmangazi Hipodromu-4,2026-09-14,4,Bursa Osmangazi Hipodromu,1500.0,BALAY KIZI,OKAN GÖKÇE,BERHE YOLERİ,57.0,10,0.0,50.0,50.0,50.0,50.0,88.0,0.59,0,0.0
2026-09-14-Bursa Osmangazi Hipodromu-4,2026-09-14,4,Bursa Osmangazi Hipodromu,1500.0,BODRUM RÜZGARI,ONUR ATMACA,TARIK NACİ YILDIZ,57.0,1,70.0,64.0,64.0,64.0,64.0,88.0,12.99,1,0.0
2026-09-14-Bursa Osmangazi Hipodromu-4,2026-09-14,4,Bursa Osmangazi Hipodromu,1500.0,DAĞARDI,AHMET EFEKAN ELMAS,TEKİN BİRİCİK,53.0,8,0.0,50.0,50.0,50.0,50.0,72.0,1.04,0,0.0
2026-09-14-Bursa Osmangazi Hipodromu-4,2026-09-14,4,Bursa Osmangazi Hipodromu,1500.0,DOĞAN HANIM,MAHSUN TURAN,ÖMER GÜNELİ,57.0,6,0.0,50.0,50.0,50.0,50.0,88.0,0.59,0,14.0
2026-09-14-Bursa Osmangazi Hipodromu-4,2026-09-14,4,Bursa Osmangazi Hipodromu,1500.0,DİKKALDIRIM,CEMAL PASO,SERHAT ÖNDER,57.0,12,0.0,0.0,0.0,50.0,0.0,88.0,0.33,1,10.0
2026-09-14-Bursa Osmangazi Hipodromu-4,2026-09-14,4,Bursa Osmangazi Hipodromu,1500.0,GOLAÇİYA,MEHMET KAYA,KAZIM ŞENGEL,57.0,11,0.0,0.0,0.0,50.0,0.0,88.0,4.85,1,0.0
2026-09-14-Bursa Osmangazi Hipodromu-4,2026-09-14,4,Bursa Osmangazi Hipodromu,1500.0,GÜLNARLI,MERTCAN ÇELİK,TARIK NACİ YILDIZ,59.0,2,85.0,82.0,82.0,82.0,82.0,96.0,30.53,1,0.0
2026-09-14-Bursa Osmangazi Hipodromu-4,2026-09-14,4,Bursa Osmangazi Hipodromu,1500.0,KAYANİLİM,RECEP KETME,SERHAT YILDIRIM,54.0,7,0.0,50.0,50.0,50.0,50.0,76.0,1.54,0,20.0
2026-09-14-Bursa Osmangazi Hipodromu-4,2026-09-14,4,Bursa Osmangazi Hipodromu,1500.0,KINALIIRMAK,EREN KADİRLER,RAMAZAN COŞKUN,54.0,9,0.0,50.0,50.0,50.0,50.0,76.0,1.58,0,0.0
2026-09-14-Bursa Osmangazi Hipodromu-4,2026-09-14,4,Bursa Osmangazi Hipodromu,1500.0,ROZA HANIM,MUHAMMED MİR BİLGİN,ABDULLAH TEMİZER,59.0,4,0.0,50.0,50.0,50.0,50.0,96.0,23.27,0,34.0
2026-09-14-Bursa Osmangazi Hipodromu-4,2026-09-14,4,Bursa Osmangazi Hipodromu,1500.0,SAROSLU,BERKAY BÜLBÜL,CEMİL TURAN,53.0,5,70.0,64.0,64.0,64.0,64.0,72.0,15.54,1,30.0
2026-09-14-Bursa Osmangazi Hipodromu-4,2026-09-14,4,Bursa Osmangazi Hipodromu,1500.0,SÜPER NİL,GÖRKEM ÖZÇELİK,MURAT TÜRKOĞLU,57.0,13,0.0,50.0,50.0,50.0,50.0,88.0,4.98,0,0.0
2026-09-14-Bursa Osmangazi Hipodromu-4,2026-09-14,4,Bursa Osmangazi Hipodromu,1500.0,YOLDERE GÜZELİ,NURETTİN ŞEN,TUNCAY ATEŞ,57.0,3,0.0,50.0,50.0,50.0,50.0,88.0,1.22,0,10.0
2026-09-14-Bursa Osmangazi Hipodromu-5,2026-09-14,5,Bursa Osmangazi Hipodromu,2200.0,ALLER GÜLÜ,ONUR YILDIZ,EKREM ÇİLEK,60.0,7,0.0,0.0,0.0,0.0,0.0,100.0,1.6,2,56.0
2026-09-14-Bursa Osmangazi Hipodromu-5,2026-09-14,5,Bursa Osmangazi Hipodromu,2200.0,DAĞ YONCASI,NURETTİN ŞEN,TUNCAY ATEŞ,57.5,2,60.0,52.0,64.0,46.0,52.0,90.0,3.49,3,39.0
2026-09-14-Bursa Osmangazi Hipodromu-5,2026-09-14,5,Bursa Osmangazi Hipodromu,2200.0,DEMRENİN KIZI,RECEP KETME,YUSUF AKBULUT,57.5,1,100.0,100.0,100.0,50.0,100.0,90.0,38.55,1,74.0
2026-09-14-Bursa Osmangazi Hipodromu-5,2026-09-14,5,Bursa Osmangazi Hipodromu,2200.0,HAZBALIK,EREN KADİRLER,KAZIM ŞENGEL,53.0,5,0.0,50.0,50.0,50.0,50.0,72.0,14.93,0,76.0
2026-09-14-Bursa Osmangazi Hipodromu-5,2026-09-14,5,Bursa Osmangazi Hipodromu,2200.0,MÜZEYYEN ABLA,ALİCAN İNCİ,SALİH BAYDAN,56.0,9,0.0,0.0,50.0,50.0,0.0,84.0,9.49,1,79.0
2026-09-14-Bursa Osmangazi Hipodromu-5,2026-09-14,5,Bursa Osmangazi Hipodromu,2200.0,PELİTSIRTI,İZETTİN GÜREKE,OKTAY DEMİR,54.0,3,0.0,50.0,50.0,50.0,50.0,76.0,3.15,0,53.0
2026-09-14-Bursa Osmangazi Hipodromu-5,2026-09-14,5,Bursa Osmangazi Hipodromu,2200.0,PRENSES DI,HALİS KARATAŞ,RAMAZAN COŞKUN,56.0,6,5.0,0.0,50.0,50.0,0.0,84.0,17.68,2,75.0
2026-09-14-Bursa Osmangazi Hipodromu-5,2026-09-14,5,Bursa Osmangazi Hipodromu,2200.0,SUFLE,MUSTAFA ÇİÇEK,MURAT ALTIN,56.0,8,0.0,50.0,50.0,50.0,50.0,84.0,6.21,0,68.0
2026-09-14-Bursa Osmangazi Hipodromu-5,2026-09-14,5,Bursa Osmangazi Hipodromu,2200.0,SÜTLİMAN,CEMAL PASO,SALİH BAYDAN,59.5,4,70.0,64.0,28.0,28.0,64.0,98.0,4.9,2,56.0
2026-09-14-Bursa Osmangazi Hipodromu-6,2026-09-14,6,Bursa Osmangazi Hipodromu,2200.0,ACOUSTIC SONG,MUHAMMED MİR BİLGİN,AHMET MANTAŞ,58.0,3,0.0,50.0,50.0,50.0,50.0,92.0,14.5,0,76.0
2026-09-14-Bursa Osmangazi Hipodromu-6,2026-09-14,6,Bursa Osmangazi Hipodromu,2200.0,APOLLON,GÖRKEM ÖZÇELİK,FERDİ KIRAN,54.0,4,70.0,64.0,50.0,50.0,64.0,76.0,1.51,2,46.0
2026-09-14-Bursa Osmangazi Hipodromu-6,2026-09-14,6,Bursa Osmangazi Hipodromu,2200.0,CALLATIS,MAHSUN TURAN,MESUT BATMAN,56.0,8,25.0,10.0,10.0,50.0,10.0,84.0,0.63,1,41.0
2026-09-14-Bursa Osmangazi Hipodromu-6,2026-09-14,6,Bursa Osmangazi Hipodromu,2200.0,GOLDEN SAIL,HALİS KARATAŞ,MEHMET ESMER,60.0,9,0.0,50.0,50.0,50.0,50.0,100.0,35.25,0,74.0
2026-09-14-Bursa Osmangazi Hipodromu-6,2026-09-14,6,Bursa Osmangazi Hipodromu,2200.0,LORD OF DRAGON,SERCAN TIRPAN,MELEK ÖZGÜL,61.0,2,0.0,50.0,50.0,50.0,50.0,96.0,15.45,0,84.0
2026-09-14-Bursa Osmangazi Hipodromu-6,2026-09-14,6,Bursa Osmangazi Hipodromu,2200.0,RAND AL THOR,NEVZAT AVCİ,SERDAR SEREN GÖRGÜ,59.0,5,0.0,50.0,50.0,50.0,50.0,96.0,21.63,0,81.0
2026-09-14-Bursa Osmangazi Hipodromu-6,2026-09-14,6,Bursa Osmangazi Hipodromu,2200.0,SHEEP STEALER,ALİ YILDIZ,HÜSEYİN KARABULUT,58.0,6,70.0,64.0,64.0,50.0,64.0,92.0,3.19,1,66.0
2026-09-14-Bursa Osmangazi Hipodromu-6,2026-09-14,6,Bursa Osmangazi Hipodromu,2200.0,TYPHOON,ONUR ÖZTÜRK,AHMET ÖCAL,58.0,1,0.0,50.0,50.0,50.0,50.0,92.0,6.42,0,66.0
2026-09-14-Bursa Osmangazi Hipodromu-6,2026-09-14,6,Bursa Osmangazi Hipodromu,2200.0,ÇAPGUR,MUSTAFA ÇİÇEK,İZZET TURAN,55.0,7,70.0,64.0,50.0,50.0,64.0,80.0,1.42,2,54.0
2026-09-14-Bursa Osmangazi Hipodromu-7,2026-09-14,7,Bursa Osmangazi Hipodromu,1300.0,ONLY GIRL,GÖRKEM ÖZÇELİK,EYÜPHAN AVCI,57.0,4,25.0,10.0,10.0,50.0,10.0,88.0,0.0,1,60.0
2026-09-14-Bursa Osmangazi Hipodromu-7,2026-09-14,7,Bursa Osmangazi Hipodromu,1300.0,PERHAPS,HALİS KARATAŞ,MURAT TÜRKOĞLU,57.0,1,100.0,100.0,100.0,50.0,100.0,88.0,0.0,1,63.0
2026-09-14-Bursa Osmangazi Hipodromu-7,2026-09-14,7,Bursa Osmangazi Hipodromu,1300.0,PONCA,NEVZAT AVCİ,MÜSLÜM DOLAK,57.0,2,85.0,82.0,82.0,82.0,50.0,88.0,0.0,1,51.0
2026-09-14-Bursa Osmangazi Hipodromu-7,2026-09-14,7,Bursa Osmangazi Hipodromu,1300.0,QUEEN ERİNÖZ,ALİ YILDIZ,ALİCAN ÖKSÜZLER,54.0,6,0.0,50.0,50.0,50.0,50.0,76.0,0.0,0,39.0
2026-09-14-Bursa Osmangazi Hipodromu-7,2026-09-14,7,Bursa Osmangazi Hipodromu,1300.0,ROCK OF BEAUTIFUL,MEHMET KAYA,ABDULLAH ATAŞ,60.0,3,0.0,50.0,50.0,50.0,50.0,100.0,0.0,0,66.0
2026-09-14-Bursa Osmangazi Hipodromu-7,2026-09-14,7,Bursa Osmangazi Hipodromu,1300.0,SUGAR STORM,CEM ALTUN,KAZIM ŞENGEL,55.0,7,55.0,46.0,46.0,50.0,46.0,80.0,0.0,1,42.0
2026-09-14-Bursa Osmangazi Hipodromu-7,2026-09-14,7,Bursa Osmangazi Hipodromu,1300.0,WOLF WOMEN,MUHAMMED MİR BİLGİN,AHMET MANTAŞ,55.0,5,70.0,64.0,64.0,64.0,64.0,80.0,0.0,1,49.0
2026-09-14-Bursa Osmangazi Hipodromu-8,2026-09-14,8,Bursa Osmangazi Hipodromu,1500.0,BANGU,MUSTAFA ÇİÇEK,SERGEN GÖKÇE,57.0,3,0.0,0.0,0.0,0.0,0.0,88.0,0.0,1,29.0
2026-09-14-Bursa Osmangazi Hipodromu-8,2026-09-14,8,Bursa Osmangazi Hipodromu,1500.0,BENAT TAY,İSMAİL DİNAR,SERCAN ÇELİKMAN,57.0,14,0.0,50.0,50.0,50.0,50.0,88.0,0.0,0,0.0
2026-09-14-Bursa Osmangazi Hipodromu-8,2026-09-14,8,Bursa Osmangazi Hipodromu,1500.0,ELİF NİSA,CEMAL PASO,KADİR TURAN,57.0,11,0.0,50.0,50.0,50.0,50.0,88.0,0.0,0,0.0
2026-09-14-Bursa Osmangazi Hipodromu-8,2026-09-14,8,Bursa Osmangazi Hipodromu,1500.0,GECE PERİSİ,NURETTİN ŞEN,SERHAT ÖNDER,57.0,7,0.0,50.0,50.0,50.0,50.0,88.0,0.0,0,10.0
2026-09-14-Bursa Osmangazi Hipodromu-8,2026-09-14,8,Bursa Osmangazi Hipodromu,1500.0,HATUN DİDEM,ONUR ATMACA,TUNCAY TURAN,57.0,10,25.0,10.0,10.0,10.0,10.0,88.0,0.0,1,27.0
2026-09-14-Bursa Osmangazi Hipodromu-8,2026-09-14,8,Bursa Osmangazi Hipodromu,1500.0,HÜMAPETRA,MAHSUN TURAN,MUHAMMED UĞUR TURAN,57.0,8,0.0,50.0,50.0,50.0,50.0,88.0,0.0,0,14.0
2026-09-14-Bursa Osmangazi Hipodromu-8,2026-09-14,8,Bursa Osmangazi Hipodromu,1500.0,KADİFE KIZ,AHMET ARSLAN,ŞEVVAL ŞİMAL DEMİR,57.0,13,0.0,50.0,50.0,50.0,50.0,88.0,0.0,0,10.0
2026-09-14-Bursa Osmangazi Hipodromu-8,2026-09-14,8,Bursa Osmangazi Hipodromu,1500.0,LADY SEVGİ,YİĞİTCAN GÖKÇE,İBRAHİM SAYIS,54.0,5,0.0,50.0,50.0,50.0,50.0,76.0,0.0,0,10.0
2026-09-14-Bursa Osmangazi Hipodromu-8,2026-09-14,8,Bursa Osmangazi Hipodromu,1500.0,LEMİKIZ,ERTUĞRUL CANKILIÇ,KAZIM ŞENGEL,55.0,6,0.0,50.0,50.0,50.0,50.0,80.0,0.0,0,23.0
2026-09-14-Bursa Osmangazi Hipodromu-8,2026-09-14,8,Bursa Osmangazi Hipodromu,1500.0,NADİYEKINALI,İZETTİN GÜREKE,EKREM ÇİLEK,54.0,1,0.0,50.0,50.0,50.0,50.0,76.0,0.0,0,0.0
2026-09-14-Bursa Osmangazi Hipodromu-8,2026-09-14,8,Bursa Osmangazi Hipodromu,1500.0,NARENKA,ONUR YILDIZ,EKREM ÇİLEK,57.0,4,0.0,50.0,50.0,50.0,50.0,88.0,0.0,0,28.0
2026-09-14-Bursa Osmangazi Hipodromu-8,2026-09-14,8,Bursa Osmangazi Hipodromu,1500.0,TOMBİK,CEM ALTUN,AHMET ÖCAL,57.0,9,0.0,50.0,50.0,50.0,50.0,88.0,0.0,0,0.0
2026-09-14-Bursa Osmangazi Hipodromu-8,2026-09-14,8,Bursa Osmangazi Hipodromu,1500.0,ULU IRMAK,AHMET EFEKAN ELMAS,SAMET DİNÇER,53.0,12,0.0,50.0,50.0,50.0,50.0,72.0,0.0,0,0.0
2026-09-14-Bursa Osmangazi Hipodromu-8,2026-09-14,8,Bursa Osmangazi Hipodromu,1500.0,ZAMANE KIZ,RECEP KETME,TUNCAY ATEŞ,54.0,15,0.0,0.0,0.0,0.0,0.0,76.0,0.0,1,0.0
2026-09-14-Bursa Osmangazi Hipodromu-8,2026-09-14,8,Bursa Osmangazi Hipodromu,1500.0,İCLAL HANIM,DENİZ BUDAK,EKREM TURAN,53.0,2,55.0,46.0,46.0,46.0,50.0,72.0,0.0,1,30.0
2026-09-14-Şanlıurfa Hipodromu-1,2026-09-14,1,Şanlıurfa Hipodromu,1200.0,ADDISON,ABDULLAH ÇANKAYA,SALİH BECENE,55.0,2,12.5,50.0,5.0,50.0,0.0,80.0,4.74,2,19.0
2026-09-14-Şanlıurfa Hipodromu-1,2026-09-14,1,Şanlıurfa Hipodromu,1200.0,APOHİKO,AZİZ AKDEMİR,SÜLEYMAN KARAKEÇİLİ,57.0,7,0.0,50.0,50.0,50.0,50.0,88.0,10.51,0,0.0
2026-09-14-Şanlıurfa Hipodromu-1,2026-09-14,1,Şanlıurfa Hipodromu,1200.0,BLACK HEART,NİZAMETTİN DEMİR,RESUL KAYA,57.0,13,0.0,50.0,50.0,50.0,50.0,88.0,1.85,0,0.0
2026-09-14-Şanlıurfa Hipodromu-1,2026-09-14,1,Şanlıurfa Hipodromu,1200.0,EASTERN DIVA,İSA KATAR,HASAN TEKİNALP,55.0,5,0.0,50.0,50.0,50.0,50.0,80.0,7.42,0,0.0
2026-09-14-Şanlıurfa Hipodromu-1,2026-09-14,1,Şanlıurfa Hipodromu,1200.0,GAMBLING,FERİT YARDIMCI,MURAT DOĞAN,57.0,10,0.0,50.0,50.0,50.0,50.0,88.0,12.96,0,0.0
2026-09-14-Şanlıurfa Hipodromu-1,2026-09-14,1,Şanlıurfa Hipodromu,1200.0,HÜRREM HANIM,MEHMET EMİN DOĞAN,ERCAN ALTIN,55.0,11,20.0,50.0,28.0,50.0,14.0,80.0,1.63,2,0.0
2026-09-14-Şanlıurfa Hipodromu-1,2026-09-14,1,Şanlıurfa Hipodromu,1200.0,KING POLAT,YUSUF CENGİZ,ELİF AÇMAZ,57.0,8,10.0,50.0,0.0,50.0,50.0,88.0,3.02,1,0.0
2026-09-14-Şanlıurfa Hipodromu-1,2026-09-14,1,Şanlıurfa Hipodromu,1200.0,LOK UP LADY,İSA AKYAVUZ,SÜLEYMAN KARAKEÇİLİ,55.0,9,55.0,50.0,46.0,50.0,50.0,80.0,13.89,1,0.0
2026-09-14-Şanlıurfa Hipodromu-1,2026-09-14,1,Şanlıurfa Hipodromu,1200.0,MAGIC DIAMOND,NECMİ ALTIN,VELİ ÇİZİK,57.0,6,0.0,50.0,50.0,50.0,50.0,88.0,8.04,0,0.0
2026-09-14-Şanlıurfa Hipodromu-1,2026-09-14,1,Şanlıurfa Hipodromu,1200.0,MAN OF VICTORY,EMRE AKKILIÇ,VELİ ÇİZİK,57.0,3,0.0,50.0,0.0,50.0,0.0,88.0,2.34,1,16.0
2026-09-14-Şanlıurfa Hipodromu-1,2026-09-14,1,Şanlıurfa Hipodromu,1200.0,SECRET GIRL,MEHMET ALİ AKTÜRK,VELİ ÇİZİK,57.0,1,85.0,50.0,50.0,50.0,82.0,88.0,18.27,1,25.0
2026-09-14-Şanlıurfa Hipodromu-1,2026-09-14,1,Şanlıurfa Hipodromu,1200.0,SHADOW KING,AHMET HASAN BAYAR,İBRAHİM ATMACA,57.0,12,0.0,50.0,50.0,50.0,50.0,88.0,3.61,0,0.0
2026-09-14-Şanlıurfa Hipodromu-1,2026-09-14,1,Şanlıurfa Hipodromu,1200.0,USLU TAY,YUNUS ÇELİKBAŞ,ABDULKADİR AKIL,55.0,4,70.0,50.0,64.0,50.0,50.0,80.0,11.74,1,20.0
2026-09-14-Şanlıurfa Hipodromu-2,2026-09-14,2,Şanlıurfa Hipodromu,1700.0,CEKU BALIM,LEVENT TAPTIK,MEHMET ALİ SUBAY,57.0,3,0.0,50.0,0.0,50.0,0.0,88.0,14.79,1,72.0
2026-09-14-Şanlıurfa Hipodromu-2,2026-09-14,2,Şanlıurfa Hipodromu,1700.0,CİNDERELLA,MEHMET ŞAKİR,MEHMET ALTIN,60.0,5,25.0,50.0,10.0,50.0,50.0,100.0,29.47,1,72.0
2026-09-14-Şanlıurfa Hipodromu-2,2026-09-14,2,Şanlıurfa Hipodromu,1700.0,KIZIL DORU,MUHAMMED BARAN ÇAKMAK,OSMAN DEMİR,63.0,7,0.0,50.0,50.0,50.0,50.0,88.0,16.94,0,56.0
2026-09-14-Şanlıurfa Hipodromu-2,2026-09-14,2,Şanlıurfa Hipodromu,1700.0,KRALİÇEANNA,CANER YILDIRIM,MAHMUT DOĞAN,55.0,8,20.0,50.0,14.0,28.0,28.0,80.0,5.77,2,36.0
2026-09-14-Şanlıurfa Hipodromu-2,2026-09-14,2,Şanlıurfa Hipodromu,1700.0,PRINCESS GIRL,ÇETİN CANPOLAT,HASAN TEKİNALP,54.0,2,12.5,50.0,10.0,50.0,5.0,76.0,3.33,2,36.0
2026-09-14-Şanlıurfa Hipodromu-2,2026-09-14,2,Şanlıurfa Hipodromu,1700.0,TUMBUL NAZLI,MEHMET ÇELİK,HAKAN ATAKAYA,61.0,9,0.0,50.0,50.0,50.0,50.0,96.0,17.55,1,85.0
2026-09-14-Şanlıurfa Hipodromu-2,2026-09-14,2,Şanlıurfa Hipodromu,1700.0,ÇAĞLAYANŞELALE,SEZER ÇELİK,AHMET AKBABA,62.0,4,0.0,50.0,0.0,50.0,0.0,92.0,4.08,1,67.0
2026-09-14-Şanlıurfa Hipodromu-2,2026-09-14,2,Şanlıurfa Hipodromu,1700.0,ÇIĞGİBİ,İLKER AKIN,MAHMUT DOĞAN,57.0,6,25.0,50.0,14.0,50.0,28.0,88.0,1.56,2,28.0
2026-09-14-Şanlıurfa Hipodromu-2,2026-09-14,2,Şanlıurfa Hipodromu,1700.0,ÇİÇEKMAST,HAKİM YÖNDEN,MAHMUT DOĞAN,54.0,1,0.0,50.0,0.0,50.0,0.0,76.0,3.94,1,48.0
2026-09-14-Şanlıurfa Hipodromu-3,2026-09-14,3,Şanlıurfa Hipodromu,1200.0,ADARYAM,HAKİM YÖNDEN,KADİR TAŞDEMİR,52.0,6,0.0,50.0,50.0,50.0,50.0,68.0,4.56,0,0.0
2026-09-14-Şanlıurfa Hipodromu-3,2026-09-14,3,Şanlıurfa Hipodromu,1200.0,ARATŞAH,İSA KATAR,MEHMET ALİ SUBAY,57.0,1,0.0,50.0,50.0,50.0,50.0,88.0,6.35,0,0.0
2026-09-14-Şanlıurfa Hipodromu-3,2026-09-14,3,Şanlıurfa Hipodromu,1200.0,DİREN KAPORTACI,EMRE AKKILIÇ,İBRAHİM ATMACA,55.0,11,0.0,50.0,50.0,50.0,50.0,80.0,5.21,0,21.0
2026-09-14-Şanlıurfa Hipodromu-3,2026-09-14,3,Şanlıurfa Hipodromu,1200.0,FALCAO AĞA,AHMET HASAN BAYAR,ERCAN ALTIN,57.0,8,0.0,50.0,50.0,50.0,50.0,88.0,3.1,0,0.0
2026-09-14-Şanlıurfa Hipodromu-3,2026-09-14,3,Şanlıurfa Hipodromu,1200.0,GANADORES,YUNUS ÇELİKBAŞ,İBRAHİM ATMACA,57.0,5,0.0,50.0,50.0,50.0,50.0,88.0,2.2,0,14.0
2026-09-14-Şanlıurfa Hipodromu-3,2026-09-14,3,Şanlıurfa Hipodromu,1200.0,GOLD AMİRAL,NECMİ ALTIN,YELİZ BAYSAL,57.0,3,0.0,50.0,50.0,50.0,50.0,88.0,21.34,0,0.0
2026-09-14-Şanlıurfa Hipodromu-3,2026-09-14,3,Şanlıurfa Hipodromu,1200.0,HELLAHOP KISAS,SAMİ KAPLAN,SALİH BECENE,57.0,9,0.0,50.0,50.0,50.0,50.0,88.0,2.78,0,0.0
2026-09-14-Şanlıurfa Hipodromu-3,2026-09-14,3,Şanlıurfa Hipodromu,1200.0,IBAN,YUSUF CENGİZ,EYYÜP YARDIMCI,57.0,4,25.0,50.0,10.0,10.0,10.0,88.0,3.85,1,7.0
2026-09-14-Şanlıurfa Hipodromu-3,2026-09-14,3,Şanlıurfa Hipodromu,1200.0,KIR BUMERANG,AZİZ AKDEMİR,SALİH BECENE,55.0,12,0.0,50.0,50.0,50.0,50.0,80.0,12.87,0,29.0
2026-09-14-Şanlıurfa Hipodromu-3,2026-09-14,3,Şanlıurfa Hipodromu,1200.0,LION OF THE NORTH,FERİT YARDIMCI,MEHRİBAN ÇİÇEK,57.0,2,0.0,50.0,50.0,50.0,50.0,88.0,22.61,0,0.0
2026-09-14-Şanlıurfa Hipodromu-3,2026-09-14,3,Şanlıurfa Hipodromu,1200.0,MELEKCAN,İSA AKYAVUZ,HALİL TÜRKMAN,55.0,10,0.0,50.0,50.0,50.0,50.0,80.0,12.03,0,0.0
2026-09-14-Şanlıurfa Hipodromu-3,2026-09-14,3,Şanlıurfa Hipodromu,1200.0,PIXEL,NİZAMETTİN DEMİR,REŞAT GÜMÜŞ,55.0,13,0.0,50.0,50.0,50.0,50.0,80.0,2.05,0,0.0
2026-09-14-Şanlıurfa Hipodromu-3,2026-09-14,3,Şanlıurfa Hipodromu,1200.0,ÖZGÜR ESRA,MUHAMMED BARAN ÇAKMAK,MEHMET ASLAN,55.0,7,0.0,50.0,50.0,50.0,50.0,80.0,1.05,0,0.0
2026-09-14-Şanlıurfa Hipodromu-4,2026-09-14,4,Şanlıurfa Hipodromu,1200.0,BİLDENCAN,İSA AKYAVUZ,SALİH BECENE,57.0,3,55.0,50.0,46.0,46.0,46.0,88.0,14.3,1,25.0
2026-09-14-Şanlıurfa Hipodromu-4,2026-09-14,4,Şanlıurfa Hipodromu,1200.0,BİLKAY,LEVENT TAPTIK,İBRAHİM ATMACA,56.0,12,0.0,50.0,50.0,50.0,50.0,84.0,1.45,0,0.0
2026-09-14-Şanlıurfa Hipodromu-4,2026-09-14,4,Şanlıurfa Hipodromu,1200.0,CEO ENDER,AZİZ AKDEMİR,ZEKERİYA AKDEMİR,60.0,8,25.0,50.0,10.0,50.0,50.0,100.0,9.83,1,35.0
2026-09-14-Şanlıurfa Hipodromu-4,2026-09-14,4,Şanlıurfa Hipodromu,1200.0,DABANLI,İLKER AKIN,YELİZ BAYSAL,54.0,9,0.0,50.0,50.0,50.0,50.0,76.0,0.68,0,0.0
2026-09-14-Şanlıurfa Hipodromu-4,2026-09-14,4,Şanlıurfa Hipodromu,1200.0,EYLÜL GÜZELİ,MUHAMMED BARAN ÇAKMAK,YELİZ BAYSAL,55.0,17,0.0,50.0,0.0,50.0,0.0,80.0,5.03,1,38.0
2026-09-14-Şanlıurfa Hipodromu-4,2026-09-14,4,Şanlıurfa Hipodromu,1200.0,GÜLENYAR,İSA KATAR,ERCAN ALTIN,55.0,16,0.0,50.0,50.0,50.0,50.0,80.0,0.8,0,0.0
2026-09-14-Şanlıurfa Hipodromu-4,2026-09-14,4,Şanlıurfa Hipodromu,1200.0,HUN DAY,NECMİ ALTIN,SALİH BECENE,57.0,2,100.0,50.0,100.0,100.0,100.0,88.0,44.51,1,33.0
2026-09-14-Şanlıurfa Hipodromu-4,2026-09-14,4,Şanlıurfa Hipodromu,1200.0,KIRDOĞAN,ABDULLAH ÇANKAYA,ORHAN GÖRMEZ,56.0,5,0.0,50.0,50.0,50.0,50.0,84.0,0.9,0,0.0
2026-09-14-Şanlıurfa Hipodromu-4,2026-09-14,4,Şanlıurfa Hipodromu,1200.0,KÜLLAHÇI,MEHMET ŞAKİR,İBRAHİM ATMACA,55.0,15,0.0,50.0,50.0,50.0,50.0,80.0,1.98,0,0.0
2026-09-14-Şanlıurfa Hipodromu-4,2026-09-14,4,Şanlıurfa Hipodromu,1200.0,KÜÇÜKDEMİRCİK,YUNUS ÇELİKBAŞ,MEHMET KAYA,55.0,7,0.0,50.0,50.0,50.0,50.0,80.0,1.08,0,14.0
2026-09-14-Şanlıurfa Hipodromu-4,2026-09-14,4,Şanlıurfa Hipodromu,1200.0,MY LAGERTHA,MEHMET EMİN DOĞAN,ŞEREF OLĞAÇ,55.0,10,0.0,50.0,50.0,50.0,50.0,80.0,0.78,0,0.0
2026-09-14-Şanlıurfa Hipodromu-4,2026-09-14,4,Şanlıurfa Hipodromu,1200.0,PİRİM ÖZER,YUSUF CENGİZ,HALİL TÜRKMAN,57.0,4,0.0,50.0,50.0,50.0,50.0,88.0,3.44,0,22.0
2026-09-14-Şanlıurfa Hipodromu-4,2026-09-14,4,Şanlıurfa Hipodromu,1200.0,ÇELİK ŞAHİN,AHMET HASAN BAYAR,MEHMET ALİ SUBAY,60.0,6,40.0,50.0,28.0,28.0,28.0,100.0,11.16,1,38.0
2026-09-14-Şanlıurfa Hipodromu-4,2026-09-14,4,Şanlıurfa Hipodromu,1200.0,ÜLFET ŞEKERİ,SAMİ KAPLAN,EYYÜP YARDIMCI,54.0,11,0.0,50.0,50.0,50.0,50.0,76.0,1.07,0,22.0
2026-09-14-Şanlıurfa Hipodromu-4,2026-09-14,4,Şanlıurfa Hipodromu,1200.0,ÜÇKONAKLI,EMRE AKKILIÇ,HAKAN ATAKAYA,54.0,14,25.0,50.0,10.0,50.0,10.0,76.0,0.48,1,23.0
2026-09-14-Şanlıurfa Hipodromu-4,2026-09-14,4,Şanlıurfa Hipodromu,1200.0,İKİNCİ ŞANS,ÇETİN CANPOLAT,SÜLEYMAN KARAKEÇİLİ,53.0,13,0.0,50.0,50.0,50.0,50.0,72.0,0.22,0,0.0
2026-09-14-Şanlıurfa Hipodromu-4,2026-09-14,4,Şanlıurfa Hipodromu,1200.0,İLKBAHAR KIZI,HAKİM YÖNDEN,İBRAHİM ATMACA,52.0,1,25.0,50.0,10.0,50.0,10.0,68.0,2.31,1,29.0
2026-09-14-Şanlıurfa Hipodromu-5,2026-09-14,5,Şanlıurfa Hipodromu,1400.0,AKTAŞBEYLİ,CANER YILDIRIM,ORHAN GÖRMEZ,54.0,9,0.0,50.0,50.0,50.0,50.0,76.0,4.45,0,51.0
2026-09-14-Şanlıurfa Hipodromu-5,2026-09-14,5,Şanlıurfa Hipodromu,1400.0,AĞASAÇAN,NİZAMETTİN DEMİR,SÜLEYMAN KARAKEÇİLİ,58.0,1,0.0,50.0,50.0,50.0,50.0,92.0,8.87,0,54.0
2026-09-14-Şanlıurfa Hipodromu-5,2026-09-14,5,Şanlıurfa Hipodromu,1400.0,BEROSH,MEHMET ALİ AKTÜRK,OSMAN DEMİR,56.0,11,0.0,50.0,50.0,50.0,50.0,84.0,1.03,0,39.0
2026-09-14-Şanlıurfa Hipodromu-5,2026-09-14,5,Şanlıurfa Hipodromu,1400.0,ESRA KIZ,AHMET HASAN BAYAR,SÜLEYMAN KARAKEÇİLİ,59.0,13,0.0,50.0,50.0,50.0,50.0,96.0,1.4,0,36.0
2026-09-14-Şanlıurfa Hipodromu-5,2026-09-14,5,Şanlıurfa Hipodromu,1400.0,EYBERK,İLKER AKIN,ELİF AÇMAZ,54.0,8,35.0,50.0,50.0,50.0,32.0,76.0,2.47,2,38.0
2026-09-14-Şanlıurfa Hipodromu-5,2026-09-14,5,Şanlıurfa Hipodromu,1400.0,MAHFUZ,NECMİ ALTIN,ERCAN ALTIN,55.0,16,0.0,50.0,50.0,50.0,50.0,80.0,9.61,0,62.0
2026-09-14-Şanlıurfa Hipodromu-5,2026-09-14,5,Şanlıurfa Hipodromu,1400.0,MERHAMET,AZİZ AKDEMİR,EYYÜP YARDIMCI,56.0,6,0.0,50.0,50.0,50.0,0.0,84.0,4.7,1,47.0
2026-09-14-Şanlıurfa Hipodromu-5,2026-09-14,5,Şanlıurfa Hipodromu,1400.0,OĞUL FATİH,FERİT YARDIMCI,OSMAN DEMİR,55.0,10,0.0,50.0,50.0,50.0,50.0,80.0,11.73,0,47.0
2026-09-14-Şanlıurfa Hipodromu-5,2026-09-14,5,Şanlıurfa Hipodromu,1400.0,ROYALCAN,SAMİ KAPLAN,MEHRİBAN ÇİÇEK,58.0,2,0.0,50.0,50.0,50.0,50.0,92.0,7.27,0,44.0
2026-09-14-Şanlıurfa Hipodromu-5,2026-09-14,5,Şanlıurfa Hipodromu,1400.0,TAHT ALAN,MEHMET ŞAKİR,MAHMUT DOĞAN,55.0,5,0.0,50.0,50.0,50.0,50.0,80.0,2.98,0,47.0
2026-09-14-Şanlıurfa Hipodromu-5,2026-09-14,5,Şanlıurfa Hipodromu,1400.0,TAM BİR SAVAŞÇI,İSA KATAR,VELİ ÇİZİK,58.0,7,0.0,50.0,50.0,50.0,50.0,92.0,8.54,0,50.0
2026-09-14-Şanlıurfa Hipodromu-5,2026-09-14,5,Şanlıurfa Hipodromu,1400.0,TUSTUS TUĞRUL,İSA AKYAVUZ,OSMAN DEMİR,55.0,15,0.0,50.0,50.0,50.0,50.0,80.0,27.03,0,56.0
2026-09-14-Şanlıurfa Hipodromu-5,2026-09-14,5,Şanlıurfa Hipodromu,1400.0,YENAL,ABDULLAH ÇANKAYA,MEHMET ASLAN,56.0,3,0.0,50.0,50.0,50.0,50.0,84.0,3.14,0,56.0
2026-09-14-Şanlıurfa Hipodromu-5,2026-09-14,5,Şanlıurfa Hipodromu,1400.0,ZIMBA GİBİ,EMRE AKKILIÇ,SALİH BECENE,54.0,14,0.0,50.0,50.0,50.0,50.0,76.0,0.8,0,37.0
2026-09-14-Şanlıurfa Hipodromu-5,2026-09-14,5,Şanlıurfa Hipodromu,1400.0,ÇERMİKŞAH,YUSUF CENGİZ,KADİR TAŞDEMİR,57.0,4,0.0,50.0,50.0,50.0,50.0,88.0,4.29,0,46.0
2026-09-14-Şanlıurfa Hipodromu-5,2026-09-14,5,Şanlıurfa Hipodromu,1400.0,ÇINARLI GÜZELİ,YUNUS ÇELİKBAŞ,MEHMET KAYA,58.0,12,0.0,50.0,0.0,50.0,0.0,92.0,1.69,1,38.0
2026-09-14-Şanlıurfa Hipodromu-6,2026-09-14,6,Şanlıurfa Hipodromu,1400.0,BİRSENEM,MEHMET ÇELİK,REŞAT GÜMÜŞ,54.5,5,0.0,50.0,50.0,50.0,50.0,78.0,0.61,0,45.0
2026-09-14-Şanlıurfa Hipodromu-6,2026-09-14,6,Şanlıurfa Hipodromu,1400.0,GÖLDERELİ,HAKİM YÖNDEN,KADİR TAŞDEMİR,53.0,13,0.0,50.0,50.0,50.0,50.0,72.0,0.74,0,42.0
2026-09-14-Şanlıurfa Hipodromu-6,2026-09-14,6,Şanlıurfa Hipodromu,1400.0,GÜVENABİ,YUSUF CENGİZ,SALİH BECENE,62.5,7,0.0,50.0,50.0,50.0,0.0,90.0,12.64,1,52.0
2026-09-14-Şanlıurfa Hipodromu-6,2026-09-14,6,Şanlıurfa Hipodromu,1400.0,HAMDİ AĞA,AZİZ AKDEMİR,SÜLEYMAN KARAKEÇİLİ,60.5,1,0.0,50.0,0.0,50.0,0.0,98.0,7.59,2,48.0
2026-09-14-Şanlıurfa Hipodromu-6,2026-09-14,6,Şanlıurfa Hipodromu,1400.0,KRALDOĞAN,EMRE AKKILIÇ,ŞEREF OLĞAÇ,61.0,11,0.0,50.0,50.0,50.0,50.0,96.0,3.28,0,49.0
2026-09-14-Şanlıurfa Hipodromu-6,2026-09-14,6,Şanlıurfa Hipodromu,1400.0,KÜÇÜK YUNUS,İSA KATAR,FATİH EMİR AKIL,54.5,15,0.0,50.0,50.0,50.0,50.0,78.0,2.53,0,39.0
2026-09-14-Şanlıurfa Hipodromu-6,2026-09-14,6,Şanlıurfa Hipodromu,1400.0,MESTAN BEY,ABDULLAH ÇANKAYA,EYYÜP YARDIMCI,58.5,16,40.0,50.0,46.0,46.0,28.0,94.0,8.2,2,47.0
2026-09-14-Şanlıurfa Hipodromu-6,2026-09-14,6,Şanlıurfa Hipodromu,1400.0,MUNİS,LEVENT TAPTIK,MAHMUT DOĞAN,60.0,12,25.0,50.0,50.0,50.0,50.0,100.0,3.09,1,53.0
2026-09-14-Şanlıurfa Hipodromu-6,2026-09-14,6,Şanlıurfa Hipodromu,1400.0,NAZLI BERRA,MEHMET EMİN DOĞAN,EYYÜP YARDIMCI,58.0,8,0.0,50.0,50.0,50.0,50.0,92.0,2.49,0,46.0
2026-09-14-Şanlıurfa Hipodromu-6,2026-09-14,6,Şanlıurfa Hipodromu,1400.0,PINAR RÜZGARI,NECMİ ALTIN,MEHMET ALİ SUBAY,62.0,4,0.0,50.0,50.0,50.0,50.0,92.0,3.83,0,51.0
2026-09-14-Şanlıurfa Hipodromu-6,2026-09-14,6,Şanlıurfa Hipodromu,1400.0,SADIKEFE,SAMİ KAPLAN,ZEKERİYA AKDEMİR,57.5,2,0.0,50.0,50.0,50.0,50.0,90.0,1.52,1,45.0
2026-09-14-Şanlıurfa Hipodromu-6,2026-09-14,6,Şanlıurfa Hipodromu,1400.0,SON AKTAŞ,CANER YILDIRIM,MEHMET KAYA,55.0,6,27.5,50.0,50.0,50.0,23.0,80.0,1.83,2,43.0
2026-09-14-Şanlıurfa Hipodromu-6,2026-09-14,6,Şanlıurfa Hipodromu,1400.0,UMUDUM DENİZ,AHMET HASAN BAYAR,FATİH EMİR AKIL,60.5,3,0.0,50.0,0.0,50.0,0.0,98.0,4.87,1,51.0
2026-09-14-Şanlıurfa Hipodromu-6,2026-09-14,6,Şanlıurfa Hipodromu,1400.0,YARALI AKBAŞ,İSA AKYAVUZ,SAMET AKYAVUZ,61.0,10,0.0,50.0,50.0,50.0,50.0,96.0,42.75,0,52.0
2026-09-14-Şanlıurfa Hipodromu-6,2026-09-14,6,Şanlıurfa Hipodromu,1400.0,ÇELİKOVİÇ,İLKER AKIN,SAMET AKYAVUZ,58.0,14,0.0,50.0,50.0,50.0,50.0,92.0,1.84,0,49.0
2026-09-14-Şanlıurfa Hipodromu-6,2026-09-14,6,Şanlıurfa Hipodromu,1400.0,ŞAHTAYIM,NİZAMETTİN DEMİR,SALİH BECENE,63.0,9,0.0,50.0,50.0,50.0,50.0,88.0,2.2,0,53.0
2026-09-14-Şanlıurfa Hipodromu-7,2026-09-14,7,Şanlıurfa Hipodromu,1200.0,ASİLBOY,YUSUF CENGİZ,HALİL TÜRKMAN,57.0,5,0.0,50.0,50.0,50.0,50.0,88.0,0.0,0,0.0
2026-09-14-Şanlıurfa Hipodromu-7,2026-09-14,7,Şanlıurfa Hipodromu,1200.0,BERRYBELLA,EMRE AKKILIÇ,VELİ ÇİZİK,55.0,12,0.0,50.0,0.0,50.0,50.0,80.0,0.0,1,0.0
2026-09-14-Şanlıurfa Hipodromu-7,2026-09-14,7,Şanlıurfa Hipodromu,1200.0,HUNTER MAN,İSA KATAR,RESUL KAYA,57.0,3,55.0,50.0,46.0,46.0,50.0,88.0,0.0,1,0.0
2026-09-14-Şanlıurfa Hipodromu-7,2026-09-14,7,Şanlıurfa Hipodromu,1200.0,IVAR,NECMİ ALTIN,MEHMET ASLAN,57.0,2,0.0,50.0,50.0,50.0,50.0,88.0,0.0,0,0.0
2026-09-14-Şanlıurfa Hipodromu-7,2026-09-14,7,Şanlıurfa Hipodromu,1200.0,KING ASLAN,SAMİ KAPLAN,MEHMET ASLAN,57.0,13,0.0,50.0,50.0,50.0,50.0,88.0,0.0,0,0.0
2026-09-14-Şanlıurfa Hipodromu-7,2026-09-14,7,Şanlıurfa Hipodromu,1200.0,LOVESICK GRILS,FERİT YARDIMCI,ZEKERİYA AKDEMİR,58.0,1,70.0,50.0,50.0,64.0,64.0,92.0,0.0,1,26.0
2026-09-14-Şanlıurfa Hipodromu-7,2026-09-14,7,Şanlıurfa Hipodromu,1200.0,MAYBE FOR US,LEVENT TAPTIK,MEHMET GÜNDÜZ,55.0,7,85.0,50.0,82.0,82.0,50.0,80.0,0.0,1,24.0
2026-09-14-Şanlıurfa Hipodromu-7,2026-09-14,7,Şanlıurfa Hipodromu,1200.0,PEARL GRAIN,MEHMET EMİN DOĞAN,ORHAN GÖRMEZ,55.0,8,0.0,50.0,50.0,50.0,50.0,80.0,0.0,0,0.0
2026-09-14-Şanlıurfa Hipodromu-7,2026-09-14,7,Şanlıurfa Hipodromu,1200.0,REAL GENERAL,MEHMET ALİ AKTÜRK,OSMAN DEMİR,57.0,10,0.0,50.0,0.0,50.0,0.0,88.0,0.0,1,0.0
2026-09-14-Şanlıurfa Hipodromu-7,2026-09-14,7,Şanlıurfa Hipodromu,1200.0,SOWER,AZİZ AKDEMİR,MEHMET ALİ SUBAY,57.0,4,0.0,50.0,50.0,50.0,50.0,88.0,0.0,0,0.0
2026-09-14-Şanlıurfa Hipodromu-7,2026-09-14,7,Şanlıurfa Hipodromu,1200.0,SİRBARİ,AHMET HASAN BAYAR,HALİL TÜRKMAN,57.0,6,0.0,50.0,50.0,50.0,50.0,88.0,0.0,0,0.0
2026-09-14-Şanlıurfa Hipodromu-7,2026-09-14,7,Şanlıurfa Hipodromu,1200.0,WALLEY OF DAWN,İSA AKYAVUZ,OSMAN DEMİR,55.0,9,0.0,50.0,50.0,50.0,50.0,80.0,0.0,0,0.0
2026-09-14-Şanlıurfa Hipodromu-7,2026-09-14,7,Şanlıurfa Hipodromu,1200.0,YEĞENİM ŞİRİN,NİZAMETTİN DEMİR,MEHRİBAN ÇİÇEK,57.0,11,0.0,50.0,0.0,50.0,50.0,88.0,0.0,1,0.0
2026-09-14-Şanlıurfa Hipodromu-8,2026-09-14,8,Şanlıurfa Hipodromu,1200.0,BEYOND THE SEA,MAHMUT ÜNLÜ,MEHMET ASLAN,59.5,4,0.0,50.0,50.0,50.0,50.0,98.0,0.0,0,48.0
2026-09-14-Şanlıurfa Hipodromu-8,2026-09-14,8,Şanlıurfa Hipodromu,1200.0,COOL POWER,FERİT YARDIMCI,MEHRİBAN ÇİÇEK,61.0,14,40.0,50.0,46.0,50.0,50.0,96.0,0.0,2,51.0
2026-09-14-Şanlıurfa Hipodromu-8,2026-09-14,8,Şanlıurfa Hipodromu,1200.0,DARK SOUL,ÇETİN CANPOLAT,OSMAN DEMİR,55.0,6,0.0,50.0,0.0,50.0,0.0,80.0,0.0,2,39.0
2026-09-14-Şanlıurfa Hipodromu-8,2026-09-14,8,Şanlıurfa Hipodromu,1200.0,EL LEON,İSA AKYAVUZ,SÜLEYMAN KARAKEÇİLİ,60.5,5,20.0,50.0,50.0,50.0,14.0,98.0,0.0,2,50.0
2026-09-14-Şanlıurfa Hipodromu-8,2026-09-14,8,Şanlıurfa Hipodromu,1200.0,GOLDEN SKIN,MEHMET ŞAKİR,VELİ ÇİZİK,58.5,16,0.0,50.0,0.0,50.0,0.0,94.0,0.0,1,50.0
2026-09-14-Şanlıurfa Hipodromu-8,2026-09-14,8,Şanlıurfa Hipodromu,1200.0,HENAIRE,İSA KATAR,VELİ ÇİZİK,60.0,17,0.0,50.0,0.0,50.0,0.0,100.0,0.0,1,49.0
2026-09-14-Şanlıurfa Hipodromu-8,2026-09-14,8,Şanlıurfa Hipodromu,1200.0,JOYNER RUNNER,YUNUS ÇELİKBAŞ,FATİH EMİR AKIL,58.0,11,0.0,50.0,0.0,0.0,50.0,92.0,0.0,1,45.0
2026-09-14-Şanlıurfa Hipodromu-8,2026-09-14,8,Şanlıurfa Hipodromu,1200.0,KAROZBEY,NİZAMETTİN DEMİR,YELİZ BAYSAL,56.5,2,0.0,50.0,50.0,50.0,0.0,86.0,0.0,2,42.0
2026-09-14-Şanlıurfa Hipodromu-8,2026-09-14,8,Şanlıurfa Hipodromu,1200.0,KING OF RACE,MEHMET EMİN DOĞAN,EYYÜP YARDIMCI,57.5,8,0.0,50.0,50.0,50.0,50.0,90.0,0.0,1,51.0
2026-09-14-Şanlıurfa Hipodromu-8,2026-09-14,8,Şanlıurfa Hipodromu,1200.0,LION ROBERO,YUSUF CENGİZ,BÜNYAMİN CENGİZ,60.5,1,47.5,50.0,50.0,37.0,37.0,98.0,0.0,2,50.0
2026-09-14-Şanlıurfa Hipodromu-8,2026-09-14,8,Şanlıurfa Hipodromu,1200.0,LUCKY RAIN GIRL,SAMİ KAPLAN,SÜLEYMAN KARAKEÇİLİ,58.5,3,0.0,50.0,0.0,50.0,0.0,94.0,0.0,1,46.0
2026-09-14-Şanlıurfa Hipodromu-8,2026-09-14,8,Şanlıurfa Hipodromu,1200.0,METE KOÇ BEY,NECMİ ALTIN,SÜLEYMAN KARAKEÇİLİ,59.0,15,0.0,50.0,50.0,50.0,50.0,96.0,0.0,0,54.0
2026-09-14-Şanlıurfa Hipodromu-8,2026-09-14,8,Şanlıurfa Hipodromu,1200.0,RAHAT OLL,AZİZ AKDEMİR,ZEKERİYA AKDEMİR,55.0,9,40.0,50.0,28.0,50.0,28.0,80.0,0.0,1,46.0
2026-09-14-Şanlıurfa Hipodromu-8,2026-09-14,8,Şanlıurfa Hipodromu,1200.0,RÜZGAR AGAH,EMRE AKKILIÇ,VELİ ÇİZİK,56.5,13,35.0,50.0,64.0,0.0,32.0,86.0,0.0,2,49.0
2026-09-14-Şanlıurfa Hipodromu-8,2026-09-14,8,Şanlıurfa Hipodromu,1200.0,TEK OZANIM,AHMET HASAN BAYAR,MEHMET GÜNDÜZ,56.0,10,12.5,50.0,5.0,50.0,50.0,84.0,0.0,2,41.0
2026-09-14-Şanlıurfa Hipodromu-8,2026-09-14,8,Şanlıurfa Hipodromu,1200.0,TEZGAHTAR NEBAHAT,MUHAMMED BARAN ÇAKMAK,ABDULHANAN BAĞIŞ,59.0,7,0.0,50.0,50.0,50.0,50.0,96.0,0.0,0,51.0
2026-09-14-Şanlıurfa Hipodromu-8,2026-09-14,8,Şanlıurfa Hipodromu,1200.0,WITTO,HAKİM YÖNDEN,OSMAN DEMİR,52.0,12,0.0,50.0,50.0,50.0,50.0,68.0,0.0,0,31.0
2026-09-15-Ankara 75. Yıl Hipodromu-1,2026-09-15,1,Ankara 75. Yıl Hipodromu,1300.0,ABADBEY,ERAY ÇİZİK,İLKER KÖROĞLU,57.0,3,40.0,28.0,28.0,28.0,28.0,88.0,3.92,1,25.0
2026-09-15-Ankara 75. Yıl Hipodromu-1,2026-09-15,1,Ankara 75. Yıl Hipodromu,1300.0,ARDANUÇDAN,HIŞMAN ÇİZİK,CUMALİ KARATAŞ,55.0,8,0.0,50.0,50.0,50.0,50.0,80.0,3.58,0,0.0
2026-09-15-Ankara 75. Yıl Hipodromu-1,2026-09-15,1,Ankara 75. Yıl Hipodromu,1300.0,ARKANBERK,MÜSLÜM ÇELİK,SERHAT POLAT,59.0,2,85.0,82.0,82.0,82.0,82.0,96.0,12.91,1,36.0
2026-09-15-Ankara 75. Yıl Hipodromu-1,2026-09-15,1,Ankara 75. Yıl Hipodromu,1300.0,BÜYÜK PEHLİVAN,VEDAT ABİŞ,MUSTAFA ÖZYİĞİT,57.0,4,35.0,32.0,32.0,50.0,0.0,88.0,6.71,2,31.0
2026-09-15-Ankara 75. Yıl Hipodromu-1,2026-09-15,1,Ankara 75. Yıl Hipodromu,1300.0,KING ULUDAĞ,ERCAN ÇANKAYA,VEDAT YILDIRIM,59.0,1,85.0,82.0,82.0,50.0,82.0,96.0,17.57,1,35.0
2026-09-15-Ankara 75. Yıl Hipodromu-1,2026-09-15,1,Ankara 75. Yıl Hipodromu,1300.0,KURT BAKIŞLI,GÖKHAN KOCAKAYA,SERHAT POLAT,57.0,5,85.0,82.0,82.0,82.0,82.0,88.0,44.63,1,0.0
2026-09-15-Ankara 75. Yıl Hipodromu-1,2026-09-15,1,Ankara 75. Yıl Hipodromu,1300.0,SELANİK PAŞASI,ERHAN AKTUĞ,YUSUF UÇAR,57.0,10,0.0,50.0,50.0,50.0,50.0,88.0,0.64,0,0.0
2026-09-15-Ankara 75. Yıl Hipodromu-1,2026-09-15,1,Ankara 75. Yıl Hipodromu,1300.0,SEVERBEY,MEHMET KAYA,RAMAZAN KAYA,57.0,7,27.5,23.0,23.0,50.0,23.0,88.0,2.45,2,24.0
2026-09-15-Ankara 75. Yıl Hipodromu-1,2026-09-15,1,Ankara 75. Yıl Hipodromu,1300.0,SEVGİNUR,SERHAT ÇELİK,RAMAZAN KAYA,52.0,9,27.5,0.0,23.0,46.0,23.0,68.0,1.03,2,27.0
2026-09-15-Ankara 75. Yıl Hipodromu-1,2026-09-15,1,Ankara 75. Yıl Hipodromu,1300.0,ÖRNEKKAN,AYHAN KURŞUN,ŞEFİK AYDEMİR,57.0,6,40.0,28.0,28.0,28.0,28.0,88.0,6.22,1,0.0
2026-09-15-Ankara 75. Yıl Hipodromu-2,2026-09-15,2,Ankara 75. Yıl Hipodromu,2200.0,ATLI FIRTINA,ENES ATLAMAZ,ÜMİT ARSLAN,53.5,6,25.0,10.0,10.0,50.0,10.0,74.0,3.29,1,55.0
2026-09-15-Ankara 75. Yıl Hipodromu-2,2026-09-15,2,Ankara 75. Yıl Hipodromu,2200.0,DİNAMİT,ERCAN ÇANKAYA,UĞUR KULAK,58.0,3,0.0,50.0,50.0,50.0,50.0,92.0,61.55,0,90.0
2026-09-15-Ankara 75. Yıl Hipodromu-2,2026-09-15,2,Ankara 75. Yıl Hipodromu,2200.0,LOSTRA,MÜSLÜM ÇELİK,KEMAL YILMAZ,57.5,5,70.0,64.0,64.0,64.0,64.0,90.0,10.25,1,67.0
2026-09-15-Ankara 75. Yıl Hipodromu-2,2026-09-15,2,Ankara 75. Yıl Hipodromu,2200.0,MOTOR,HIŞMAN ÇİZİK,MEHMET ŞEFİK KILINÇ,57.0,2,40.0,28.0,28.0,50.0,28.0,88.0,15.13,1,88.0
2026-09-15-Ankara 75. Yıl Hipodromu-2,2026-09-15,2,Ankara 75. Yıl Hipodromu,2200.0,MÜREKKEP YÜREK,FATİH SULTAN MEHMET SANSAR,CASIM KATI,54.0,1,0.0,50.0,50.0,50.0,50.0,76.0,8.64,0,80.0
2026-09-15-Ankara 75. Yıl Hipodromu-2,2026-09-15,2,Ankara 75. Yıl Hipodromu,2200.0,ÖZGÜNALP,FESİH ÇETİNBAŞ,HÜSEYİN SUNKAR,57.5,4,0.0,50.0,50.0,50.0,50.0,90.0,1.15,0,67.0
2026-09-15-Ankara 75. Yıl Hipodromu-3,2026-09-15,3,Ankara 75. Yıl Hipodromu,1400.0,ANATOLIAN HERO,MEHMET SALİH ÇELİK,İSMET TEKİNALP,57.0,4,100.0,100.0,100.0,100.0,100.0,88.0,40.4,1,66.0
2026-09-15-Ankara 75. Yıl Hipodromu-3,2026-09-15,3,Ankara 75. Yıl Hipodromu,1400.0,BEAUTIFUL LIGHT,MEHMET AKYAVUZ,İSMET AKKILIÇ,55.0,3,55.0,46.0,46.0,46.0,46.0,80.0,6.48,1,51.0
2026-09-15-Ankara 75. Yıl Hipodromu-3,2026-09-15,3,Ankara 75. Yıl Hipodromu,1400.0,EMANET,ERAY ÇİZİK,FERDİ KİP,53.0,5,100.0,100.0,100.0,100.0,100.0,72.0,17.97,1,46.0
2026-09-15-Ankara 75. Yıl Hipodromu-3,2026-09-15,3,Ankara 75. Yıl Hipodromu,1400.0,KEN PARKER,VEDAT ABİŞ,İBRAHİM BEKİROĞULLARI,53.0,1,0.0,50.0,50.0,50.0,50.0,72.0,26.09,0,46.0
2026-09-15-Ankara 75. Yıl Hipodromu-3,2026-09-15,3,Ankara 75. Yıl Hipodromu,1400.0,YURIBOYKA,AYHAN KURŞUN,ERTAN ACER,54.0,2,70.0,64.0,64.0,64.0,64.0,76.0,9.05,2,58.0
2026-09-15-Ankara 75. Yıl Hipodromu-4,2026-09-15,4,Ankara 75. Yıl Hipodromu,1300.0,AKGÜL HANIM,SERHAT ÇELİK,RAMAZAN KAYA,52.0,3,0.0,0.0,0.0,0.0,0.0,68.0,2.25,1,30.0
2026-09-15-Ankara 75. Yıl Hipodromu-4,2026-09-15,4,Ankara 75. Yıl Hipodromu,1300.0,ATAERİ,FESİH ÇETİNBAŞ,CASIM KATI,57.0,2,55.0,46.0,46.0,82.0,46.0,88.0,20.98,2,29.0
2026-09-15-Ankara 75. Yıl Hipodromu-4,2026-09-15,4,Ankara 75. Yıl Hipodromu,1300.0,ATEŞİZİ,ERCAN ÇANKAYA,HÜSEYİN SUNKAR,57.0,5,55.0,46.0,46.0,46.0,28.0,88.0,18.27,2,26.0
2026-09-15-Ankara 75. Yıl Hipodromu-4,2026-09-15,4,Ankara 75. Yıl Hipodromu,1300.0,HIZLI KRAL,ROJHAT KURT,KEMAL YILMAZ,53.0,4,0.0,50.0,50.0,50.0,50.0,72.0,2.03,0,15.0
2026-09-15-Ankara 75. Yıl Hipodromu-4,2026-09-15,4,Ankara 75. Yıl Hipodromu,1300.0,KARANIN OĞLU,ERAY ÇİZİK,MEHMET ŞEFİK KILINÇ,57.0,6,0.0,0.0,0.0,0.0,0.0,88.0,5.75,2,13.0
2026-09-15-Ankara 75. Yıl Hipodromu-4,2026-09-15,4,Ankara 75. Yıl Hipodromu,1300.0,KARSUOVA,ENES ATLAMAZ,MEHMET DEMİROL,53.0,9,0.0,0.0,0.0,50.0,0.0,72.0,2.35,1,0.0
2026-09-15-Ankara 75. Yıl Hipodromu-4,2026-09-15,4,Ankara 75. Yıl Hipodromu,1300.0,KOYUNEVİ ASLANI,MERT GÖKALP ARSLAN,KÜBRA ŞENTÜRK,57.0,8,0.0,0.0,0.0,50.0,0.0,88.0,6.43,1,0.0
2026-09-15-Ankara 75. Yıl Hipodromu-4,2026-09-15,4,Ankara 75. Yıl Hipodromu,1300.0,OSKAYBEY,HIŞMAN ÇİZİK,SERHAT POLAT,57.0,11,40.0,28.0,28.0,50.0,28.0,88.0,14.17,1,0.0
2026-09-15-Ankara 75. Yıl Hipodromu-4,2026-09-15,4,Ankara 75. Yıl Hipodromu,1300.0,TORUN SADA,MEHMET KAYA,RAMAZAN KAYA,55.0,1,27.5,23.0,23.0,50.0,23.0,80.0,12.35,2,23.0
2026-09-15-Ankara 75. Yıl Hipodromu-4,2026-09-15,4,Ankara 75. Yıl Hipodromu,1300.0,YARKAYA,FATİH SULTAN MEHMET SANSAR,ADNAN POLAT,57.0,7,0.0,0.0,0.0,50.0,0.0,88.0,9.54,1,0.0
2026-09-15-Ankara 75. Yıl Hipodromu-4,2026-09-15,4,Ankara 75. Yıl Hipodromu,1300.0,YAVUZALİ,NİZAMETTİN DEMİR,SERHAT POLAT,57.0,10,10.0,0.0,0.0,50.0,0.0,88.0,5.88,1,0.0
2026-09-15-Ankara 75. Yıl Hipodromu-5,2026-09-15,5,Ankara 75. Yıl Hipodromu,1500.0,AKIN BEYLİ,HIŞMAN ÇİZİK,CUMALİ KARATAŞ,56.5,4,40.0,28.0,28.0,50.0,28.0,86.0,11.06,1,42.0
2026-09-15-Ankara 75. Yıl Hipodromu-5,2026-09-15,5,Ankara 75. Yıl Hipodromu,1500.0,ANGLE RISING,SERHAT ÇELİK,KEMAL YILMAZ,57.5,3,0.0,50.0,50.0,50.0,50.0,90.0,9.08,0,50.0
2026-09-15-Ankara 75. Yıl Hipodromu-5,2026-09-15,5,Ankara 75. Yıl Hipodromu,1500.0,DİNAMİT KIZ,MEHMET KESKİN,ÖMER FARUK ERTUĞRUL,54.5,2,10.0,0.0,50.0,50.0,0.0,78.0,4.79,1,38.0
2026-09-15-Ankara 75. Yıl Hipodromu-5,2026-09-15,5,Ankara 75. Yıl Hipodromu,1500.0,EL ALACRAN,ERCAN ÇANKAYA,NİHAT DÜNDAR,55.5,7,85.0,50.0,82.0,50.0,82.0,82.0,18.41,1,40.0
2026-09-15-Ankara 75. Yıl Hipodromu-5,2026-09-15,5,Ankara 75. Yıl Hipodromu,1500.0,EL REY ESCORPİON,FESİH ÇETİNBAŞ,HÜSEYİN SUNKAR,60.0,5,0.0,0.0,0.0,0.0,50.0,100.0,1.75,1,49.0
2026-09-15-Ankara 75. Yıl Hipodromu-5,2026-09-15,5,Ankara 75. Yıl Hipodromu,1500.0,LARRY LEGEND,MEHMET SALİH ÇELİK,İSMET TEKİNALP,58.5,8,0.0,50.0,50.0,50.0,50.0,94.0,13.75,0,46.0
2026-09-15-Ankara 75. Yıl Hipodromu-5,2026-09-15,5,Ankara 75. Yıl Hipodromu,1500.0,PRENS NADİR,ENES ATLAMAZ,RAMAZAN TAŞDELEN,58.0,6,0.0,50.0,50.0,50.0,50.0,92.0,11.69,0,51.0
2026-09-15-Ankara 75. Yıl Hipodromu-5,2026-09-15,5,Ankara 75. Yıl Hipodromu,1500.0,SECRET STORM,İSMAİL YILDIRIM,İSMET AKKILIÇ,60.0,1,0.0,50.0,50.0,50.0,50.0,100.0,23.74,0,53.0
2026-09-15-Ankara 75. Yıl Hipodromu-5,2026-09-15,5,Ankara 75. Yıl Hipodromu,1500.0,SILENT QUEEN,ERHAN AKTUĞ,ŞEFİK AYDEMİR,59.0,9,0.0,50.0,50.0,50.0,50.0,96.0,3.7,0,47.0
2026-09-15-Ankara 75. Yıl Hipodromu-5,2026-09-15,5,Ankara 75. Yıl Hipodromu,1500.0,SWEET VICTORY,FATİH SULTAN MEHMET SANSAR,MEHMET ALİ CANPOLATLI,56.0,10,0.0,50.0,50.0,50.0,50.0,84.0,2.04,0,41.0
2026-09-15-Ankara 75. Yıl Hipodromu-6,2026-09-15,6,Ankara 75. Yıl Hipodromu,2200.0,BROARTS,VEDAT ABİŞ,MUSTAFA ÖZYİĞİT,59.0,3,0.0,50.0,50.0,50.0,50.0,96.0,18.99,0,100.0
2026-09-15-Ankara 75. Yıl Hipodromu-6,2026-09-15,6,Ankara 75. Yıl Hipodromu,2200.0,GEL OGLİM,GÖKHAN KOCAKAYA,HİKMET TURAN,58.0,6,55.0,46.0,50.0,50.0,50.0,92.0,7.76,1,98.0
2026-09-15-Ankara 75. Yıl Hipodromu-6,2026-09-15,6,Ankara 75. Yıl Hipodromu,2200.0,KALKÜTA,HIŞMAN ÇİZİK,FERDİ KİP,58.5,2,0.0,50.0,50.0,50.0,50.0,94.0,15.64,0,99.0
2026-09-15-Ankara 75. Yıl Hipodromu-6,2026-09-15,6,Ankara 75. Yıl Hipodromu,2200.0,KİNJAL,AYHAN KURŞUN,HASAN YILDIRIM,54.0,1,0.0,50.0,50.0,50.0,50.0,76.0,33.21,0,90.0
2026-09-15-Ankara 75. Yıl Hipodromu-6,2026-09-15,6,Ankara 75. Yıl Hipodromu,2200.0,RIDE THE LIGHTNING,MEHMET KAYA,HÜSEYİN KAYA,61.0,5,0.0,50.0,50.0,50.0,50.0,96.0,19.5,0,104.0
2026-09-15-Ankara 75. Yıl Hipodromu-6,2026-09-15,6,Ankara 75. Yıl Hipodromu,2200.0,TYWIN LANNISTER,ERCAN ÇANKAYA,EMİN KARATAŞ,53.5,4,0.0,50.0,50.0,50.0,50.0,74.0,4.89,0,89.0
2026-09-15-Ankara 75. Yıl Hipodromu-7,2026-09-15,7,Ankara 75. Yıl Hipodromu,2200.0,BOUCHERON,AYHAN KURŞUN,ERTAN ACER,58.0,6,25.0,10.0,50.0,50.0,10.0,92.0,0.0,1,85.0
2026-09-15-Ankara 75. Yıl Hipodromu-7,2026-09-15,7,Ankara 75. Yıl Hipodromu,2200.0,JAN AQUA,MEHMET AKYAVUZ,MUHAMMED AKYAVUZ,57.0,3,55.0,50.0,50.0,46.0,46.0,88.0,0.0,1,97.0
2026-09-15-Ankara 75. Yıl Hipodromu-7,2026-09-15,7,Ankara 75. Yıl Hipodromu,2200.0,KARAMAÇABEY,ERCAN ÇANKAYA,HÜSEYİN TEKİNALP,55.0,2,0.0,50.0,50.0,50.0,50.0,80.0,0.0,0,37.0
2026-09-15-Ankara 75. Yıl Hipodromu-7,2026-09-15,7,Ankara 75. Yıl Hipodromu,2200.0,QUEIMADA GRANDE,MÜCAHİT BAYIR,MEHMET ÇELİK,50.0,1,85.0,50.0,50.0,50.0,50.0,60.0,0.0,1,89.0
2026-09-15-Ankara 75. Yıl Hipodromu-7,2026-09-15,7,Ankara 75. Yıl Hipodromu,2200.0,RUN FOR YAVUZ,BURHAN KILINÇ,MUSTAFA ÖZYİĞİT,56.0,4,10.0,0.0,50.0,50.0,50.0,84.0,0.0,1,78.0
2026-09-15-Ankara 75. Yıl Hipodromu-7,2026-09-15,7,Ankara 75. Yıl Hipodromu,2200.0,SIEGREICH,MEHMET KESKİN,SAVAŞ GÜRKAN,51.0,8,25.0,10.0,50.0,50.0,10.0,64.0,0.0,1,45.0
2026-09-15-Ankara 75. Yıl Hipodromu-7,2026-09-15,7,Ankara 75. Yıl Hipodromu,2200.0,SOLİDO HERMANOS,MEHMET SALİH ÇELİK,MUSTAFA ATAL,55.0,10,0.0,50.0,0.0,50.0,0.0,80.0,0.0,1,59.0
2026-09-15-Ankara 75. Yıl Hipodromu-7,2026-09-15,7,Ankara 75. Yıl Hipodromu,2200.0,TERCAL NİHAT,VEDAT ABİŞ,YUSUF UÇAR,53.0,5,70.0,64.0,50.0,50.0,64.0,72.0,0.0,1,54.0
2026-09-15-Ankara 75. Yıl Hipodromu-7,2026-09-15,7,Ankara 75. Yıl Hipodromu,2200.0,THUNDER HORSE,ERHAN AKTUĞ,HİKMET TURAN,56.0,7,0.0,0.0,0.0,50.0,0.0,84.0,0.0,1,39.0
2026-09-15-Ankara 75. Yıl Hipodromu-7,2026-09-15,7,Ankara 75. Yıl Hipodromu,2200.0,WE ARE THE BEST,HIŞMAN ÇİZİK,HASAN YILDIRIM,54.0,9,0.0,0.0,0.0,50.0,0.0,76.0,0.0,1,66.0
2026-09-15-Ankara 75. Yıl Hipodromu-8,2026-09-15,8,Ankara 75. Yıl Hipodromu,1300.0,ALABİNİT,VEDAT ABİŞ,YUSUF YILDIZ,57.0,5,0.0,50.0,50.0,50.0,50.0,88.0,0.0,0,0.0
2026-09-15-Ankara 75. Yıl Hipodromu-8,2026-09-15,8,Ankara 75. Yıl Hipodromu,1300.0,AZİMŞİR,FESİH ÇETİNBAŞ,MEHMET ALİ CANPOLATLI,57.0,2,0.0,50.0,50.0,50.0,50.0,88.0,0.0,0,0.0
2026-09-15-Ankara 75. Yıl Hipodromu-8,2026-09-15,8,Ankara 75. Yıl Hipodromu,1300.0,BAKTAVORLİ,ROJHAT KURT,MEHMET TEKİNALP,53.0,9,0.0,0.0,0.0,50.0,0.0,72.0,0.0,2,20.0
2026-09-15-Ankara 75. Yıl Hipodromu-8,2026-09-15,8,Ankara 75. Yıl Hipodromu,1300.0,DOĞANIN ASLANI,MEHMET AKYAVUZ,RACİ ATLI,57.0,11,70.0,64.0,64.0,50.0,64.0,88.0,0.0,1,31.0
2026-09-15-Ankara 75. Yıl Hipodromu-8,2026-09-15,8,Ankara 75. Yıl Hipodromu,1300.0,FERATUN,FATİH SULTAN MEHMET SANSAR,MEHMET ALİ CANPOLATLI,55.0,4,40.0,28.0,28.0,28.0,28.0,80.0,0.0,1,22.0
2026-09-15-Ankara 75. Yıl Hipodromu-8,2026-09-15,8,Ankara 75. Yıl Hipodromu,1300.0,KARASERHAN,MERT UYAR,AYKUT AYDIN,53.0,8,25.0,10.0,10.0,50.0,10.0,72.0,0.0,1,0.0
2026-09-15-Ankara 75. Yıl Hipodromu-8,2026-09-15,8,Ankara 75. Yıl Hipodromu,1300.0,MENESSAL,MEHMET NURİ SUNKAR,SERHAT POLAT,55.0,7,0.0,0.0,0.0,50.0,0.0,80.0,0.0,1,16.0
2026-09-15-Ankara 75. Yıl Hipodromu-8,2026-09-15,8,Ankara 75. Yıl Hipodromu,1300.0,VENEDİKZADE,HIŞMAN ÇİZİK,MEHMET DEMİROL,57.0,10,70.0,64.0,64.0,50.0,64.0,88.0,0.0,1,0.0
2026-09-15-Ankara 75. Yıl Hipodromu-8,2026-09-15,8,Ankara 75. Yıl Hipodromu,1300.0,ZUBİR,MÜSLÜM ÇELİK,YUSUF UÇAR,57.0,6,0.0,0.0,0.0,0.0,0.0,88.0,0.0,1,0.0
2026-09-15-Ankara 75. Yıl Hipodromu-8,2026-09-15,8,Ankara 75. Yıl Hipodromu,1300.0,ÇİRKİN VE GÜZEL,SERHAT ÇELİK,RAMAZAN KAYA,55.0,3,5.0,0.0,0.0,0.0,0.0,80.0,0.0,2,28.0
2026-09-15-Ankara 75. Yıl Hipodromu-8,2026-09-15,8,Ankara 75. Yıl Hipodromu,1300.0,ÜNAL GÖZ,AZİZ AKDEMİR,MEHMET ŞEFİK KILINÇ,60.0,1,77.5,73.0,73.0,50.0,73.0,100.0,0.0,2,36.0
2026-09-15-Ankara 75. Yıl Hipodromu-9,2026-09-15,9,Ankara 75. Yıl Hipodromu,1900.0,ALTINEKEN,MERT GÖKALP ARSLAN,SERHAT POLAT,56.0,8,0.0,50.0,50.0,50.0,50.0,84.0,0.0,0,58.0
2026-09-15-Ankara 75. Yıl Hipodromu-9,2026-09-15,9,Ankara 75. Yıl Hipodromu,1900.0,BURÇİGİN,VEDAT ABİŞ,CASIM KATI,55.5,1,100.0,100.0,50.0,50.0,100.0,82.0,0.0,1,61.0
2026-09-15-Ankara 75. Yıl Hipodromu-9,2026-09-15,9,Ankara 75. Yıl Hipodromu,1900.0,EŞAY,NİZAMETTİN DEMİR,OSMAN İPEK,54.0,4,40.0,28.0,50.0,28.0,28.0,76.0,0.0,1,54.0
2026-09-15-Ankara 75. Yıl Hipodromu-9,2026-09-15,9,Ankara 75. Yıl Hipodromu,1900.0,GÜLDANİYE,SERHAT ÇELİK,MÜCAHİT KAYA,60.0,12,10.0,0.0,50.0,0.0,0.0,100.0,0.0,1,72.0
2026-09-15-Ankara 75. Yıl Hipodromu-9,2026-09-15,9,Ankara 75. Yıl Hipodromu,1900.0,GÜMBÜRBERK,MÜSLÜM ÇELİK,SERHAT POLAT,55.5,11,25.0,28.0,50.0,50.0,14.0,82.0,0.0,2,61.0
2026-09-15-Ankara 75. Yıl Hipodromu-9,2026-09-15,9,Ankara 75. Yıl Hipodromu,1900.0,HADEHANIM,ERHAN AKTUĞ,ŞEFİK AYDEMİR,53.5,7,0.0,50.0,50.0,50.0,50.0,74.0,0.0,0,57.0
2026-09-15-Ankara 75. Yıl Hipodromu-9,2026-09-15,9,Ankara 75. Yıl Hipodromu,1900.0,KUZGUNİ YEŞİL,MEHMET KESKİN,CASIM KATI,51.0,2,85.0,82.0,50.0,82.0,82.0,64.0,0.0,1,45.0
2026-09-15-Ankara 75. Yıl Hipodromu-9,2026-09-15,9,Ankara 75. Yıl Hipodromu,1900.0,OYAZADE,MÜCAHİT BAYIR,MEHMET DEMİROL,54.5,9,0.0,0.0,50.0,50.0,0.0,78.0,0.0,1,55.0
2026-09-15-Ankara 75. Yıl Hipodromu-9,2026-09-15,9,Ankara 75. Yıl Hipodromu,1900.0,SEMENDİN GÜCÜ,ERAY ÇİZİK,YUSUF UÇAR,52.0,5,41.667,50.0,41.0,50.0,50.0,68.0,0.0,3,50.0
2026-09-15-Ankara 75. Yıl Hipodromu-9,2026-09-15,9,Ankara 75. Yıl Hipodromu,1900.0,SEMRAKAYA,ERCAN ÇANKAYA,MERT DEMİRTAŞ,59.0,10,0.0,50.0,50.0,50.0,50.0,96.0,0.0,0,68.0
2026-09-15-Ankara 75. Yıl Hipodromu-9,2026-09-15,9,Ankara 75. Yıl Hipodromu,1900.0,SEVDA MEVSİMİ,FATİH SULTAN MEHMET SANSAR,RAMAZAN KAYA,52.0,3,70.0,50.0,64.0,50.0,50.0,68.0,0.0,1,54.0
2026-09-15-Ankara 75. Yıl Hipodromu-9,2026-09-15,9,Ankara 75. Yıl Hipodromu,1900.0,SEÇİLKIZ,AYHAN KURŞUN,ŞEFİK AYDEMİR,59.0,6,0.0,50.0,50.0,50.0,50.0,96.0,0.0,0,68.0
2026-09-15-Kocaeli Kartepe Hipodromu-1,2026-09-15,1,Kocaeli Kartepe Hipodromu,1400.0,BEYLERİNBEYİ,RECEP KETME,NİHAT KAYA,56.0,6,0.0,50.0,50.0,50.0,50.0,84.0,2.71,0,62.0
2026-09-15-Kocaeli Kartepe Hipodromu-1,2026-09-15,1,Kocaeli Kartepe Hipodromu,1400.0,COME AND SEE,EREN KADİRLER,KAZIM ŞENGEL,51.0,7,0.0,50.0,0.0,50.0,50.0,64.0,1.16,1,48.0
2026-09-15-Kocaeli Kartepe Hipodromu-1,2026-09-15,1,Kocaeli Kartepe Hipodromu,1400.0,DORUKLAR BEYİ,RÜZGAR YILDIZ,TUNCAY ATEŞ,51.0,4,0.0,50.0,50.0,50.0,50.0,64.0,1.3,0,54.0
2026-09-15-Kocaeli Kartepe Hipodromu-1,2026-09-15,1,Kocaeli Kartepe Hipodromu,1400.0,KARDAHA,MUSTAFA ÇİÇEK,ERDAL AKYAVUZ,57.5,11,100.0,100.0,50.0,100.0,50.0,90.0,7.31,1,61.0
2026-09-15-Kocaeli Kartepe Hipodromu-1,2026-09-15,1,Kocaeli Kartepe Hipodromu,1400.0,MERCIER,ERTUĞRUL CANKILIÇ,OSMAN ALTUNTAŞ,54.5,1,0.0,50.0,50.0,50.0,50.0,78.0,34.67,0,59.0
2026-09-15-Kocaeli Kartepe Hipodromu-1,2026-09-15,1,Kocaeli Kartepe Hipodromu,1400.0,MY REBELLIOUS GIRL,ONUR ATMACA,YUSUF ÇANKAYA,54.5,10,70.0,64.0,64.0,64.0,64.0,78.0,5.03,1,55.0
2026-09-15-Kocaeli Kartepe Hipodromu-1,2026-09-15,1,Kocaeli Kartepe Hipodromu,1400.0,RUZYM,ONUR YILDIZ,SİNAN YANMAZ,62.0,8,100.0,100.0,100.0,100.0,100.0,92.0,13.19,1,70.0
2026-09-15-Kocaeli Kartepe Hipodromu-1,2026-09-15,1,Kocaeli Kartepe Hipodromu,1400.0,SAVE YOUR TEARS,NEVZAT AVCİ,MÜSLÜM DOLAK,55.0,12,0.0,50.0,0.0,50.0,50.0,80.0,4.31,1,56.0
2026-09-15-Kocaeli Kartepe Hipodromu-1,2026-09-15,1,Kocaeli Kartepe Hipodromu,1400.0,SHAWSHANK,ONUR ÖZTÜRK,AHMET ÖCAL,59.5,5,55.0,46.0,46.0,46.0,46.0,98.0,16.36,1,65.0
2026-09-15-Kocaeli Kartepe Hipodromu-1,2026-09-15,1,Kocaeli Kartepe Hipodromu,1400.0,STEEL STRONG,ALİ YILDIZ,NURHAN BAKIR,52.0,2,0.0,50.0,50.0,50.0,50.0,68.0,2.8,0,45.0
2026-09-15-Kocaeli Kartepe Hipodromu-1,2026-09-15,1,Kocaeli Kartepe Hipodromu,1400.0,WINNING DRAGON,GÖRKEM ÖZÇELİK,SERKAN SÜSLÜ,53.5,9,40.0,28.0,28.0,50.0,28.0,74.0,6.81,1,53.0
2026-09-15-Kocaeli Kartepe Hipodromu-1,2026-09-15,1,Kocaeli Kartepe Hipodromu,1400.0,ŞAMAR,MUHAMMED MİR BİLGİN,OSMAN ALTUNTAŞ,55.0,3,0.0,50.0,50.0,50.0,50.0,80.0,4.36,0,56.0
2026-09-15-Kocaeli Kartepe Hipodromu-2,2026-09-15,2,Kocaeli Kartepe Hipodromu,1400.0,BESTE BEGÜM,DOĞUKAN KONUK,HASAN KAYA,55.0,9,0.0,50.0,0.0,0.0,50.0,80.0,0.23,1,0.0
2026-09-15-Kocaeli Kartepe Hipodromu-2,2026-09-15,2,Kocaeli Kartepe Hipodromu,1400.0,DEMİR VARGAS,RÜZGAR YILDIZ,FIRAT GARZAN,51.0,8,0.0,50.0,50.0,50.0,50.0,64.0,0.54,0,8.0
2026-09-15-Kocaeli Kartepe Hipodromu-2,2026-09-15,2,Kocaeli Kartepe Hipodromu,1400.0,GÜLSENEM,ALİ YILDIZ,YELİZ BAYSAL,55.0,3,0.0,50.0,50.0,50.0,50.0,80.0,10.82,0,23.0
2026-09-15-Kocaeli Kartepe Hipodromu-2,2026-09-15,2,Kocaeli Kartepe Hipodromu,1400.0,LEYLİM ÇELİK,AHMET EFEKAN ELMAS,ALİ ÇİZİK,55.0,11,0.0,0.0,0.0,0.0,0.0,80.0,0.33,1,9.0
2026-09-15-Kocaeli Kartepe Hipodromu-2,2026-09-15,2,Kocaeli Kartepe Hipodromu,1400.0,PATARA,ALİCAN İNCİ,MELEK ÖZGÜL,57.0,2,0.0,50.0,50.0,50.0,50.0,88.0,15.36,0,26.0
2026-09-15-Kocaeli Kartepe Hipodromu-2,2026-09-15,2,Kocaeli Kartepe Hipodromu,1400.0,REFİYE,MEHMET ALİ AKGÖBEK,SENİHA ŞEN,55.0,12,0.0,50.0,50.0,50.0,50.0,80.0,1.66,0,28.0
2026-09-15-Kocaeli Kartepe Hipodromu-2,2026-09-15,2,Kocaeli Kartepe Hipodromu,1400.0,SONASİYE,RECEP KETME,EKREM TURAN,52.0,7,0.0,50.0,50.0,50.0,50.0,68.0,8.19,0,20.0
2026-09-15-Kocaeli Kartepe Hipodromu-2,2026-09-15,2,Kocaeli Kartepe Hipodromu,1400.0,TARAFINI SEÇ,NURETTİN ŞEN,ALİ RIZA AYDIN,55.0,4,0.0,50.0,50.0,50.0,50.0,80.0,6.44,0,14.0
2026-09-15-Kocaeli Kartepe Hipodromu-2,2026-09-15,2,Kocaeli Kartepe Hipodromu,1400.0,TUMBUL NADİDE,GÖRKEM ÖZÇELİK,MAHMUT BAYKARA,55.0,5,0.0,50.0,50.0,50.0,50.0,80.0,4.76,0,23.0
2026-09-15-Kocaeli Kartepe Hipodromu-2,2026-09-15,2,Kocaeli Kartepe Hipodromu,1400.0,YAYLA ÇİÇEĞİ,NEVZAT AVCİ,MÜSLÜM DOLAK,55.0,1,0.0,50.0,0.0,50.0,50.0,80.0,7.81,1,27.0
2026-09-15-Kocaeli Kartepe Hipodromu-2,2026-09-15,2,Kocaeli Kartepe Hipodromu,1400.0,ÇENGER,İZETTİN GÜREKE,EKREM TURAN,55.0,6,0.0,50.0,50.0,50.0,50.0,80.0,23.72,0,33.0
2026-09-15-Kocaeli Kartepe Hipodromu-2,2026-09-15,2,Kocaeli Kartepe Hipodromu,1400.0,İNCESAZ,İSMAİL KATI,SENİHA ŞEN,55.0,10,0.0,50.0,50.0,50.0,50.0,80.0,0.25,0,8.0
2026-09-15-Kocaeli Kartepe Hipodromu-2,2026-09-15,2,Kocaeli Kartepe Hipodromu,1400.0,İVECEN,MEHMET TAHA COŞKUN,ŞEVVAL ŞİMAL DEMİR,52.0,13,0.0,50.0,0.0,50.0,0.0,68.0,0.54,1,10.0
2026-09-15-Kocaeli Kartepe Hipodromu-3,2026-09-15,3,Kocaeli Kartepe Hipodromu,1400.0,FOR YURDABAK,İSMAİL KATI,ÖMER FARUK TAŞDELEN,56.0,13,0.0,0.0,0.0,50.0,0.0,84.0,3.47,1,80.0
2026-09-15-Kocaeli Kartepe Hipodromu-3,2026-09-15,3,Kocaeli Kartepe Hipodromu,1400.0,I RO,BURAK AKÇAY,ERGÜN USLU,55.0,3,25.0,10.0,50.0,50.0,10.0,80.0,2.61,1,73.0
2026-09-15-Kocaeli Kartepe Hipodromu-3,2026-09-15,3,Kocaeli Kartepe Hipodromu,1400.0,KUMKAPILI,ONUR ÖZTÜRK,ŞİNASİ GÖKÇE,57.0,9,100.0,100.0,100.0,50.0,100.0,88.0,1.48,1,43.0
2026-09-15-Kocaeli Kartepe Hipodromu-3,2026-09-15,3,Kocaeli Kartepe Hipodromu,1400.0,KUZEY EFESİ,RECEP KETME,NİHAT YILDIRIM,60.0,10,0.0,50.0,50.0,50.0,50.0,100.0,1.43,0,63.0
2026-09-15-Kocaeli Kartepe Hipodromu-3,2026-09-15,3,Kocaeli Kartepe Hipodromu,1400.0,LAMBERHURST,GÖRKEM ÖZÇELİK,SERKAN SÜSLÜ,60.0,2,70.0,50.0,64.0,50.0,64.0,100.0,20.46,1,89.0
2026-09-15-Kocaeli Kartepe Hipodromu-3,2026-09-15,3,Kocaeli Kartepe Hipodromu,1400.0,LION OF HONOUR,DOĞUKAN KONUK,HASAN KAYA,59.0,8,85.0,82.0,50.0,82.0,82.0,96.0,2.36,1,89.0
2026-09-15-Kocaeli Kartepe Hipodromu-3,2026-09-15,3,Kocaeli Kartepe Hipodromu,1400.0,SANDUHAN,NEVZAT AVCİ,FARUK ARICI,56.0,6,10.0,0.0,0.0,50.0,0.0,84.0,4.58,1,89.0
2026-09-15-Kocaeli Kartepe Hipodromu-3,2026-09-15,3,Kocaeli Kartepe Hipodromu,1400.0,SANS PAREİL,ENES BOZDAĞ,FERHAT YAVAŞ,58.0,11,25.0,10.0,10.0,50.0,10.0,92.0,0.48,1,41.0
2026-09-15-Kocaeli Kartepe Hipodromu-3,2026-09-15,3,Kocaeli Kartepe Hipodromu,1400.0,SECRET LAV,MEHMET TAHA COŞKUN,MEHMET DAŞ,56.0,7,40.0,28.0,50.0,50.0,28.0,84.0,5.7,1,81.0
2026-09-15-Kocaeli Kartepe Hipodromu-3,2026-09-15,3,Kocaeli Kartepe Hipodromu,1400.0,SECRET MAN,MUSTAFA ÇİÇEK,ERDAL AKYAVUZ,60.0,12,85.0,50.0,82.0,50.0,82.0,100.0,14.14,2,72.0
2026-09-15-Kocaeli Kartepe Hipodromu-3,2026-09-15,3,Kocaeli Kartepe Hipodromu,1400.0,SECRET MIRROR,ALİ YILDIZ,CEMİL TURAN,58.0,4,70.0,64.0,50.0,50.0,64.0,92.0,8.47,1,89.0
2026-09-15-Kocaeli Kartepe Hipodromu-3,2026-09-15,3,Kocaeli Kartepe Hipodromu,1400.0,SERASKER,SELİM KAYA,HAKAN POLAT,56.0,1,40.0,28.0,28.0,50.0,50.0,84.0,33.47,1,84.0
2026-09-15-Kocaeli Kartepe Hipodromu-3,2026-09-15,3,Kocaeli Kartepe Hipodromu,1400.0,İCRA,SİNAN ÖZEN,ÖMER FARUK TAŞDELEN,55.0,5,55.0,46.0,50.0,46.0,46.0,80.0,1.34,1,57.0
2026-09-15-Kocaeli Kartepe Hipodromu-4,2026-09-15,4,Kocaeli Kartepe Hipodromu,1400.0,AFŞINTAY,MEHMET ALİ AKGÖBEK,ŞEVVAL ŞİMAL DEMİR,59.5,10,0.0,0.0,0.0,50.0,0.0,98.0,0.83,1,62.0
2026-09-15-Kocaeli Kartepe Hipodromu-4,2026-09-15,4,Kocaeli Kartepe Hipodromu,1400.0,AKSÖZ,RÜZGAR YILDIZ,ŞEVVAL ŞİMAL DEMİR,52.5,12,0.0,50.0,50.0,50.0,50.0,70.0,0.17,0,79.0
2026-09-15-Kocaeli Kartepe Hipodromu-4,2026-09-15,4,Kocaeli Kartepe Hipodromu,1400.0,ALTINTEPE,KADİR TOKAÇOĞLU,FERHAT ALTIN,59.5,1,0.0,50.0,50.0,50.0,50.0,98.0,51.81,0,103.0
2026-09-15-Kocaeli Kartepe Hipodromu-4,2026-09-15,4,Kocaeli Kartepe Hipodromu,1400.0,BAKA BABA,GÖRKEM ÖZÇELİK,MEHMET EMİN AVCI,59.5,7,0.0,50.0,50.0,50.0,50.0,98.0,13.85,0,91.0
2026-09-15-Kocaeli Kartepe Hipodromu-4,2026-09-15,4,Kocaeli Kartepe Hipodromu,1400.0,BERTUĞHAN,ONUR ATMACA,ERGÜN USLU,56.5,11,0.0,0.0,0.0,50.0,0.0,86.0,0.66,1,64.0
2026-09-15-Kocaeli Kartepe Hipodromu-4,2026-09-15,4,Kocaeli Kartepe Hipodromu,1400.0,DESPOTLU,ALİCAN İNCİ,BETÜL YILDIRIM,56.5,4,0.0,50.0,50.0,50.0,50.0,86.0,5.83,0,67.0
2026-09-15-Kocaeli Kartepe Hipodromu-4,2026-09-15,4,Kocaeli Kartepe Hipodromu,1400.0,FUNDO,BERKANT GÖKÇE,RANA SUNA,59.5,2,40.0,28.0,28.0,50.0,50.0,98.0,3.99,1,81.0
2026-09-15-Kocaeli Kartepe Hipodromu-4,2026-09-15,4,Kocaeli Kartepe Hipodromu,1400.0,KIRMÜJDE,UĞUR LEVENT,HAYRİ YILDIRIM,58.5,9,100.0,100.0,100.0,100.0,100.0,94.0,3.08,1,68.0
2026-09-15-Kocaeli Kartepe Hipodromu-4,2026-09-15,4,Kocaeli Kartepe Hipodromu,1400.0,NECMİ BABA,MEHMET TAHA COŞKUN,YELİZ BAYSAL,55.5,13,0.0,50.0,50.0,50.0,50.0,82.0,0.32,0,78.0
2026-09-15-Kocaeli Kartepe Hipodromu-4,2026-09-15,4,Kocaeli Kartepe Hipodromu,1400.0,NUMANIM,SİNAN ÖZEN,NİHAT KAYA,56.5,14,0.0,0.0,0.0,50.0,0.0,86.0,0.27,1,53.0
2026-09-15-Kocaeli Kartepe Hipodromu-4,2026-09-15,4,Kocaeli Kartepe Hipodromu,1400.0,RİGEL,EREN KADİRLER,AHMET ÖCAL,59.5,3,0.0,0.0,0.0,50.0,0.0,98.0,1.21,1,75.0
2026-09-15-Kocaeli Kartepe Hipodromu-4,2026-09-15,4,Kocaeli Kartepe Hipodromu,1400.0,SİNAN ABİ,ERTUĞRUL CANKILIÇ,UĞUR TEMUÇİN,55.0,15,0.0,50.0,50.0,50.0,50.0,80.0,0.29,0,27.0
2026-09-15-Kocaeli Kartepe Hipodromu-4,2026-09-15,4,Kocaeli Kartepe Hipodromu,1400.0,YAĞIZ TURBO,BURAK AKÇAY,SENİHA ŞEN,55.0,5,0.0,50.0,50.0,50.0,50.0,80.0,0.43,0,66.0
2026-09-15-Kocaeli Kartepe Hipodromu-4,2026-09-15,4,Kocaeli Kartepe Hipodromu,1400.0,YENERSULTAN,MUSTAFA ÇİÇEK,YILMAZ TEKİNALP,54.5,6,0.0,50.0,50.0,50.0,50.0,78.0,5.56,0,96.0
2026-09-15-Kocaeli Kartepe Hipodromu-4,2026-09-15,4,Kocaeli Kartepe Hipodromu,1400.0,ŞAHSEKİN,NEVZAT AVCİ,SENER GÖKÇE,57.5,8,40.0,46.0,46.0,50.0,28.0,90.0,9.88,2,82.0
2026-09-15-Kocaeli Kartepe Hipodromu-5,2026-09-15,5,Kocaeli Kartepe Hipodromu,1200.0,ABANOZ,ALİCAN İNCİ,SALİH BAYDAN,52.5,3,100.0,100.0,100.0,50.0,100.0,70.0,5.64,1,37.0
2026-09-15-Kocaeli Kartepe Hipodromu-5,2026-09-15,5,Kocaeli Kartepe Hipodromu,1200.0,AMCA,ALİ YILDIZ,ETHEM KAYA,54.0,6,0.0,50.0,50.0,50.0,50.0,76.0,8.79,0,40.0
2026-09-15-Kocaeli Kartepe Hipodromu-5,2026-09-15,5,Kocaeli Kartepe Hipodromu,1200.0,ASLIHANOĞLU,BERKANT GÖKÇE,SEDAT ÇİFTÇİ,54.0,8,0.0,50.0,50.0,50.0,50.0,76.0,12.35,0,44.0
2026-09-15-Kocaeli Kartepe Hipodromu-5,2026-09-15,5,Kocaeli Kartepe Hipodromu,1200.0,IRMAĞIN GÜLÜ,NEVZAT AVCİ,NİHAT KAYA,54.0,4,55.0,46.0,46.0,50.0,46.0,76.0,5.02,1,40.0
2026-09-15-Kocaeli Kartepe Hipodromu-5,2026-09-15,5,Kocaeli Kartepe Hipodromu,1200.0,MESTAN,GÖRKEM ÖZÇELİK,GÜLTEKİN SUBAŞI,53.0,5,0.0,0.0,0.0,50.0,0.0,72.0,2.28,1,38.0
2026-09-15-Kocaeli Kartepe Hipodromu-5,2026-09-15,5,Kocaeli Kartepe Hipodromu,1200.0,PAPETTİ,MEHMET ALİ AKGÖBEK,GALİP KILIÇ,56.5,2,0.0,50.0,50.0,50.0,50.0,86.0,28.39,0,45.0
2026-09-15-Kocaeli Kartepe Hipodromu-5,2026-09-15,5,Kocaeli Kartepe Hipodromu,1200.0,RULER STONE,RECEP KETME,HÜSEYİN ÇALIŞKAN,52.0,7,0.0,50.0,50.0,50.0,0.0,68.0,0.54,1,10.0
2026-09-15-Kocaeli Kartepe Hipodromu-5,2026-09-15,5,Kocaeli Kartepe Hipodromu,1200.0,SAMSUNLU BEY,MUSTAFA ÇİÇEK,MURAT ALTIN,56.0,9,10.0,50.0,0.0,50.0,0.0,84.0,9.82,1,44.0
2026-09-15-Kocaeli Kartepe Hipodromu-5,2026-09-15,5,Kocaeli Kartepe Hipodromu,1200.0,UYGURTAŞ,ERTUĞRUL CANKILIÇ,BEYDA TANRIKULU,56.0,1,0.0,50.0,50.0,50.0,50.0,84.0,20.85,0,48.0
2026-09-15-Kocaeli Kartepe Hipodromu-6,2026-09-15,6,Kocaeli Kartepe Hipodromu,1500.0,ARASİNKO,NEVZAT AVCİ,HAKAN YÜZBAŞI,57.0,2,0.0,50.0,50.0,50.0,50.0,88.0,28.99,0,53.0
2026-09-15-Kocaeli Kartepe Hipodromu-6,2026-09-15,6,Kocaeli Kartepe Hipodromu,1500.0,BATURALP CAN,SİNAN ÖZEN,GÜLŞAH TAŞDELEN,60.0,6,0.0,50.0,50.0,50.0,50.0,100.0,6.18,0,67.0
2026-09-15-Kocaeli Kartepe Hipodromu-6,2026-09-15,6,Kocaeli Kartepe Hipodromu,1500.0,DRAGON VICTORY,BURAK AKÇAY,NİHAT KAYA,57.0,8,0.0,50.0,50.0,50.0,50.0,88.0,3.84,0,51.0
2026-09-15-Kocaeli Kartepe Hipodromu-6,2026-09-15,6,Kocaeli Kartepe Hipodromu,1500.0,FELAKET,MUSTAFA ÇİÇEK,HASAN DOLMAZ,59.0,1,55.0,50.0,50.0,46.0,50.0,96.0,14.33,1,57.0
2026-09-15-Kocaeli Kartepe Hipodromu-6,2026-09-15,6,Kocaeli Kartepe Hipodromu,1500.0,MELONCITTO,GÖRKEM ÖZÇELİK,HÜSEYİN ÇALIŞKAN,58.0,5,0.0,50.0,50.0,50.0,50.0,92.0,31.22,0,64.0
2026-09-15-Kocaeli Kartepe Hipodromu-6,2026-09-15,6,Kocaeli Kartepe Hipodromu,1500.0,RED VICTORY,TOLGA YILDIZ,ABDULLAH AVCI,57.0,4,100.0,100.0,100.0,50.0,100.0,88.0,8.52,1,40.0
2026-09-15-Kocaeli Kartepe Hipodromu-6,2026-09-15,6,Kocaeli Kartepe Hipodromu,1500.0,SNOWDRIFT,ADEM ASLAN,TURGAY ÇEKİCİ,53.0,7,25.0,10.0,50.0,50.0,10.0,72.0,0.52,1,11.0
2026-09-15-Kocaeli Kartepe Hipodromu-6,2026-09-15,6,Kocaeli Kartepe Hipodromu,1500.0,STEEL WINGS,ALİ YILDIZ,ÖMER FARUK TAŞDELEN,54.0,3,85.0,82.0,82.0,50.0,82.0,76.0,6.4,1,35.0
2026-09-15-Kocaeli Kartepe Hipodromu-7,2026-09-15,7,Kocaeli Kartepe Hipodromu,1500.0,ATEŞİM,ONUR ATMACA,AYHAN POLAT,59.5,7,40.0,50.0,28.0,50.0,28.0,98.0,0.0,1,86.0
2026-09-15-Kocaeli Kartepe Hipodromu-7,2026-09-15,7,Kocaeli Kartepe Hipodromu,1500.0,AYAZ DEFNE,ONUR YILDIZ,MEHMET ARICI,58.0,3,0.0,50.0,0.0,50.0,0.0,92.0,0.0,1,78.0
2026-09-15-Kocaeli Kartepe Hipodromu-7,2026-09-15,7,Kocaeli Kartepe Hipodromu,1500.0,Bİ ANKA,ADEM ASLAN,TURGAY ÇEKİCİ,58.0,10,100.0,100.0,50.0,100.0,100.0,92.0,0.0,2,58.0
2026-09-15-Kocaeli Kartepe Hipodromu-7,2026-09-15,7,Kocaeli Kartepe Hipodromu,1500.0,FISTIK ÇAMI,NEVZAT AVCİ,YILMAZ ÖZTAŞ,58.0,2,0.0,50.0,50.0,50.0,50.0,92.0,0.0,0,75.0
2026-09-15-Kocaeli Kartepe Hipodromu-7,2026-09-15,7,Kocaeli Kartepe Hipodromu,1500.0,GÜNÇE KIZ,MEHMET TAHA COŞKUN,YUSUF KAYA,58.5,5,10.0,50.0,0.0,50.0,50.0,94.0,0.0,1,85.0
2026-09-15-Kocaeli Kartepe Hipodromu-7,2026-09-15,7,Kocaeli Kartepe Hipodromu,1500.0,KAYIP İNCİ,MEHMET ALİ AKGÖBEK,ŞEREF OLĞAÇ,61.5,9,55.0,50.0,50.0,50.0,50.0,94.0,0.0,1,88.0
2026-09-15-Kocaeli Kartepe Hipodromu-7,2026-09-15,7,Kocaeli Kartepe Hipodromu,1500.0,PAKELİF,ERTUĞRUL CANKILIÇ,RESUL KONUK,56.5,1,0.0,50.0,50.0,50.0,50.0,86.0,0.0,0,74.0
2026-09-15-Kocaeli Kartepe Hipodromu-7,2026-09-15,7,Kocaeli Kartepe Hipodromu,1500.0,SUBİKE,UĞUR LEVENT,SEDAT ÇİFTÇİ,55.5,8,0.0,50.0,50.0,50.0,50.0,82.0,0.0,0,76.0
2026-09-15-Kocaeli Kartepe Hipodromu-7,2026-09-15,7,Kocaeli Kartepe Hipodromu,1500.0,ÇİÇEK TOHUMU,RECEP KETME,MİKAİL ALTIN,55.0,6,0.0,50.0,50.0,50.0,50.0,80.0,0.0,0,61.0
2026-09-15-Kocaeli Kartepe Hipodromu-7,2026-09-15,7,Kocaeli Kartepe Hipodromu,1500.0,İWOJİMA,GÖRKEM ÖZÇELİK,SABRİ BEKTAŞ,55.5,4,0.0,50.0,50.0,50.0,50.0,82.0,0.0,0,87.0
2026-09-15-Kocaeli Kartepe Hipodromu-7,2026-09-15,7,Kocaeli Kartepe Hipodromu,1500.0,ŞANKUT HATUN,MUSTAFA ÇİÇEK,KAZIM ŞENGEL,58.0,11,10.0,50.0,0.0,50.0,0.0,92.0,0.0,1,76.0
2026-09-15-Kocaeli Kartepe Hipodromu-8,2026-09-15,8,Kocaeli Kartepe Hipodromu,1400.0,ALPARSLANIN TAYI,NEVZAT AVCİ,GÜLŞAH TAŞDELEN,55.0,1,55.0,46.0,46.0,50.0,46.0,80.0,0.0,1,20.0
2026-09-15-Kocaeli Kartepe Hipodromu-8,2026-09-15,8,Kocaeli Kartepe Hipodromu,1400.0,ALTIN NOKTA,ONUR ATMACA,FIRAT GARZAN,57.0,14,0.0,0.0,0.0,50.0,0.0,88.0,0.0,1,28.0
2026-09-15-Kocaeli Kartepe Hipodromu-8,2026-09-15,8,Kocaeli Kartepe Hipodromu,1400.0,ASRAL,İSMAİL KATI,HÜSEYİN KARABULUT,57.0,8,0.0,0.0,0.0,50.0,0.0,88.0,0.0,1,28.0
2026-09-15-Kocaeli Kartepe Hipodromu-8,2026-09-15,8,Kocaeli Kartepe Hipodromu,1400.0,BEKATA,ADEM ASLAN,HÜSEYİN KARABULUT,60.0,5,85.0,82.0,82.0,82.0,82.0,100.0,0.0,1,31.0
2026-09-15-Kocaeli Kartepe Hipodromu-8,2026-09-15,8,Kocaeli Kartepe Hipodromu,1400.0,CİHANDERE,MEHMET ALİ AKGÖBEK,ŞEVVAL ŞİMAL DEMİR,55.0,10,0.0,50.0,0.0,50.0,0.0,80.0,0.0,1,26.0
2026-09-15-Kocaeli Kartepe Hipodromu-8,2026-09-15,8,Kocaeli Kartepe Hipodromu,1400.0,DELİNİN GÜCÜ,GÖRKEM ÖZÇELİK,GÜLTEKİN SUBAŞI,57.0,6,0.0,50.0,50.0,50.0,50.0,88.0,0.0,0,31.0
2026-09-15-Kocaeli Kartepe Hipodromu-8,2026-09-15,8,Kocaeli Kartepe Hipodromu,1400.0,KAYALARIN ASLANI,ALİ YILDIZ,BETÜL YILDIRIM,55.0,4,55.0,46.0,46.0,50.0,46.0,80.0,0.0,1,18.0
2026-09-15-Kocaeli Kartepe Hipodromu-8,2026-09-15,8,Kocaeli Kartepe Hipodromu,1400.0,MAVİ HAKAN,KAANCAN GÖKÇE,CUMA GÜNEŞ,55.0,7,0.0,50.0,50.0,50.0,50.0,80.0,0.0,0,20.0
2026-09-15-Kocaeli Kartepe Hipodromu-8,2026-09-15,8,Kocaeli Kartepe Hipodromu,1400.0,PAMİR ASLANI,UĞUR LEVENT,ŞEVVAL ŞİMAL DEMİR,55.0,13,0.0,50.0,50.0,50.0,50.0,80.0,0.0,0,0.0
2026-09-15-Kocaeli Kartepe Hipodromu-8,2026-09-15,8,Kocaeli Kartepe Hipodromu,1400.0,SELÇUKZADE,TOLGA YILDIZ,SERHAT ÖNDER,59.0,12,85.0,82.0,82.0,50.0,50.0,96.0,0.0,1,31.0
2026-09-15-Kocaeli Kartepe Hipodromu-8,2026-09-15,8,Kocaeli Kartepe Hipodromu,1400.0,TEYZEOĞLU,KADİR TOKAÇOĞLU,EMRE KESKİN,55.0,9,35.0,32.0,32.0,50.0,32.0,80.0,0.0,2,27.0
2026-09-15-Kocaeli Kartepe Hipodromu-8,2026-09-15,8,Kocaeli Kartepe Hipodromu,1400.0,TOPLUSER,MUSTAFA ÇİÇEK,REŞAT KILIÇ,59.0,3,0.0,50.0,0.0,50.0,0.0,96.0,0.0,1,33.0
2026-09-15-Kocaeli Kartepe Hipodromu-8,2026-09-15,8,Kocaeli Kartepe Hipodromu,1400.0,TÜMERK,RECEP KETME,KADİR TURAN,53.0,2,0.0,50.0,0.0,50.0,0.0,72.0,0.0,1,15.0
2026-09-15-Kocaeli Kartepe Hipodromu-8,2026-09-15,8,Kocaeli Kartepe Hipodromu,1400.0,ŞENSOY,OKAN GÖKÇE,YASİN TAŞKIN,57.0,11,0.0,50.0,50.0,50.0,50.0,88.0,0.0,0,32.0
2026-09-16-Elazığ Hipodromu-1,2026-09-16,1,Elazığ Hipodromu,1600.0,BIG VICTORY,EMRE AKKILIÇ,ERCAN ALTIN,55.0,5,0.0,50.0,50.0,50.0,50.0,80.0,2.93,0,9.0
2026-09-16-Elazığ Hipodromu-1,2026-09-16,1,Elazığ Hipodromu,1600.0,CHEF BUĞRA,YUSUF CENGİZ,BAHATTİN DEMİRKAPU,57.0,1,0.0,0.0,50.0,50.0,0.0,88.0,4.08,1,10.0
2026-09-16-Elazığ Hipodromu-1,2026-09-16,1,Elazığ Hipodromu,1600.0,EMPRESS GIRL,İSA AKYAVUZ,İBRAHİM ATMACA,57.0,4,62.5,55.0,28.0,82.0,55.0,88.0,32.31,2,26.0
2026-09-16-Elazığ Hipodromu-1,2026-09-16,1,Elazığ Hipodromu,1600.0,EMİNÖNÜ,MEHMET TAŞKAYA,HAKAN ATAKAYA,57.0,3,40.0,28.0,50.0,28.0,28.0,88.0,33.08,1,0.0
2026-09-16-Elazığ Hipodromu-1,2026-09-16,1,Elazığ Hipodromu,1600.0,MİR KARAN,İSA KATAR,MEHMET ALTIN,57.0,2,40.0,28.0,50.0,50.0,50.0,88.0,24.05,1,16.0
2026-09-16-Elazığ Hipodromu-2,2026-09-16,2,Elazığ Hipodromu,1200.0,BÜYÜK HATUN,ABDULLAH ÇANKAYA,ERCAN ALTIN,59.0,9,0.0,0.0,0.0,0.0,0.0,96.0,3.59,1,31.0
2026-09-16-Elazığ Hipodromu-2,2026-09-16,2,Elazığ Hipodromu,1200.0,BİLGİNURKIZI,İSA AKYAVUZ,SALİH BECENE,60.0,7,70.0,64.0,64.0,50.0,64.0,100.0,14.79,2,33.0
2026-09-16-Elazığ Hipodromu-2,2026-09-16,2,Elazığ Hipodromu,1200.0,DOKTOR MİRAY,YUSUF CENGİZ,BÜNYAMİN CENGİZ,59.0,5,0.0,50.0,50.0,50.0,50.0,96.0,8.48,0,34.0
2026-09-16-Elazığ Hipodromu-2,2026-09-16,2,Elazığ Hipodromu,1200.0,EMOŞUN KIZI,YUNUS ÇELİKBAŞ,ARİF IŞIK,55.0,6,26.667,18.667,18.667,14.0,18.667,80.0,1.68,3,19.0
2026-09-16-Elazığ Hipodromu-2,2026-09-16,2,Elazığ Hipodromu,1200.0,GÜLDADAŞ,LEVENT TAPTIK,ARİF IŞIK,56.0,8,0.0,50.0,50.0,50.0,50.0,84.0,0.81,0,0.0
2026-09-16-Elazığ Hipodromu-2,2026-09-16,2,Elazığ Hipodromu,1200.0,KIR PENÇE,MUSTAFA IŞIK,VELİ ÇİZİK,56.0,10,0.0,0.0,0.0,50.0,0.0,84.0,1.03,1,7.0
2026-09-16-Elazığ Hipodromu-2,2026-09-16,2,Elazığ Hipodromu,1200.0,LEZGİNTAY,MEHMET DOĞAN,RAMAZAN BARMAN,57.0,1,10.0,0.0,0.0,50.0,0.0,88.0,23.83,1,37.0
2026-09-16-Elazığ Hipodromu-2,2026-09-16,2,Elazığ Hipodromu,1200.0,MİR ATHENA,MEHMET ALİ AKTÜRK,FATİH EMİR AKIL,57.0,2,50.0,50.0,50.0,100.0,50.0,88.0,10.58,2,32.0
2026-09-16-Elazığ Hipodromu-2,2026-09-16,2,Elazığ Hipodromu,1200.0,NARLIGÖL,İSA KATAR,İBRAHİM ATMACA,57.0,4,20.0,14.0,14.0,50.0,14.0,88.0,7.27,2,36.0
2026-09-16-Elazığ Hipodromu-2,2026-09-16,2,Elazığ Hipodromu,1200.0,RUHİNAZ,FERİT YARDIMCI,RAMAZAN BARMAN,57.0,3,70.0,64.0,64.0,50.0,64.0,88.0,6.24,1,32.0
2026-09-16-Elazığ Hipodromu-3,2026-09-16,3,Elazığ Hipodromu,1900.0,BAŞ ALP,İSA AKYAVUZ,HAKAN ATAKAYA,62.0,6,100.0,100.0,100.0,100.0,100.0,92.0,11.89,1,75.0
2026-09-16-Elazığ Hipodromu-3,2026-09-16,3,Elazığ Hipodromu,1900.0,DERBEDER ALİ,AHMET HASAN BAYAR,İBRAHİM ATMACA,63.0,4,0.0,0.0,0.0,50.0,0.0,88.0,5.55,1,74.0
2026-09-16-Elazığ Hipodromu-3,2026-09-16,3,Elazığ Hipodromu,1900.0,DUMAN,İSA KATAR,ELİF AÇMAZ,60.0,9,0.0,50.0,50.0,50.0,50.0,100.0,1.87,0,79.0
2026-09-16-Elazığ Hipodromu-3,2026-09-16,3,Elazığ Hipodromu,1900.0,ESKİ KALELİ,YUSUF CENGİZ,MAHMUT DOĞAN,62.0,7,85.0,82.0,82.0,82.0,82.0,92.0,8.21,1,74.0
2026-09-16-Elazığ Hipodromu-3,2026-09-16,3,Elazığ Hipodromu,1900.0,FISILTIKAYA,MEHMET DOĞAN,MUHAMMED BULUÇ,56.0,8,0.0,50.0,50.0,50.0,50.0,84.0,2.6,0,58.0
2026-09-16-Elazığ Hipodromu-3,2026-09-16,3,Elazığ Hipodromu,1900.0,KARA KORSAN,FERİT YARDIMCI,ERCAN ALTIN,60.0,2,85.0,82.0,82.0,50.0,82.0,100.0,18.89,2,77.0
2026-09-16-Elazığ Hipodromu-3,2026-09-16,3,Elazığ Hipodromu,1900.0,KILIÇBAĞI,ABDULLAH ÇANKAYA,EYYÜP YARDIMCI,60.0,5,16.667,6.667,0.0,50.0,6.667,100.0,2.98,3,59.0
2026-09-16-Elazığ Hipodromu-3,2026-09-16,3,Elazığ Hipodromu,1900.0,OLGUNADAM,YUNUS ÇELİKBAŞ,BAHATTİN DEMİRKAPU,56.0,3,27.5,23.0,23.0,50.0,23.0,84.0,4.44,2,63.0
2026-09-16-Elazığ Hipodromu-3,2026-09-16,3,Elazığ Hipodromu,1900.0,VİTAL,AZİZ AKDEMİR,SÜLEYMAN KARAKEÇİLİ,60.0,1,70.0,64.0,64.0,50.0,64.0,100.0,43.57,1,85.0
2026-09-16-Elazığ Hipodromu-4,2026-09-16,4,Elazığ Hipodromu,1200.0,ANDROMEDA STAR,İSA AKYAVUZ,ELİF AÇMAZ,56.5,1,100.0,100.0,50.0,50.0,100.0,86.0,20.84,1,44.0
2026-09-16-Elazığ Hipodromu-4,2026-09-16,4,Elazığ Hipodromu,1200.0,BETULLA,LEVENT TAPTIK,ESER YILDIRIM,60.0,11,0.0,50.0,50.0,50.0,50.0,100.0,3.41,0,50.0
2026-09-16-Elazığ Hipodromu-4,2026-09-16,4,Elazığ Hipodromu,1200.0,CENTURIES VICTORY,SAMİ KAPLAN,VELİ ÇİZİK,52.0,3,0.0,50.0,50.0,50.0,50.0,68.0,3.06,0,34.0
2026-09-16-Elazığ Hipodromu-4,2026-09-16,4,Elazığ Hipodromu,1200.0,CRIMENA FIRE,YUNUS ÇELİKBAŞ,BAHATTİN DEMİRKAPU,62.0,6,12.5,5.0,50.0,0.0,5.0,92.0,2.28,2,48.0
2026-09-16-Elazığ Hipodromu-4,2026-09-16,4,Elazığ Hipodromu,1200.0,DENİZ LARA,FERİT YARDIMCI,MEHMET ALTIN,54.5,4,35.0,32.0,50.0,50.0,32.0,78.0,12.86,2,40.0
2026-09-16-Elazığ Hipodromu-4,2026-09-16,4,Elazığ Hipodromu,1200.0,DUMANLI PARS,İSA KATAR,MEHMET ALTIN,57.5,10,55.0,46.0,46.0,46.0,46.0,90.0,8.66,1,39.0
2026-09-16-Elazığ Hipodromu-4,2026-09-16,4,Elazığ Hipodromu,1200.0,KADIKÖY GÜZELİ,MEHMET DOĞAN,MUHAMMED BULUÇ,58.5,7,85.0,82.0,50.0,82.0,82.0,94.0,19.2,1,48.0
2026-09-16-Elazığ Hipodromu-4,2026-09-16,4,Elazığ Hipodromu,1200.0,MELONI,MEHMET TAŞKAYA,MEHMET ALTIN,55.0,5,85.0,82.0,50.0,50.0,50.0,80.0,9.5,1,34.0
2026-09-16-Elazığ Hipodromu-4,2026-09-16,4,Elazığ Hipodromu,1200.0,MERYEM SULTAN,AZİZ AKDEMİR,MEHMET KAYA,60.0,8,0.0,0.0,0.0,50.0,0.0,100.0,2.64,2,44.0
2026-09-16-Elazığ Hipodromu-4,2026-09-16,4,Elazığ Hipodromu,1200.0,TRUST MY SPEED,YUSUF CENGİZ,MAHMUT DOĞAN,63.0,2,100.0,100.0,50.0,50.0,100.0,88.0,10.39,1,50.0
2026-09-16-Elazığ Hipodromu-4,2026-09-16,4,Elazığ Hipodromu,1200.0,ÜÇ MATRA,AHMET HASAN BAYAR,BAHATTİN DEMİRKAPU,55.0,9,0.0,0.0,0.0,0.0,0.0,80.0,2.33,1,34.0
2026-09-16-Elazığ Hipodromu-5,2026-09-16,5,Elazığ Hipodromu,1600.0,BARBAROSOĞLU,YUNUS ÇELİKBAŞ,ARİF IŞIK,54.5,8,77.5,73.0,50.0,64.0,73.0,78.0,17.94,2,41.0
2026-09-16-Elazığ Hipodromu-5,2026-09-16,5,Elazığ Hipodromu,1600.0,BIÇKIN KRAL,YUSUF CENGİZ,İBRAHİM ATMACA,61.5,5,55.0,46.0,46.0,50.0,46.0,94.0,4.16,2,51.0
2026-09-16-Elazığ Hipodromu-5,2026-09-16,5,Elazığ Hipodromu,1600.0,GELİNİM SİNEM,MUSTAFA IŞIK,BAHATTİN DEMİRKAPU,58.5,11,10.0,0.0,0.0,50.0,0.0,94.0,3.04,1,49.0
2026-09-16-Elazığ Hipodromu-5,2026-09-16,5,Elazığ Hipodromu,1600.0,GREEN MILE,MEHMET ALİ AKTÜRK,İBRAHİM ATMACA,63.0,1,100.0,100.0,100.0,100.0,100.0,88.0,15.84,1,54.0
2026-09-16-Elazığ Hipodromu-5,2026-09-16,5,Elazığ Hipodromu,1600.0,GÖZE ÇARPAN,AHMET HASAN BAYAR,BAHATTİN DEMİRKAPU,60.0,3,10.0,0.0,0.0,50.0,0.0,100.0,6.61,2,48.0
2026-09-16-Elazığ Hipodromu-5,2026-09-16,5,Elazığ Hipodromu,1600.0,GÜMBÜRSOY,MEHMET DOĞAN,FİGEN BAKIR,57.0,7,100.0,100.0,50.0,50.0,100.0,88.0,9.94,1,46.0
2026-09-16-Elazığ Hipodromu-5,2026-09-16,5,Elazığ Hipodromu,1600.0,GÜÇBATUR,SAMİ KAPLAN,MAHMUT DOĞAN,53.5,9,0.0,50.0,50.0,50.0,50.0,74.0,2.46,0,39.0
2026-09-16-Elazığ Hipodromu-5,2026-09-16,5,Elazığ Hipodromu,1600.0,KOSAVALI YİĞİT,İSA KATAR,TUĞRUL TAHTA,57.0,4,25.0,10.0,50.0,10.0,10.0,88.0,5.32,1,42.0
2026-09-16-Elazığ Hipodromu-5,2026-09-16,5,Elazığ Hipodromu,1600.0,MOHİ TAY,FERİT YARDIMCI,TEMÜR AYDIN,58.0,10,42.5,41.0,50.0,50.0,41.0,92.0,13.59,2,44.0
2026-09-16-Elazığ Hipodromu-5,2026-09-16,5,Elazığ Hipodromu,1600.0,RODİNYA,ABDULLAH ÇANKAYA,RAMAZAN BARMAN,62.0,2,40.0,28.0,28.0,28.0,28.0,92.0,7.91,1,52.0
2026-09-16-Elazığ Hipodromu-5,2026-09-16,5,Elazığ Hipodromu,1600.0,İREM HATUN,EMRE AKKILIÇ,BAHATTİN DEMİRKAPU,59.5,6,0.0,50.0,50.0,50.0,50.0,98.0,7.55,0,51.0
2026-09-16-Elazığ Hipodromu-6,2026-09-16,6,Elazığ Hipodromu,1800.0,EFRUZKIZI,MEHMET DOĞAN,MUHAMMED BULUÇ,62.0,7,0.0,0.0,0.0,0.0,0.0,92.0,8.9,2,39.0
2026-09-16-Elazığ Hipodromu-6,2026-09-16,6,Elazığ Hipodromu,1800.0,FAHRUNİSA,SAMİ KAPLAN,MEHMET ALTIN,59.0,5,0.0,50.0,50.0,50.0,50.0,96.0,8.05,0,33.0
2026-09-16-Elazığ Hipodromu-6,2026-09-16,6,Elazığ Hipodromu,1800.0,GÜLLÜ BAHÇE,İSA KATAR,RESUL KAYA,57.5,3,0.0,50.0,50.0,50.0,50.0,90.0,3.48,0,30.0
2026-09-16-Elazığ Hipodromu-6,2026-09-16,6,Elazığ Hipodromu,1800.0,KIZIM ATİK,İSA AKYAVUZ,BAHATTİN DEMİRKAPU,61.0,2,0.0,50.0,50.0,50.0,50.0,96.0,15.48,0,37.0
2026-09-16-Elazığ Hipodromu-6,2026-09-16,6,Elazığ Hipodromu,1800.0,KİRAZLI,AHMET HASAN BAYAR,ERCAN ALTIN,59.5,4,70.0,64.0,50.0,64.0,64.0,98.0,14.43,1,34.0
2026-09-16-Elazığ Hipodromu-6,2026-09-16,6,Elazığ Hipodromu,1800.0,MAVİ DÜŞ,ABDULLAH ÇANKAYA,ESER YILDIRIM,59.5,9,0.0,50.0,50.0,50.0,50.0,98.0,2.02,0,34.0
2026-09-16-Elazığ Hipodromu-6,2026-09-16,6,Elazığ Hipodromu,1800.0,UÇAN ILGIN,YUNUS ÇELİKBAŞ,BAHATTİN DEMİRKAPU,57.0,6,0.0,50.0,50.0,50.0,50.0,88.0,1.34,0,29.0
2026-09-16-Elazığ Hipodromu-6,2026-09-16,6,Elazığ Hipodromu,1800.0,UĞUR MELEĞİ,FERİT YARDIMCI,ZEKERİYA AKDEMİR,59.0,1,0.0,50.0,50.0,50.0,50.0,96.0,40.32,0,33.0
2026-09-16-Elazığ Hipodromu-6,2026-09-16,6,Elazığ Hipodromu,1800.0,VARTOALAGÖZ,LEVENT TAPTIK,ARİF IŞIK,55.5,8,0.0,0.0,0.0,50.0,0.0,82.0,5.98,1,26.0
2026-09-16-Elazığ Hipodromu-7,2026-09-16,7,Elazığ Hipodromu,1600.0,CEYLAN,EMRE AKKILIÇ,VELİ ÇİZİK,55.0,6,0.0,50.0,0.0,0.0,0.0,80.0,0.0,1,20.0
2026-09-16-Elazığ Hipodromu-7,2026-09-16,7,Elazığ Hipodromu,1600.0,GLACIUS BOREAS,İSA AKYAVUZ,BİLAL EMİROĞLU,57.0,2,55.0,46.0,50.0,46.0,46.0,88.0,0.0,1,21.0
2026-09-16-Elazığ Hipodromu-7,2026-09-16,7,Elazığ Hipodromu,1600.0,INFERNO BLAZE,YUNUS ÇELİKBAŞ,TEMÜR AYDIN,59.0,3,62.5,55.0,50.0,55.0,46.0,96.0,0.0,2,28.0
2026-09-16-Elazığ Hipodromu-7,2026-09-16,7,Elazığ Hipodromu,1600.0,LADY ÇEVİK,AZİZ AKDEMİR,MUHAMMED BULUÇ,55.0,4,47.5,37.0,28.0,46.0,37.0,80.0,0.0,2,20.0
2026-09-16-Elazığ Hipodromu-7,2026-09-16,7,Elazığ Hipodromu,1600.0,MEA CULPA,MEHMET DOĞAN,MUHAMMED BULUÇ,57.0,1,40.0,28.0,50.0,50.0,28.0,88.0,0.0,1,0.0
2026-09-16-Elazığ Hipodromu-7,2026-09-16,7,Elazığ Hipodromu,1600.0,MERYEMCAN,YUSUF CENGİZ,HAKAN ATAKAYA,57.0,5,77.5,73.0,82.0,73.0,64.0,88.0,0.0,2,25.0
2026-09-16-Elazığ Hipodromu-8,2026-09-16,8,Elazığ Hipodromu,2000.0,APPROVE WAN,FERİT YARDIMCI,ZEKERİYA AKDEMİR,63.0,14,0.0,50.0,50.0,50.0,50.0,88.0,0.0,0,81.0
2026-09-16-Elazığ Hipodromu-8,2026-09-16,8,Elazığ Hipodromu,2000.0,ATOM CEMİL,MEHMET DOĞAN,MAHMUT DOĞAN,62.0,2,55.0,46.0,46.0,50.0,46.0,92.0,0.0,1,69.0
2026-09-16-Elazığ Hipodromu-8,2026-09-16,8,Elazığ Hipodromu,2000.0,BRITISH BREEZE,MUHAMMED BARAN ÇAKMAK,MEHMET ALTIN,60.0,9,0.0,50.0,50.0,50.0,50.0,100.0,0.0,0,64.0
2026-09-16-Elazığ Hipodromu-8,2026-09-16,8,Elazığ Hipodromu,2000.0,DANCING GRACE,LEVENT TAPTIK,MAHMUT DOĞAN,56.0,11,10.0,0.0,0.0,50.0,0.0,84.0,0.0,1,31.0
2026-09-16-Elazığ Hipodromu-8,2026-09-16,8,Elazığ Hipodromu,2000.0,EVERYTHING ALRIGHT,İSA KATAR,MEHMET ALİ SUBAY,57.0,6,0.0,50.0,50.0,50.0,50.0,88.0,0.0,0,78.0
2026-09-16-Elazığ Hipodromu-8,2026-09-16,8,Elazığ Hipodromu,2000.0,GOLDEN DRAGON,MEHMET TAŞKAYA,SALİH BECENE,60.0,10,0.0,50.0,50.0,50.0,50.0,100.0,0.0,0,94.0
2026-09-16-Elazığ Hipodromu-8,2026-09-16,8,Elazığ Hipodromu,2000.0,HUNTER OF VICTORY,MUSTAFA IŞIK,BAHATTİN DEMİRKAPU,57.0,15,0.0,0.0,50.0,50.0,0.0,88.0,0.0,1,62.0
2026-09-16-Elazığ Hipodromu-8,2026-09-16,8,Elazığ Hipodromu,2000.0,LADY İSİS,AZİZ AKDEMİR,SALİH BECENE,60.0,8,40.0,28.0,28.0,28.0,28.0,100.0,0.0,1,80.0
2026-09-16-Elazığ Hipodromu-8,2026-09-16,8,Elazığ Hipodromu,2000.0,LEO MELO,SAMİ KAPLAN,ESER YILDIRIM,58.0,5,51.667,48.667,73.0,100.0,50.0,92.0,0.0,3,40.0
2026-09-16-Elazığ Hipodromu-8,2026-09-16,8,Elazığ Hipodromu,2000.0,MEMORY REMAINS,MEHMET ALİ AKTÜRK,MEHMET ALİ SUBAY,58.0,1,0.0,50.0,50.0,50.0,50.0,92.0,0.0,0,87.0
2026-09-16-Elazığ Hipodromu-8,2026-09-16,8,Elazığ Hipodromu,2000.0,PRINCESS ALLIANOI,YUSUF CENGİZ,MEHMET ALTIN,58.0,7,85.0,82.0,50.0,50.0,82.0,92.0,0.0,1,73.0
2026-09-16-Elazığ Hipodromu-8,2026-09-16,8,Elazığ Hipodromu,2000.0,SELANİK PRENSİ,İSA AKYAVUZ,MEHMET ALTIN,62.0,3,17.5,0.0,5.0,10.0,5.0,92.0,0.0,2,78.0
2026-09-16-Elazığ Hipodromu-8,2026-09-16,8,Elazığ Hipodromu,2000.0,THE LAST UNICORN,EMRE AKKILIÇ,MUHAMMED BULUÇ,57.0,13,0.0,0.0,50.0,50.0,0.0,88.0,0.0,1,68.0
2026-09-16-Elazığ Hipodromu-8,2026-09-16,8,Elazığ Hipodromu,2000.0,ÇELİ BEZA,AHMET HASAN BAYAR,MEHMET KAYA,57.0,4,0.0,50.0,0.0,50.0,0.0,88.0,0.0,2,75.0
2026-09-16-Elazığ Hipodromu-8,2026-09-16,8,Elazığ Hipodromu,2000.0,ÇUKUROVA PEHLİVANI,ABDULLAH ÇANKAYA,RAMAZAN BARMAN,57.0,12,10.0,0.0,50.0,0.0,0.0,88.0,0.0,1,39.0
2026-09-17-Ankara 75. Yıl Hipodromu-1,2026-09-17,1,Ankara 75. Yıl Hipodromu,1200.0,BLAZE BLUE,MEHMET ALİ AKGÖBEK,SERHAT POLAT,55.0,9,0.0,50.0,50.0,50.0,50.0,80.0,0.52,0,0.0
2026-09-17-Ankara 75. Yıl Hipodromu-1,2026-09-17,1,Ankara 75. Yıl Hipodromu,1200.0,DIABLO MORENO,MÜSLÜM ÇELİK,MUSTAFA ÖZYİĞİT,57.0,4,85.0,82.0,82.0,50.0,50.0,88.0,10.99,1,0.0
2026-09-17-Ankara 75. Yıl Hipodromu-1,2026-09-17,1,Ankara 75. Yıl Hipodromu,1200.0,DOĞAN ASLANIM,VEDAT ABİŞ,UĞUR KULAK,55.0,1,0.0,50.0,50.0,50.0,50.0,80.0,6.5,0,0.0
2026-09-17-Ankara 75. Yıl Hipodromu-1,2026-09-17,1,Ankara 75. Yıl Hipodromu,1200.0,DRAGON IS FATHER,NİZAMETTİN DEMİR,MERT KORKMAZ,55.0,7,70.0,64.0,64.0,64.0,64.0,80.0,1.92,1,0.0
2026-09-17-Ankara 75. Yıl Hipodromu-1,2026-09-17,1,Ankara 75. Yıl Hipodromu,1200.0,HERANİ,ROJHAT KURT,KEMAL YILMAZ,52.0,6,0.0,50.0,50.0,50.0,50.0,68.0,0.61,0,0.0
2026-09-17-Ankara 75. Yıl Hipodromu-1,2026-09-17,1,Ankara 75. Yıl Hipodromu,1200.0,POWER OF THE NIGHT,AYHAN KURŞUN,İBRAHİM BEKİROĞULLARI,57.0,5,0.0,50.0,50.0,50.0,50.0,88.0,7.54,0,0.0
2026-09-17-Ankara 75. Yıl Hipodromu-1,2026-09-17,1,Ankara 75. Yıl Hipodromu,1200.0,SON OF SPARTACUS,SALİH ÇELİK,ZÜLKÜF YILMAZ,55.0,8,10.0,0.0,0.0,50.0,0.0,80.0,0.46,1,0.0
2026-09-17-Ankara 75. Yıl Hipodromu-1,2026-09-17,1,Ankara 75. Yıl Hipodromu,1200.0,STAR OF HANDEL,GÖKHAN KOCAKAYA,ÖMER ALAÇAM,59.0,3,0.0,50.0,50.0,50.0,50.0,96.0,66.2,0,0.0
2026-09-17-Ankara 75. Yıl Hipodromu-1,2026-09-17,1,Ankara 75. Yıl Hipodromu,1200.0,TIMEWARDEN,MEHMET NURİ SUNKAR,CUMA DEMİR,57.0,2,85.0,82.0,82.0,82.0,82.0,88.0,5.26,1,0.0
2026-09-17-Ankara 75. Yıl Hipodromu-2,2026-09-17,2,Ankara 75. Yıl Hipodromu,2000.0,BROTHER LOVIE,VEDAT ABİŞ,ENGİN KARATAŞ,58.5,4,0.0,50.0,50.0,50.0,50.0,94.0,39.73,0,72.0
2026-09-17-Ankara 75. Yıl Hipodromu-2,2026-09-17,2,Ankara 75. Yıl Hipodromu,2000.0,EURO POWER,MÜSLÜM ÇELİK,AYKUT ECEVİT BAŞ,54.0,2,10.0,0.0,0.0,50.0,0.0,76.0,4.05,1,39.0
2026-09-17-Ankara 75. Yıl Hipodromu-2,2026-09-17,2,Ankara 75. Yıl Hipodromu,2000.0,GREEN EYED MEMO,SALİH ÇELİK,SEİT KAN,57.0,3,0.0,50.0,50.0,50.0,50.0,88.0,8.35,0,44.0
2026-09-17-Ankara 75. Yıl Hipodromu-2,2026-09-17,2,Ankara 75. Yıl Hipodromu,2000.0,HURRICANE KATRINA,MERT GÖKALP ARSLAN,CANSU ŞİMŞEK,54.0,6,0.0,50.0,50.0,50.0,50.0,76.0,0.6,0,0.0
2026-09-17-Ankara 75. Yıl Hipodromu-2,2026-09-17,2,Ankara 75. Yıl Hipodromu,2000.0,MR NALÇAKAN,AYHAN KURŞUN,HİKMET TURAN,58.0,1,0.0,50.0,50.0,50.0,50.0,92.0,23.24,0,83.0
2026-09-17-Ankara 75. Yıl Hipodromu-2,2026-09-17,2,Ankara 75. Yıl Hipodromu,2000.0,SER VEYRON,ERCAN ÇANKAYA,RACİ ATLI,58.0,5,42.5,41.0,0.0,41.0,41.0,92.0,24.03,2,95.0
2026-09-17-Ankara 75. Yıl Hipodromu-3,2026-09-17,3,Ankara 75. Yıl Hipodromu,1400.0,ALARASİ,FATİH SULTAN MEHMET SANSAR,MEHMET ALİ CANPOLATLI,53.0,4,70.0,64.0,64.0,50.0,50.0,72.0,12.55,1,43.0
2026-09-17-Ankara 75. Yıl Hipodromu-3,2026-09-17,3,Ankara 75. Yıl Hipodromu,1400.0,DENİZAĞA,NİZAMETTİN DEMİR,KADİR TEKİNALP,52.0,7,50.0,50.0,50.0,50.0,50.0,68.0,1.88,2,37.0
2026-09-17-Ankara 75. Yıl Hipodromu-3,2026-09-17,3,Ankara 75. Yıl Hipodromu,1400.0,GÖKDEMİR,ERCAN ÇANKAYA,HÜSEYİN TEKİNALP,53.5,10,100.0,100.0,100.0,100.0,100.0,74.0,9.8,1,44.0
2026-09-17-Ankara 75. Yıl Hipodromu-3,2026-09-17,3,Ankara 75. Yıl Hipodromu,1400.0,HEYHAT,MÜSLÜM ÇELİK,MEHMET ALİ CANPOLATLI,55.0,8,0.0,50.0,50.0,50.0,50.0,80.0,11.01,0,47.0
2026-09-17-Ankara 75. Yıl Hipodromu-3,2026-09-17,3,Ankara 75. Yıl Hipodromu,1400.0,KESTEL YİĞİDİ,MEHMET ALİ AKGÖBEK,HÜSEYİN SUNKAR,52.0,3,0.0,50.0,50.0,50.0,50.0,68.0,7.49,0,41.0
2026-09-17-Ankara 75. Yıl Hipodromu-3,2026-09-17,3,Ankara 75. Yıl Hipodromu,1400.0,KÖKBURŞUN,SAMETCAN YAZICIOĞLU,HÜSEYİN SUNKAR,52.0,5,0.0,50.0,50.0,50.0,50.0,68.0,0.53,0,39.0
2026-09-17-Ankara 75. Yıl Hipodromu-3,2026-09-17,3,Ankara 75. Yıl Hipodromu,1400.0,PİSİFORMİS,ERAY ÇİZİK,CUMA DEMİR,53.5,2,100.0,100.0,100.0,50.0,100.0,74.0,9.64,1,44.0
2026-09-17-Ankara 75. Yıl Hipodromu-3,2026-09-17,3,Ankara 75. Yıl Hipodromu,1400.0,SARAYBURNU,GÖKHAN KOCAKAYA,İLKER KÖROĞLU,55.5,6,0.0,50.0,50.0,50.0,50.0,82.0,22.14,0,48.0
2026-09-17-Ankara 75. Yıl Hipodromu-3,2026-09-17,3,Ankara 75. Yıl Hipodromu,1400.0,TİBET ASLANI,MEHMET TAHA COŞKUN,HÜSEYİN KAYA,52.0,11,0.0,0.0,0.0,50.0,0.0,68.0,4.73,1,47.0
2026-09-17-Ankara 75. Yıl Hipodromu-3,2026-09-17,3,Ankara 75. Yıl Hipodromu,1400.0,ÇÖL KASIRGASI,MEHMET NURİ SUNKAR,YILMAZ TEKİNALP,52.0,9,85.0,82.0,82.0,100.0,100.0,68.0,2.17,2,39.0
2026-09-17-Ankara 75. Yıl Hipodromu-3,2026-09-17,3,Ankara 75. Yıl Hipodromu,1400.0,İSKENDER HAN,VEDAT ABİŞ,VEDAT YILDIRIM,58.0,1,25.0,10.0,10.0,50.0,10.0,92.0,18.07,1,53.0
2026-09-17-Ankara 75. Yıl Hipodromu-4,2026-09-17,4,Ankara 75. Yıl Hipodromu,1200.0,ALCANBERK,ERHAN AKTUĞ,HİKMET TURAN,53.0,2,40.0,28.0,28.0,50.0,28.0,72.0,4.28,1,44.0
2026-09-17-Ankara 75. Yıl Hipodromu-4,2026-09-17,4,Ankara 75. Yıl Hipodromu,1200.0,ASLANLI OVA,SALİH ÇELİK,MEHMET ÇELİK,57.0,1,70.0,64.0,28.0,100.0,64.0,88.0,24.71,2,56.0
2026-09-17-Ankara 75. Yıl Hipodromu-4,2026-09-17,4,Ankara 75. Yıl Hipodromu,1200.0,AĞILMUS ASLANI,MÜSLÜM ÇELİK,MEHMET DEMİROL,54.0,10,12.5,5.0,10.0,50.0,5.0,76.0,2.09,2,45.0
2026-09-17-Ankara 75. Yıl Hipodromu-4,2026-09-17,4,Ankara 75. Yıl Hipodromu,1200.0,ESENLİ RÜZGARI,ERCAN ÇANKAYA,ARZU KILIÇ,55.0,7,25.0,10.0,10.0,50.0,10.0,80.0,2.41,1,49.0
2026-09-17-Ankara 75. Yıl Hipodromu-4,2026-09-17,4,Ankara 75. Yıl Hipodromu,1200.0,KÜÇÜK AZAT,MEHMET SALİH ÇELİK,CASIM KATI,57.0,4,70.0,64.0,64.0,50.0,64.0,88.0,11.7,1,47.0
2026-09-17-Ankara 75. Yıl Hipodromu-4,2026-09-17,4,Ankara 75. Yıl Hipodromu,1200.0,MUTLU BAHAR,MEHMET ALİ AKGÖBEK,HÜSEYİN ATAŞ,55.0,5,55.0,50.0,46.0,50.0,50.0,80.0,11.07,1,62.0
2026-09-17-Ankara 75. Yıl Hipodromu-4,2026-09-17,4,Ankara 75. Yıl Hipodromu,1200.0,RASTGELOĞLUM,MEHMET AKYAVUZ,CASIM KATI,57.0,6,70.0,64.0,64.0,50.0,64.0,88.0,9.2,2,43.0
2026-09-17-Ankara 75. Yıl Hipodromu-4,2026-09-17,4,Ankara 75. Yıl Hipodromu,1200.0,UĞURLU BEBEK,GÖKHAN KOCAKAYA,SEVGİ BEKTAŞ,55.0,8,100.0,100.0,100.0,50.0,100.0,80.0,13.38,1,54.0
2026-09-17-Ankara 75. Yıl Hipodromu-4,2026-09-17,4,Ankara 75. Yıl Hipodromu,1200.0,YALIN ATEŞ,MEHMET TAHA COŞKUN,YUSUF UÇAR,53.0,11,55.0,46.0,46.0,50.0,50.0,72.0,0.79,1,26.0
2026-09-17-Ankara 75. Yıl Hipodromu-4,2026-09-17,4,Ankara 75. Yıl Hipodromu,1200.0,ÇANAKKALE FIRTINASI,AYHAN KURŞUN,KEMAL YILMAZ,55.0,3,25.0,10.0,50.0,10.0,10.0,80.0,11.07,1,50.0
2026-09-17-Ankara 75. Yıl Hipodromu-4,2026-09-17,4,Ankara 75. Yıl Hipodromu,1200.0,ŞANSLI ADAM,VEDAT ABİŞ,ÜMİT ARSLAN,54.0,9,0.0,50.0,50.0,50.0,50.0,76.0,9.3,0,53.0
2026-09-17-Ankara 75. Yıl Hipodromu-5,2026-09-17,5,Ankara 75. Yıl Hipodromu,1200.0,ALL THE STARS,ERCAN ÇANKAYA,YUSUF UÇAR,57.0,8,70.0,50.0,64.0,50.0,46.0,88.0,19.11,2,31.0
2026-09-17-Ankara 75. Yıl Hipodromu-5,2026-09-17,5,Ankara 75. Yıl Hipodromu,1200.0,CEYHAN SULTANI,MERT GÖKALP ARSLAN,UĞUR KULAK,55.0,9,25.0,10.0,10.0,50.0,50.0,80.0,2.92,1,23.0
2026-09-17-Ankara 75. Yıl Hipodromu-5,2026-09-17,5,Ankara 75. Yıl Hipodromu,1200.0,DAPPER GIRL,SALİH ÇELİK,UMUT ÇİÇEK,55.0,7,70.0,50.0,64.0,64.0,64.0,80.0,11.11,1,27.0
2026-09-17-Ankara 75. Yıl Hipodromu-5,2026-09-17,5,Ankara 75. Yıl Hipodromu,1200.0,GENERAL FEMALE,MEHMET NURİ SUNKAR,YILMAZ TEKİNALP,57.0,6,35.0,0.0,32.0,0.0,0.0,88.0,14.94,2,29.0
2026-09-17-Ankara 75. Yıl Hipodromu-5,2026-09-17,5,Ankara 75. Yıl Hipodromu,1200.0,OY YARE,ROJHAT KURT,MEHMET TEKİNALP,55.0,4,55.0,46.0,46.0,46.0,46.0,80.0,4.77,1,30.0
2026-09-17-Ankara 75. Yıl Hipodromu-5,2026-09-17,5,Ankara 75. Yıl Hipodromu,1200.0,PERIWINKLE,AYHAN KURŞUN,ŞEFİK AYDEMİR,55.0,1,10.0,0.0,0.0,50.0,0.0,80.0,10.69,1,0.0
2026-09-17-Ankara 75. Yıl Hipodromu-5,2026-09-17,5,Ankara 75. Yıl Hipodromu,1200.0,ROYAL PRYTANIA,VEDAT ABİŞ,VEDAT YILDIRIM,55.0,3,0.0,50.0,50.0,50.0,50.0,80.0,18.81,0,0.0
2026-09-17-Ankara 75. Yıl Hipodromu-5,2026-09-17,5,Ankara 75. Yıl Hipodromu,1200.0,SOUL OF MINE,ERAY ÇİZİK,ADNAN POLAT,57.0,5,25.0,50.0,10.0,50.0,10.0,88.0,7.94,1,30.0
2026-09-17-Ankara 75. Yıl Hipodromu-5,2026-09-17,5,Ankara 75. Yıl Hipodromu,1200.0,WELL SUPPORTED,GÖKHAN KOCAKAYA,ARZU KILIÇ,55.0,2,0.0,50.0,50.0,50.0,50.0,80.0,9.71,0,0.0
2026-09-17-Ankara 75. Yıl Hipodromu-6,2026-09-17,6,Ankara 75. Yıl Hipodromu,1400.0,BERAY SULTAN,MÜSLÜM ÇELİK,MEHMET DEMİROL,53.0,5,55.0,46.0,46.0,64.0,46.0,72.0,4.01,2,80.0
2026-09-17-Ankara 75. Yıl Hipodromu-6,2026-09-17,6,Ankara 75. Yıl Hipodromu,1400.0,DELİ UMUT,VEDAT ABİŞ,CASIM KATI,60.0,1,70.0,64.0,50.0,50.0,64.0,100.0,26.3,1,89.0
2026-09-17-Ankara 75. Yıl Hipodromu-6,2026-09-17,6,Ankara 75. Yıl Hipodromu,1400.0,DENİZ KESTANESİ,GÖKHAN KOCAKAYA,YUSUF UÇAR,53.0,2,0.0,50.0,50.0,50.0,50.0,72.0,44.67,0,89.0
2026-09-17-Ankara 75. Yıl Hipodromu-6,2026-09-17,6,Ankara 75. Yıl Hipodromu,1400.0,GÜZELCE HİSAR,MEHMET ALİ AKGÖBEK,HÜSEYİN SUNKAR,58.0,7,0.0,50.0,50.0,50.0,50.0,92.0,3.33,0,74.0
2026-09-17-Ankara 75. Yıl Hipodromu-6,2026-09-17,6,Ankara 75. Yıl Hipodromu,1400.0,KEŞHANLI,SERHAT ÇELİK,HASAN YILDIRIM,58.0,3,70.0,64.0,64.0,64.0,64.0,92.0,7.47,1,77.0
2026-09-17-Ankara 75. Yıl Hipodromu-6,2026-09-17,6,Ankara 75. Yıl Hipodromu,1400.0,MART FIRTINASI,ENES ATLAMAZ,İLKER KÖROĞLU,52.0,8,0.0,50.0,50.0,50.0,50.0,68.0,0.42,0,0.0
2026-09-17-Ankara 75. Yıl Hipodromu-6,2026-09-17,6,Ankara 75. Yıl Hipodromu,1400.0,SEMENDHAN,MEHMET AKYAVUZ,ALİ ÇİZİK,60.0,4,25.0,10.0,10.0,50.0,10.0,100.0,8.69,1,85.0
2026-09-17-Ankara 75. Yıl Hipodromu-6,2026-09-17,6,Ankara 75. Yıl Hipodromu,1400.0,SOĞUKDAĞ,SALİH ÇELİK,HÜSEYİN TEKİNALP,55.0,6,27.5,50.0,46.0,50.0,50.0,80.0,1.22,2,66.0
2026-09-17-Ankara 75. Yıl Hipodromu-7,2026-09-17,7,Ankara 75. Yıl Hipodromu,1300.0,BACK TO GLORY,VEDAT ABİŞ,CELAL BURAK SERİNER,60.0,1,0.0,50.0,50.0,50.0,50.0,100.0,0.0,0,63.0
2026-09-17-Ankara 75. Yıl Hipodromu-7,2026-09-17,7,Ankara 75. Yıl Hipodromu,1300.0,CALL ME FREE,MEHMET SALİH ÇELİK,SATILMIŞ GÖKDEMİR,60.0,2,85.0,82.0,82.0,50.0,82.0,100.0,0.0,1,47.0
2026-09-17-Ankara 75. Yıl Hipodromu-7,2026-09-17,7,Ankara 75. Yıl Hipodromu,1300.0,NEJDET BAŞKAN,ERTUĞRUL CANKILIÇ,YASİN POLAT,58.0,3,55.0,46.0,46.0,50.0,46.0,92.0,0.0,1,59.0
2026-09-17-Ankara 75. Yıl Hipodromu-7,2026-09-17,7,Ankara 75. Yıl Hipodromu,1300.0,NINE TREES,ERCAN ÇANKAYA,YUSUF UÇAR,60.0,4,10.0,0.0,0.0,50.0,0.0,100.0,0.0,1,64.0
2026-09-17-Ankara 75. Yıl Hipodromu-7,2026-09-17,7,Ankara 75. Yıl Hipodromu,1300.0,ORIRI,SALİH ÇELİK,İSMET TEKİNALP,55.0,5,0.0,50.0,50.0,50.0,50.0,80.0,0.0,0,51.0
2026-09-17-Ankara 75. Yıl Hipodromu-7,2026-09-17,7,Ankara 75. Yıl Hipodromu,1300.0,SERCAN BEY,AYHAN KURŞUN,ŞEFİK AYDEMİR,61.0,6,0.0,50.0,50.0,50.0,50.0,96.0,0.0,0,66.0
2026-09-17-Ankara 75. Yıl Hipodromu-7,2026-09-17,7,Ankara 75. Yıl Hipodromu,1300.0,SIRRIN BEYİ,SERHAT ÇELİK,MEHMET DEMİROL,54.0,7,0.0,0.0,50.0,50.0,0.0,76.0,0.0,1,38.0
2026-09-17-Ankara 75. Yıl Hipodromu-8,2026-09-17,8,Ankara 75. Yıl Hipodromu,2000.0,GARBIN AFAKI,ERHAN AKTUĞ,UĞUR KULAK,52.0,1,0.0,50.0,50.0,50.0,50.0,68.0,0.0,0,45.0
2026-09-17-Ankara 75. Yıl Hipodromu-8,2026-09-17,8,Ankara 75. Yıl Hipodromu,2000.0,HIZKESEN,ERAY ÇİZİK,ERGÜN ÇETİNKURT,53.5,7,25.0,14.0,28.0,50.0,14.0,74.0,0.0,2,53.0
2026-09-17-Ankara 75. Yıl Hipodromu-8,2026-09-17,8,Ankara 75. Yıl Hipodromu,2000.0,KARLOVASİ,SERHAT ÇELİK,AYBERK ÇAYIR,52.0,11,70.0,64.0,50.0,64.0,50.0,68.0,0.0,1,36.0
2026-09-17-Ankara 75. Yıl Hipodromu-8,2026-09-17,8,Ankara 75. Yıl Hipodromu,2000.0,KEMALS ELF,FATİH SULTAN MEHMET SANSAR,UMUT ÇİÇEK,52.0,10,85.0,82.0,50.0,82.0,82.0,68.0,0.0,1,32.0
2026-09-17-Ankara 75. Yıl Hipodromu-8,2026-09-17,8,Ankara 75. Yıl Hipodromu,2000.0,LADY GROUND,ERCAN ÇANKAYA,EMİN KARATAŞ,57.5,5,100.0,100.0,100.0,100.0,100.0,90.0,0.0,1,61.0
2026-09-17-Ankara 75. Yıl Hipodromu-8,2026-09-17,8,Ankara 75. Yıl Hipodromu,2000.0,LEADER TULIP,MEHMET KESKİN,CELAL BURAK SERİNER,52.0,2,100.0,100.0,50.0,100.0,100.0,68.0,0.0,1,46.0
2026-09-17-Ankara 75. Yıl Hipodromu-8,2026-09-17,8,Ankara 75. Yıl Hipodromu,2000.0,MON BİJOU,ENES ATLAMAZ,ÖMER ALAÇAM,60.0,3,55.0,46.0,50.0,50.0,46.0,100.0,0.0,1,65.0
2026-09-17-Ankara 75. Yıl Hipodromu-8,2026-09-17,8,Ankara 75. Yıl Hipodromu,2000.0,NAMASTE,MERT UYAR,ARZU KILIÇ,50.0,4,40.0,28.0,28.0,28.0,28.0,60.0,0.0,1,34.0
2026-09-17-Ankara 75. Yıl Hipodromu-8,2026-09-17,8,Ankara 75. Yıl Hipodromu,2000.0,ÇEVİK VAKTİ,MEHMET TAHA COŞKUN,MEHMET ALİ CANPOLATLI,58.0,8,0.0,0.0,50.0,50.0,50.0,92.0,0.0,1,61.0
2026-09-17-Ankara 75. Yıl Hipodromu-8,2026-09-17,8,Ankara 75. Yıl Hipodromu,2000.0,ÜNLÜ BOMBA,SALİH ÇELİK,SEİT KAN,54.0,9,0.0,0.0,50.0,50.0,0.0,76.0,0.0,1,47.0
2026-09-17-Ankara 75. Yıl Hipodromu-8,2026-09-17,8,Ankara 75. Yıl Hipodromu,2000.0,ÜÇNUR,İLKER AKIN,ERGÜN ÇETİNKURT,52.0,6,0.0,50.0,50.0,50.0,50.0,68.0,0.0,0,34.0
2026-09-18-Bursa Osmangazi Hipodromu-1,2026-09-18,1,Bursa Osmangazi Hipodromu,1200.0,BOLT NONSTOP,MUHAMMED MİR BİLGİN,FERDİ KIRAN,57.0,4,55.0,46.0,46.0,50.0,46.0,88.0,0.0,1,21.0
2026-09-18-Bursa Osmangazi Hipodromu-1,2026-09-18,1,Bursa Osmangazi Hipodromu,1200.0,ELİFCİM,RECEP KETME,HASAN KAYA,52.0,6,0.0,0.0,0.0,0.0,50.0,68.0,0.0,1,0.0
2026-09-18-Bursa Osmangazi Hipodromu-1,2026-09-18,1,Bursa Osmangazi Hipodromu,1200.0,KAŞİF KAPTAN,NEVZAT AVCİ,MEHMET ESMER,57.0,2,0.0,50.0,50.0,50.0,50.0,88.0,0.0,0,0.0
2026-09-18-Bursa Osmangazi Hipodromu-1,2026-09-18,1,Bursa Osmangazi Hipodromu,1200.0,MÖSYÖ DENİZ,METE GÖL,FİKRET ÇELTİK,53.0,7,0.0,50.0,50.0,50.0,50.0,72.0,0.0,0,8.0
2026-09-18-Bursa Osmangazi Hipodromu-1,2026-09-18,1,Bursa Osmangazi Hipodromu,1200.0,OĞLUM DORA,TUGAY ALICI,MEHMET ÖCAL,57.0,5,0.0,50.0,50.0,50.0,50.0,88.0,0.0,0,0.0
2026-09-18-Bursa Osmangazi Hipodromu-1,2026-09-18,1,Bursa Osmangazi Hipodromu,1200.0,SABIRLI TINAS,ALİCAN İNCİ,YILMAZ GÜNDOĞDİ,55.0,8,0.0,0.0,0.0,50.0,0.0,80.0,0.0,2,11.0
2026-09-18-Bursa Osmangazi Hipodromu-1,2026-09-18,1,Bursa Osmangazi Hipodromu,1200.0,TATLI AKYÜZ,NURETTİN ŞEN,TUNCAY ATEŞ,57.0,3,40.0,28.0,28.0,28.0,28.0,88.0,0.0,2,32.0
2026-09-18-Bursa Osmangazi Hipodromu-1,2026-09-18,1,Bursa Osmangazi Hipodromu,1200.0,YONAGUNI,AKIN SÖZEN,MÜSLÜM DOLAK,61.0,1,85.0,50.0,82.0,50.0,50.0,96.0,0.0,1,37.0
2026-09-18-Bursa Osmangazi Hipodromu-2,2026-09-18,2,Bursa Osmangazi Hipodromu,1300.0,BİLGE HATUN,ALİCAN İNCİ,ŞEVVAL ŞİMAL DEMİR,55.0,6,40.0,64.0,32.0,50.0,32.0,80.0,4.29,2,40.0
2026-09-18-Bursa Osmangazi Hipodromu-2,2026-09-18,2,Bursa Osmangazi Hipodromu,1300.0,DİNAMİKO,ROJHAT KURT,EKREM TURAN,52.0,3,0.0,50.0,50.0,50.0,50.0,68.0,10.11,0,45.0
2026-09-18-Bursa Osmangazi Hipodromu-2,2026-09-18,2,Bursa Osmangazi Hipodromu,1300.0,FELHAN GÜLÜ,BEKİR MERT MIRIK,ALİ CAN ATAR,57.0,5,55.0,46.0,46.0,46.0,46.0,88.0,7.18,1,38.0
2026-09-18-Bursa Osmangazi Hipodromu-2,2026-09-18,2,Bursa Osmangazi Hipodromu,1300.0,GÜREKE HANIM,İZETTİN GÜREKE,EKREM TURAN,53.0,4,10.0,50.0,0.0,0.0,50.0,72.0,2.03,1,37.0
2026-09-18-Bursa Osmangazi Hipodromu-2,2026-09-18,2,Bursa Osmangazi Hipodromu,1300.0,KONÇİÇEK,NEVZAT AVCİ,MÜSLÜM DOLAK,57.0,2,70.0,50.0,64.0,50.0,64.0,88.0,6.42,1,41.0
2026-09-18-Bursa Osmangazi Hipodromu-2,2026-09-18,2,Bursa Osmangazi Hipodromu,1300.0,TOKATHANIN GÜLÜ,BERKAY BÜLBÜL,FAHRETTİN SEZER,51.0,7,100.0,100.0,100.0,100.0,100.0,64.0,5.98,1,38.0
2026-09-18-Bursa Osmangazi Hipodromu-2,2026-09-18,2,Bursa Osmangazi Hipodromu,1300.0,ÖZBEYİN RÜZGARI,SERHAT ÇELİK,YUNUS KARAKOÇ,53.0,8,0.0,50.0,50.0,50.0,50.0,72.0,8.92,0,48.0
2026-09-18-Bursa Osmangazi Hipodromu-2,2026-09-18,2,Bursa Osmangazi Hipodromu,1300.0,İNCİ PAREM,SALİH ÇELİK,FERHAT ALTIN,57.0,1,77.5,64.0,73.0,50.0,82.0,88.0,39.34,2,46.0
2026-09-18-Bursa Osmangazi Hipodromu-2,2026-09-18,2,Bursa Osmangazi Hipodromu,1300.0,ŞENGÜL SULTAN,MEHMET AKYAVUZ,TARIK NACİ YILDIZ,55.0,9,0.0,50.0,50.0,50.0,50.0,80.0,15.74,0,42.0
2026-09-18-Bursa Osmangazi Hipodromu-3,2026-09-18,3,Bursa Osmangazi Hipodromu,1800.0,ALYADİGAR,UĞUR LEVENT,EMİNE KAYA,58.0,6,0.0,50.0,50.0,50.0,50.0,92.0,13.78,0,75.0
2026-09-18-Bursa Osmangazi Hipodromu-3,2026-09-18,3,Bursa Osmangazi Hipodromu,1800.0,BARBUDA,DENİZ BUDAK,MELEK ÖZGÜL,56.0,2,30.0,32.0,0.0,50.0,21.333,84.0,4.88,3,77.0
2026-09-18-Bursa Osmangazi Hipodromu-3,2026-09-18,3,Bursa Osmangazi Hipodromu,1800.0,EGETAY,BERKAY BÜLBÜL,ŞEVVAL ŞİMAL DEMİR,56.0,4,0.0,50.0,50.0,50.0,50.0,84.0,6.47,0,62.0
2026-09-18-Bursa Osmangazi Hipodromu-3,2026-09-18,3,Bursa Osmangazi Hipodromu,1800.0,HAVZALI,İZETTİN GÜREKE,FERDİ KIRAN,54.0,9,46.667,42.667,50.0,50.0,42.667,76.0,11.53,3,80.0
2026-09-18-Bursa Osmangazi Hipodromu-3,2026-09-18,3,Bursa Osmangazi Hipodromu,1800.0,KAŞIKÇIBEYİ,MERT UYAR,TUNCAY TURAN,56.0,3,62.5,46.0,50.0,50.0,46.0,84.0,26.25,2,95.0
2026-09-18-Bursa Osmangazi Hipodromu-3,2026-09-18,3,Bursa Osmangazi Hipodromu,1800.0,MADEN DAĞI,DOĞUKAN KONUK,ENGİN ALTIN,56.0,7,5.0,0.0,50.0,50.0,0.0,84.0,2.55,2,66.0
2026-09-18-Bursa Osmangazi Hipodromu-3,2026-09-18,3,Bursa Osmangazi Hipodromu,1800.0,SİNSİNATEŞİ,HÜSEYİN TURAN,SERHAT ÖNDER,56.0,1,25.0,10.0,10.0,10.0,10.0,84.0,3.54,1,67.0
2026-09-18-Bursa Osmangazi Hipodromu-3,2026-09-18,3,Bursa Osmangazi Hipodromu,1800.0,TARÇINKIZ,SERHAT ÇELİK,MUHAMMED ALİ TURAN,61.0,5,70.0,64.0,50.0,50.0,64.0,96.0,15.86,1,87.0
2026-09-18-Bursa Osmangazi Hipodromu-3,2026-09-18,3,Bursa Osmangazi Hipodromu,1800.0,YEMEN RÜZGARI,EFE AKPINAR,YAKUP AKKILIÇ,60.0,8,0.0,50.0,50.0,50.0,50.0,100.0,15.14,0,92.0
2026-09-18-Bursa Osmangazi Hipodromu-4,2026-09-18,4,Bursa Osmangazi Hipodromu,2200.0,ANGEL OF GOLD,MEHMET AKYAVUZ,AHMET OLCAR,60.0,5,0.0,50.0,50.0,50.0,50.0,100.0,3.23,0,81.0
2026-09-18-Bursa Osmangazi Hipodromu-4,2026-09-18,4,Bursa Osmangazi Hipodromu,2200.0,ERDUMAN,CEM ALTUN,YUSUF AKBULUT,60.0,4,55.0,50.0,50.0,50.0,50.0,100.0,3.53,2,76.0
2026-09-18-Bursa Osmangazi Hipodromu-4,2026-09-18,4,Bursa Osmangazi Hipodromu,2200.0,MARION,MUHAMMED MİR BİLGİN,AHMET OLCAR,58.0,3,0.0,50.0,50.0,50.0,50.0,92.0,26.5,0,90.0
2026-09-18-Bursa Osmangazi Hipodromu-4,2026-09-18,4,Bursa Osmangazi Hipodromu,2200.0,PRANDELLO,NEVZAT AVCİ,İBRAHİM ÇAK,57.0,1,70.0,50.0,64.0,50.0,64.0,88.0,57.85,1,85.0
2026-09-18-Bursa Osmangazi Hipodromu-4,2026-09-18,4,Bursa Osmangazi Hipodromu,2200.0,İSPANOZ,KADİR TOKAÇOĞLU,MELEK ÖZGÜL,60.0,2,100.0,100.0,50.0,50.0,100.0,100.0,6.49,1,92.0
2026-09-18-Bursa Osmangazi Hipodromu-4,2026-09-18,4,Bursa Osmangazi Hipodromu,2200.0,ŞEN AKYÜZ,NURETTİN ŞEN,TUNCAY ATEŞ,60.0,6,0.0,50.0,50.0,50.0,50.0,100.0,2.39,0,83.0
2026-09-18-Bursa Osmangazi Hipodromu-5,2026-09-18,5,Bursa Osmangazi Hipodromu,1400.0,AL CEMAL,KADİR TOKAÇOĞLU,YUSUF AKBULUT,57.0,1,0.0,50.0,50.0,50.0,50.0,88.0,21.35,0,77.0
2026-09-18-Bursa Osmangazi Hipodromu-5,2026-09-18,5,Bursa Osmangazi Hipodromu,1400.0,ARDAPAŞA,NEVZAT AVCİ,FERDİ KIRAN,57.0,7,0.0,50.0,50.0,50.0,50.0,88.0,1.42,0,47.0
2026-09-18-Bursa Osmangazi Hipodromu-5,2026-09-18,5,Bursa Osmangazi Hipodromu,1400.0,BAŞAR SOYLU,BEKİR MERT MIRIK,ALİ AYDOĞAN,57.0,10,0.0,50.0,50.0,50.0,50.0,88.0,1.34,0,39.0
2026-09-18-Bursa Osmangazi Hipodromu-5,2026-09-18,5,Bursa Osmangazi Hipodromu,1400.0,BOZKIR YİĞİDİ,MEHMET SALİH ÇELİK,MEHMET DAŞ,57.0,2,55.0,50.0,46.0,46.0,50.0,88.0,35.0,1,84.0
2026-09-18-Bursa Osmangazi Hipodromu-5,2026-09-18,5,Bursa Osmangazi Hipodromu,1400.0,ERHANHAN,MEHMET AKYAVUZ,ALPER TEPEBAŞI,57.0,8,0.0,50.0,50.0,50.0,50.0,88.0,5.32,0,53.0
2026-09-18-Bursa Osmangazi Hipodromu-5,2026-09-18,5,Bursa Osmangazi Hipodromu,1400.0,HIZLI YASİN,AKIN SÖZEN,FAHRETTİN GEZİCİ,57.0,9,0.0,50.0,50.0,50.0,50.0,88.0,9.17,0,47.0
2026-09-18-Bursa Osmangazi Hipodromu-5,2026-09-18,5,Bursa Osmangazi Hipodromu,1400.0,PAMİRALP,ONUR YILDIZ,MELEK ÖZGÜL,57.0,3,62.5,55.0,55.0,50.0,55.0,88.0,2.33,2,45.0
2026-09-18-Bursa Osmangazi Hipodromu-5,2026-09-18,5,Bursa Osmangazi Hipodromu,1400.0,TOYGARLI,FESİH ÇETİNBAŞ,RAMAZAN KAYA,57.0,6,10.0,50.0,0.0,50.0,0.0,88.0,2.39,1,47.0
2026-09-18-Bursa Osmangazi Hipodromu-5,2026-09-18,5,Bursa Osmangazi Hipodromu,1400.0,YURTÇU,MUHAMMED MİR BİLGİN,SERHAT POLAT,57.0,5,40.0,50.0,28.0,50.0,28.0,88.0,12.02,1,61.0
2026-09-18-Bursa Osmangazi Hipodromu-5,2026-09-18,5,Bursa Osmangazi Hipodromu,1400.0,ÖNALTAY,SALİH ÇELİK,ENGİN ALTIN,57.0,4,0.0,50.0,50.0,50.0,50.0,88.0,8.68,0,56.0
2026-09-18-Bursa Osmangazi Hipodromu-5,2026-09-18,5,Bursa Osmangazi Hipodromu,1400.0,ŞAHİNYÜREKLİ,RECEP KETME,BERHE YOLERİ,57.0,11,40.0,28.0,28.0,50.0,50.0,88.0,0.97,1,54.0
2026-09-18-Bursa Osmangazi Hipodromu-6,2026-09-18,6,Bursa Osmangazi Hipodromu,1200.0,BABA GİRAY,CEM ALTUN,KAZIM ŞENGEL,57.0,9,40.0,28.0,28.0,50.0,28.0,88.0,2.75,2,21.0
2026-09-18-Bursa Osmangazi Hipodromu-6,2026-09-18,6,Bursa Osmangazi Hipodromu,1200.0,DELICIAS TURCAS,MEHMET SALİH ÇELİK,MÜSLÜM DOLAK,59.0,2,42.5,82.0,41.0,50.0,41.0,96.0,30.02,2,35.0
2026-09-18-Bursa Osmangazi Hipodromu-6,2026-09-18,6,Bursa Osmangazi Hipodromu,1200.0,DREAM SHIP,TUGAY ALICI,MEHMET ESMER,55.0,5,27.5,0.0,23.0,50.0,23.0,80.0,2.27,2,0.0
2026-09-18-Bursa Osmangazi Hipodromu-6,2026-09-18,6,Bursa Osmangazi Hipodromu,1200.0,FULLSET,RECEP KETME,ZEYNEP KAYA,54.0,6,0.0,50.0,50.0,50.0,50.0,76.0,2.47,0,0.0
2026-09-18-Bursa Osmangazi Hipodromu-6,2026-09-18,6,Bursa Osmangazi Hipodromu,1200.0,KÖSTENCELİ BEY,KADİR TOKAÇOĞLU,İBRAHİM KIZILDAĞ,60.0,3,62.5,55.0,55.0,50.0,55.0,100.0,26.46,2,37.0
2026-09-18-Bursa Osmangazi Hipodromu-6,2026-09-18,6,Bursa Osmangazi Hipodromu,1200.0,MUSHU,İSMAİL DİNAR,MELEK ÖZGÜL,55.0,7,8.333,3.333,3.333,0.0,3.333,80.0,0.71,3,9.0
2026-09-18-Bursa Osmangazi Hipodromu-6,2026-09-18,6,Bursa Osmangazi Hipodromu,1200.0,OLD GUARD,MUHAMMED MİR BİLGİN,AHMET MANTAŞ,57.0,1,55.0,46.0,46.0,50.0,46.0,88.0,17.92,1,0.0
2026-09-18-Bursa Osmangazi Hipodromu-6,2026-09-18,6,Bursa Osmangazi Hipodromu,1200.0,SON CESİ,MEHMET AKYAVUZ,RANA SUNA,59.0,4,0.0,50.0,50.0,50.0,50.0,96.0,16.55,0,33.0
2026-09-18-Bursa Osmangazi Hipodromu-6,2026-09-18,6,Bursa Osmangazi Hipodromu,1200.0,ÇİKOK POWER,RÜZGAR YILDIZ,TUNCAY ATEŞ,51.0,8,0.0,50.0,0.0,0.0,0.0,64.0,0.84,1,0.0
2026-09-18-Bursa Osmangazi Hipodromu-7,2026-09-18,7,Bursa Osmangazi Hipodromu,1200.0,AL SEHER,İZETTİN GÜREKE,EKREM ÇİLEK,55.5,15,0.0,50.0,50.0,50.0,50.0,82.0,1.31,0,45.0
2026-09-18-Bursa Osmangazi Hipodromu-7,2026-09-18,7,Bursa Osmangazi Hipodromu,1200.0,AYCASA,ALİCAN İNCİ,AHMET MANTAŞ,60.0,12,50.0,50.0,50.0,100.0,50.0,100.0,9.68,2,48.0
2026-09-18-Bursa Osmangazi Hipodromu-7,2026-09-18,7,Bursa Osmangazi Hipodromu,1200.0,CAVİDANCAN,RÜZGAR YILDIZ,MUHAMMED ALİ TURAN,55.0,13,0.0,50.0,50.0,50.0,50.0,80.0,1.5,0,44.0
2026-09-18-Bursa Osmangazi Hipodromu-7,2026-09-18,7,Bursa Osmangazi Hipodromu,1200.0,CAYMAZBEY,DENİZ BUDAK,TURGAY ÇEKİCİ,51.0,14,0.0,50.0,50.0,0.0,0.0,64.0,0.64,1,16.0
2026-09-18-Bursa Osmangazi Hipodromu-7,2026-09-18,7,Bursa Osmangazi Hipodromu,1200.0,EĞRİCAN,KADİR TOKAÇOĞLU,KIVANÇ KINAY,60.5,11,85.0,82.0,82.0,50.0,82.0,98.0,12.45,1,49.0
2026-09-18-Bursa Osmangazi Hipodromu-7,2026-09-18,7,Bursa Osmangazi Hipodromu,1200.0,FIRTINADAN DOĞAN,EREN KADİRLER,KENAN KAYALIK,52.0,4,0.0,50.0,50.0,50.0,50.0,68.0,1.31,0,29.0
2026-09-18-Bursa Osmangazi Hipodromu-7,2026-09-18,7,Bursa Osmangazi Hipodromu,1200.0,GÖKDİL,BERKAY BÜLBÜL,ÜMİT BOZKURT,53.0,3,0.0,50.0,50.0,50.0,50.0,72.0,2.79,0,40.0
2026-09-18-Bursa Osmangazi Hipodromu-7,2026-09-18,7,Bursa Osmangazi Hipodromu,1200.0,GÜLEYCANOĞLU,MUHAMMED MİR BİLGİN,MURAT ALTIN,60.0,7,42.5,41.0,0.0,82.0,41.0,100.0,13.95,2,48.0
2026-09-18-Bursa Osmangazi Hipodromu-7,2026-09-18,7,Bursa Osmangazi Hipodromu,1200.0,GÜLÜMSE BİRAZ,SERHAT ÇELİK,YUSUF KAYA,57.0,5,55.0,46.0,46.0,50.0,46.0,88.0,7.97,2,48.0
2026-09-18-Bursa Osmangazi Hipodromu-7,2026-09-18,7,Bursa Osmangazi Hipodromu,1200.0,GÜMBÜR ŞAH,EFE AKPINAR,TURGAY ÇEKİCİ,59.0,2,35.0,64.0,64.0,50.0,50.0,96.0,3.58,2,52.0
2026-09-18-Bursa Osmangazi Hipodromu-7,2026-09-18,7,Bursa Osmangazi Hipodromu,1200.0,HOŞ ESİNTİ,CEMAL PASO,SALİH BAYDAN,52.0,16,25.0,10.0,10.0,10.0,10.0,68.0,6.8,1,32.0
2026-09-18-Bursa Osmangazi Hipodromu-7,2026-09-18,7,Bursa Osmangazi Hipodromu,1200.0,HÜMALI KIZ,RECEP KETME,TUNCAY ATEŞ,55.0,6,55.0,46.0,50.0,50.0,46.0,80.0,8.42,2,42.0
2026-09-18-Bursa Osmangazi Hipodromu-7,2026-09-18,7,Bursa Osmangazi Hipodromu,1200.0,MÜRDÜN KIZ,NEVZAT AVCİ,SEYİT GÖKÇE,53.5,1,25.0,10.0,50.0,50.0,10.0,74.0,12.24,1,35.0
2026-09-18-Bursa Osmangazi Hipodromu-7,2026-09-18,7,Bursa Osmangazi Hipodromu,1200.0,SAHAFBEY,METE GÖL,RAMAZAN AKDUMAN,52.0,19,0.0,0.0,50.0,50.0,0.0,68.0,0.55,1,10.0
2026-09-18-Bursa Osmangazi Hipodromu-7,2026-09-18,7,Bursa Osmangazi Hipodromu,1200.0,SANCAR EFESİ,ONUR ATMACA,KAZIM ŞENGEL,60.5,8,40.0,33.333,50.0,50.0,33.333,98.0,4.23,3,49.0
2026-09-18-Bursa Osmangazi Hipodromu-7,2026-09-18,7,Bursa Osmangazi Hipodromu,1200.0,ÇELİK ABİ,MUSTAFA TEKPETEK,HÜSEYİN ŞİMŞEK,55.0,9,0.0,50.0,50.0,50.0,50.0,80.0,1.75,0,44.0
2026-09-18-Bursa Osmangazi Hipodromu-7,2026-09-18,7,Bursa Osmangazi Hipodromu,1200.0,ÖN BİRLİK,TUGAY ALICI,KADİR TURAN,55.0,18,0.0,0.0,0.0,50.0,0.0,80.0,0.81,2,38.0
2026-09-18-Bursa Osmangazi Hipodromu-7,2026-09-18,7,Bursa Osmangazi Hipodromu,1200.0,İHTİMAL,AHMET EFEKAN ELMAS,TEKİN BİRİCİK,52.0,17,28.333,27.333,50.0,50.0,27.333,68.0,9.29,3,30.0
2026-09-18-Bursa Osmangazi Hipodromu-7,2026-09-18,7,Bursa Osmangazi Hipodromu,1200.0,İMREN HANIM,ERHAN AKKAYA,TARIK NACİ YILDIZ,53.5,10,0.0,50.0,50.0,50.0,50.0,74.0,0.74,0,35.0
2026-09-19-Ankara 75. Yıl Hipodromu-1,2026-09-19,1,Ankara 75. Yıl Hipodromu,1400.0,AL ZEYNO,ENES ATLAMAZ,ERGÜN ÇETİNKURT,53.0,4,20.0,14.0,14.0,14.0,14.0,72.0,7.48,2,26.0
2026-09-19-Ankara 75. Yıl Hipodromu-1,2026-09-19,1,Ankara 75. Yıl Hipodromu,1400.0,ARKAZGÜLÜ,SERHAT ÇELİK,RAMAZAN KAYA,53.0,12,5.0,0.0,0.0,50.0,0.0,72.0,1.42,2,23.0
2026-09-19-Ankara 75. Yıl Hipodromu-1,2026-09-19,1,Ankara 75. Yıl Hipodromu,1400.0,HARDAL ÇİÇEĞİM,ÖZCAN YILDIRIM,YAKUP ÇAĞLAR,59.0,1,40.0,28.0,28.0,50.0,28.0,96.0,12.77,1,32.0
2026-09-19-Ankara 75. Yıl Hipodromu-1,2026-09-19,1,Ankara 75. Yıl Hipodromu,1400.0,MAKBUŞ,NİZAMETTİN DEMİR,SEİT KAN,57.0,8,10.0,0.0,0.0,0.0,0.0,88.0,7.54,1,0.0
2026-09-19-Ankara 75. Yıl Hipodromu-1,2026-09-19,1,Ankara 75. Yıl Hipodromu,1400.0,NATROSE,ERHAN AKTUĞ,UĞUR KULAK,57.0,7,10.0,50.0,0.0,50.0,50.0,88.0,2.76,1,0.0
2026-09-19-Ankara 75. Yıl Hipodromu-1,2026-09-19,1,Ankara 75. Yıl Hipodromu,1400.0,NAİLİN GÜLÜ,MERT UYAR,VEDAT YILDIRIM,53.0,11,0.0,50.0,50.0,50.0,50.0,72.0,0.76,0,0.0
2026-09-19-Ankara 75. Yıl Hipodromu-1,2026-09-19,1,Ankara 75. Yıl Hipodromu,1400.0,SABRİNİN RÜZGARI,FATİH SULTAN MEHMET SANSAR,ALİ KARATOPRAK,57.0,9,0.0,50.0,50.0,50.0,50.0,88.0,0.84,0,21.0
2026-09-19-Ankara 75. Yıl Hipodromu-1,2026-09-19,1,Ankara 75. Yıl Hipodromu,1400.0,SEYRAN HANIM,MEHMET SALİH ÇELİK,CASIM KATI,57.0,3,85.0,82.0,82.0,82.0,82.0,88.0,58.24,1,0.0
2026-09-19-Ankara 75. Yıl Hipodromu-1,2026-09-19,1,Ankara 75. Yıl Hipodromu,1400.0,TRABLUS,ERAY ÇİZİK,ZÜLKÜF YILMAZ,57.0,5,0.0,0.0,0.0,50.0,0.0,88.0,1.91,1,13.0
2026-09-19-Ankara 75. Yıl Hipodromu-1,2026-09-19,1,Ankara 75. Yıl Hipodromu,1400.0,UÇANEDA,ROJHAT KURT,HÜSEYİN ATAŞ,53.0,10,0.0,0.0,0.0,0.0,0.0,72.0,0.51,1,0.0
2026-09-19-Ankara 75. Yıl Hipodromu-1,2026-09-19,1,Ankara 75. Yıl Hipodromu,1400.0,VİÇE HANIM,MERT GÖKALP ARSLAN,BURÇİN ARSLAN,57.0,6,0.0,50.0,50.0,50.0,50.0,88.0,1.81,0,16.0
2026-09-19-Ankara 75. Yıl Hipodromu-1,2026-09-19,1,Ankara 75. Yıl Hipodromu,1400.0,ZEYTİN DİBİ,MEHMET TAHA COŞKUN,RAMAZAN KAYA,53.0,2,17.5,5.0,5.0,0.0,5.0,72.0,3.96,2,24.0
2026-09-19-Ankara 75. Yıl Hipodromu-2,2026-09-19,2,Ankara 75. Yıl Hipodromu,2000.0,DIRAXTER,İSMAİL YILDIRIM,MEHMET DEMİROL,61.0,10,85.0,50.0,50.0,50.0,50.0,96.0,6.19,1,69.0
2026-09-19-Ankara 75. Yıl Hipodromu-2,2026-09-19,2,Ankara 75. Yıl Hipodromu,2000.0,ERKURT,SERHAT ÇELİK,ADNAN POLAT,60.0,8,0.0,0.0,50.0,50.0,0.0,100.0,1.62,1,74.0
2026-09-19-Ankara 75. Yıl Hipodromu-2,2026-09-19,2,Ankara 75. Yıl Hipodromu,2000.0,FERAT,ERAY ÇİZİK,ADEM GÜVEN,57.0,7,77.5,46.0,50.0,50.0,46.0,88.0,13.22,2,62.0
2026-09-19-Ankara 75. Yıl Hipodromu-2,2026-09-19,2,Ankara 75. Yıl Hipodromu,2000.0,GAZNELİ,VEDAT ABİŞ,ÜMİT ARSLAN,54.0,1,25.0,10.0,50.0,50.0,10.0,76.0,16.96,1,56.0
2026-09-19-Ankara 75. Yıl Hipodromu-2,2026-09-19,2,Ankara 75. Yıl Hipodromu,2000.0,KARSAVURANLI,ERTUĞRUL CANKILIÇ,MEHMET ALİ CANPOLATLI,60.5,5,85.0,50.0,50.0,50.0,82.0,98.0,18.07,1,73.0
2026-09-19-Ankara 75. Yıl Hipodromu-2,2026-09-19,2,Ankara 75. Yıl Hipodromu,2000.0,ODABAŞI,NİZAMETTİN DEMİR,ADNAN POLAT,57.5,9,62.5,50.0,46.0,64.0,46.0,90.0,2.63,2,58.0
2026-09-19-Ankara 75. Yıl Hipodromu-2,2026-09-19,2,Ankara 75. Yıl Hipodromu,2000.0,SAPANCA AĞASI,AYHAN KURŞUN,MERT KORKMAZ,61.5,2,0.0,0.0,50.0,0.0,50.0,94.0,7.05,1,71.0
2026-09-19-Ankara 75. Yıl Hipodromu-2,2026-09-19,2,Ankara 75. Yıl Hipodromu,2000.0,TABİP BEY,MEHMET ALİ AKGÖBEK,HÜSEYİN SUNKAR,58.5,4,0.0,0.0,0.0,50.0,50.0,94.0,2.48,1,65.0
2026-09-19-Ankara 75. Yıl Hipodromu-2,2026-09-19,2,Ankara 75. Yıl Hipodromu,2000.0,UMUTSER,MEHMET KESKİN,CUMALİ KARATAŞ,52.0,3,85.0,82.0,50.0,50.0,82.0,68.0,13.18,1,39.0
2026-09-19-Ankara 75. Yıl Hipodromu-2,2026-09-19,2,Ankara 75. Yıl Hipodromu,2000.0,ÖZGÜNVERA,MÜSLÜM ÇELİK,HÜSEYİN ATAŞ,52.0,6,70.0,64.0,50.0,50.0,64.0,68.0,18.6,1,52.0
2026-09-19-Ankara 75. Yıl Hipodromu-3,2026-09-19,3,Ankara 75. Yıl Hipodromu,1300.0,CAPRENO,FATİH SULTAN MEHMET SANSAR,YASİN POLAT,57.0,2,40.0,28.0,28.0,28.0,28.0,88.0,7.53,1,27.0
2026-09-19-Ankara 75. Yıl Hipodromu-3,2026-09-19,3,Ankara 75. Yıl Hipodromu,1300.0,LADY SOVEREIGN,MEHMET ALİ AKGÖBEK,İBRAHİM BEKİROĞULLARI,55.0,3,47.5,37.0,37.0,50.0,37.0,80.0,3.01,2,23.0
2026-09-19-Ankara 75. Yıl Hipodromu-3,2026-09-19,3,Ankara 75. Yıl Hipodromu,1300.0,MONIQUE,MÜSLÜM ÇELİK,RANA SUNA,55.0,4,40.0,50.0,28.0,50.0,50.0,80.0,2.07,1,0.0
2026-09-19-Ankara 75. Yıl Hipodromu-3,2026-09-19,3,Ankara 75. Yıl Hipodromu,1300.0,RADAGIA,VEDAT ABİŞ,CASIM KATI,57.0,1,70.0,64.0,64.0,50.0,64.0,88.0,61.12,1,46.0
2026-09-19-Ankara 75. Yıl Hipodromu-3,2026-09-19,3,Ankara 75. Yıl Hipodromu,1300.0,SAND PIPER,MEHMET SALİH ÇELİK,RANA SUNA,57.0,5,85.0,50.0,82.0,50.0,50.0,88.0,14.85,1,0.0
2026-09-19-Ankara 75. Yıl Hipodromu-3,2026-09-19,3,Ankara 75. Yıl Hipodromu,1300.0,SHALLOW,ERHAN AKTUĞ,HÜSEYİN SUNKAR,55.0,6,55.0,46.0,46.0,50.0,50.0,80.0,10.75,1,47.0
2026-09-19-Ankara 75. Yıl Hipodromu-3,2026-09-19,3,Ankara 75. Yıl Hipodromu,1300.0,VELOS THALOR,MEHMET TAHA COŞKUN,ÖMER FARUK ERTUĞRUL,53.0,7,0.0,50.0,50.0,50.0,50.0,72.0,0.66,0,13.0
2026-09-19-Ankara 75. Yıl Hipodromu-4,2026-09-19,4,Ankara 75. Yıl Hipodromu,1500.0,BAHAMA MAMA,ÖZCAN YILDIRIM,GÜNGÖR SÜTCÜ,57.0,2,0.0,50.0,50.0,50.0,50.0,88.0,37.93,0,82.0
2026-09-19-Ankara 75. Yıl Hipodromu-4,2026-09-19,4,Ankara 75. Yıl Hipodromu,1500.0,EMİRAY DAFNE,SALİH ÇELİK,CANSU ŞİMŞEK,60.0,5,55.0,46.0,46.0,46.0,46.0,100.0,8.05,1,68.0
2026-09-19-Ankara 75. Yıl Hipodromu-4,2026-09-19,4,Ankara 75. Yıl Hipodromu,1500.0,FELICIA STAR,MERT UYAR,VEDAT YILDIRIM,50.5,4,70.0,50.0,64.0,50.0,50.0,62.0,11.7,1,66.0
2026-09-19-Ankara 75. Yıl Hipodromu-4,2026-09-19,4,Ankara 75. Yıl Hipodromu,1500.0,GENGAR,AYHAN KURŞUN,İSMET TEKİNALP,57.0,3,0.0,50.0,50.0,50.0,50.0,88.0,5.27,0,82.0
2026-09-19-Ankara 75. Yıl Hipodromu-4,2026-09-19,4,Ankara 75. Yıl Hipodromu,1500.0,NORTHERN NURDETTA,VEDAT ABİŞ,VEDAT YILDIRIM,58.0,1,25.0,10.0,10.0,50.0,50.0,92.0,29.92,1,87.0
2026-09-19-Ankara 75. Yıl Hipodromu-4,2026-09-19,4,Ankara 75. Yıl Hipodromu,1500.0,ONE PAGE,MEHMET TAHA COŞKUN,ERGÜN ÇETİNKURT,56.0,6,55.0,46.0,46.0,28.0,46.0,84.0,2.49,2,66.0
2026-09-19-Ankara 75. Yıl Hipodromu-4,2026-09-19,4,Ankara 75. Yıl Hipodromu,1500.0,ROSAS DEL ROSEDAL,MEHMET ALİ AKGÖBEK,HÜSEYİN SUNKAR,56.5,7,25.0,12.667,19.0,5.0,5.0,86.0,4.63,3,63.0
2026-09-19-Ankara 75. Yıl Hipodromu-5,2026-09-19,5,Ankara 75. Yıl Hipodromu,1400.0,AFRİKA SULTANI,VEDAT ABİŞ,KADİR TEKİNALP,57.0,9,0.0,50.0,50.0,50.0,50.0,88.0,16.87,0,20.0
2026-09-19-Ankara 75. Yıl Hipodromu-5,2026-09-19,5,Ankara 75. Yıl Hipodromu,1400.0,ALGHABRA,NİZAMETTİN DEMİR,TAŞKIN AVCI,57.0,7,10.0,50.0,0.0,50.0,50.0,88.0,3.25,2,14.0
2026-09-19-Ankara 75. Yıl Hipodromu-5,2026-09-19,5,Ankara 75. Yıl Hipodromu,1400.0,BERAYZADE,ENES ATLAMAZ,MEHMET DEMİROL,53.0,3,40.0,28.0,28.0,28.0,28.0,72.0,7.66,1,13.0
2026-09-19-Ankara 75. Yıl Hipodromu-5,2026-09-19,5,Ankara 75. Yıl Hipodromu,1400.0,BİLGÜ,MEHMET KESKİN,CASIM KATI,57.0,8,10.0,0.0,0.0,50.0,0.0,88.0,6.29,1,20.0
2026-09-19-Ankara 75. Yıl Hipodromu-5,2026-09-19,5,Ankara 75. Yıl Hipodromu,1400.0,DOĞANGİR,HIŞMAN ÇİZİK,MERT KORKMAZ,57.0,4,0.0,50.0,50.0,50.0,50.0,88.0,13.46,0,0.0
2026-09-19-Ankara 75. Yıl Hipodromu-5,2026-09-19,5,Ankara 75. Yıl Hipodromu,1400.0,HÜSNECAN,AYHAN KURŞUN,YAŞAR DEMİR,57.0,5,0.0,50.0,50.0,50.0,50.0,88.0,23.71,0,0.0
2026-09-19-Ankara 75. Yıl Hipodromu-5,2026-09-19,5,Ankara 75. Yıl Hipodromu,1400.0,KINALIKAYAM,MEHMET TAHA COŞKUN,RAMAZAN KAYA,53.0,2,40.0,50.0,28.0,50.0,28.0,72.0,8.57,1,30.0
2026-09-19-Ankara 75. Yıl Hipodromu-5,2026-09-19,5,Ankara 75. Yıl Hipodromu,1400.0,KIZIM SAFİR,BURHAN KILINÇ,ÜMİT ARSLAN,57.0,6,0.0,0.0,0.0,50.0,0.0,88.0,1.06,2,10.0
2026-09-19-Ankara 75. Yıl Hipodromu-5,2026-09-19,5,Ankara 75. Yıl Hipodromu,1400.0,TALİHLİ KIZ,FESİH ÇETİNBAŞ,MEHMET ŞEFİK KILINÇ,57.0,1,40.0,28.0,28.0,28.0,28.0,88.0,16.51,2,17.0
2026-09-19-Ankara 75. Yıl Hipodromu-6,2026-09-19,6,Ankara 75. Yıl Hipodromu,1500.0,ATAMANBEY,GÖKHAN KOCAKAYA,VEDAT YILDIRIM,61.0,3,55.0,46.0,46.0,46.0,46.0,96.0,21.04,1,90.0
2026-09-19-Ankara 75. Yıl Hipodromu-6,2026-09-19,6,Ankara 75. Yıl Hipodromu,1500.0,BAY TOSUNOĞLU,AYHAN KURŞUN,CUMALİ KARATAŞ,57.5,10,0.0,50.0,50.0,50.0,50.0,90.0,10.49,0,97.0
2026-09-19-Ankara 75. Yıl Hipodromu-6,2026-09-19,6,Ankara 75. Yıl Hipodromu,1500.0,BEŞİR ÇAVUŞ,FESİH ÇETİNBAŞ,RAMAZAN KAYA,58.0,7,55.0,64.0,46.0,50.0,64.0,92.0,2.25,2,79.0
2026-09-19-Ankara 75. Yıl Hipodromu-6,2026-09-19,6,Ankara 75. Yıl Hipodromu,1500.0,DOĞAN KARDEŞLER,MEHMET AKYAVUZ,MEHMET ŞEFİK KILINÇ,55.5,5,0.0,50.0,50.0,50.0,50.0,82.0,18.48,0,106.0
2026-09-19-Ankara 75. Yıl Hipodromu-6,2026-09-19,6,Ankara 75. Yıl Hipodromu,1500.0,END GAME,SALİH ÇELİK,SEİT KAN,62.5,4,0.0,0.0,0.0,50.0,0.0,90.0,3.27,1,99.0
2026-09-19-Ankara 75. Yıl Hipodromu-6,2026-09-19,6,Ankara 75. Yıl Hipodromu,1500.0,ENDORFİN,VEDAT ABİŞ,ÜMİT ARSLAN,59.5,1,42.5,0.0,41.0,0.0,0.0,98.0,13.1,2,95.0
2026-09-19-Ankara 75. Yıl Hipodromu-6,2026-09-19,6,Ankara 75. Yıl Hipodromu,1500.0,HEDBE,HIŞMAN ÇİZİK,HASAN YILDIRIM,61.5,2,85.0,82.0,82.0,50.0,82.0,94.0,15.28,1,99.0
2026-09-19-Ankara 75. Yıl Hipodromu-6,2026-09-19,6,Ankara 75. Yıl Hipodromu,1500.0,KOCAEFE,MEHMET SALİH ÇELİK,SEİT KAN,57.5,9,25.0,10.0,10.0,50.0,10.0,90.0,11.97,1,95.0
2026-09-19-Ankara 75. Yıl Hipodromu-6,2026-09-19,6,Ankara 75. Yıl Hipodromu,1500.0,SAĞLAMCAN,SİNAN ÖZEN,TURGAY ÇEKİCİ,59.5,6,40.0,28.0,50.0,50.0,28.0,98.0,1.87,1,94.0
2026-09-19-Ankara 75. Yıl Hipodromu-6,2026-09-19,6,Ankara 75. Yıl Hipodromu,1500.0,SER DAĞYUDAN,NİZAMETTİN DEMİR,MEHMET KORKMAZ,58.0,8,0.0,50.0,50.0,50.0,50.0,92.0,1.42,0,76.0
2026-09-19-Ankara 75. Yıl Hipodromu-7,2026-09-19,7,Ankara 75. Yıl Hipodromu,1600.0,CAZATOR DE OSOS,İSMAİL YILDIRIM,HÜSEYİN SUNKAR,61.0,5,0.0,50.0,50.0,50.0,50.0,96.0,0.0,0,91.0
2026-09-19-Ankara 75. Yıl Hipodromu-7,2026-09-19,7,Ankara 75. Yıl Hipodromu,1600.0,FAST PILOT,ERTUĞRUL CANKILIÇ,AYHAN POLAT,60.0,6,62.5,55.0,55.0,50.0,55.0,100.0,0.0,2,89.0
2026-09-19-Ankara 75. Yıl Hipodromu-7,2026-09-19,7,Ankara 75. Yıl Hipodromu,1600.0,MİR EMRE,MÜSLÜM ÇELİK,RAMAZAN KAYA,54.5,2,0.0,50.0,50.0,50.0,50.0,78.0,0.0,0,81.0
2026-09-19-Ankara 75. Yıl Hipodromu-7,2026-09-19,7,Ankara 75. Yıl Hipodromu,1600.0,OĞLUM GALİBEY,NİZAMETTİN DEMİR,SEİT KAN,52.0,4,50.0,40.0,28.0,46.0,40.0,68.0,0.0,3,71.0
2026-09-19-Ankara 75. Yıl Hipodromu-7,2026-09-19,7,Ankara 75. Yıl Hipodromu,1600.0,PRINCESS QALİ,MERT UYAR,SERKAN SÜSLÜ,50.0,3,70.0,64.0,64.0,50.0,64.0,60.0,0.0,2,62.0
2026-09-19-Ankara 75. Yıl Hipodromu-7,2026-09-19,7,Ankara 75. Yıl Hipodromu,1600.0,TESCİL,ERAY ÇİZİK,YÜCEL ŞİMŞEK,52.0,1,40.0,28.0,50.0,50.0,28.0,68.0,0.0,1,57.0
2026-09-19-Ankara 75. Yıl Hipodromu-8,2026-09-19,8,Ankara 75. Yıl Hipodromu,2200.0,GLITTER WINGS,VEDAT ABİŞ,YASİN DEMİRKIRAN,56.0,4,70.0,64.0,64.0,50.0,50.0,84.0,0.0,1,89.0
2026-09-19-Ankara 75. Yıl Hipodromu-8,2026-09-19,8,Ankara 75. Yıl Hipodromu,2200.0,GÜÇLÜ TÜRK,SALİH ÇELİK,UĞUR KULAK,60.0,3,40.0,28.0,50.0,28.0,50.0,100.0,0.0,1,89.0
2026-09-19-Ankara 75. Yıl Hipodromu-8,2026-09-19,8,Ankara 75. Yıl Hipodromu,2200.0,JOHN ABRUZZI,AYHAN KURŞUN,İBRAHİM BEKİROĞULLARI,60.0,2,100.0,100.0,100.0,50.0,100.0,100.0,0.0,1,98.0
2026-09-19-Ankara 75. Yıl Hipodromu-8,2026-09-19,8,Ankara 75. Yıl Hipodromu,2200.0,LION TOMO,GÖKHAN KOCAKAYA,HÜSEYİN SUNKAR,60.0,5,0.0,50.0,50.0,50.0,50.0,100.0,0.0,0,78.0
2026-09-19-Ankara 75. Yıl Hipodromu-8,2026-09-19,8,Ankara 75. Yıl Hipodromu,2200.0,MARTİNA,ERHAN AKTUĞ,UĞUR KULAK,58.0,1,55.0,46.0,46.0,50.0,46.0,92.0,0.0,1,90.0
2026-09-19-Ankara 75. Yıl Hipodromu-9,2026-09-19,9,Ankara 75. Yıl Hipodromu,1400.0,ATEŞ ŞEKERİ,MEHMET NURİ SUNKAR,RAMAZAN TAŞDELEN,57.0,10,25.0,10.0,10.0,50.0,50.0,88.0,0.0,1,0.0
2026-09-19-Ankara 75. Yıl Hipodromu-9,2026-09-19,9,Ankara 75. Yıl Hipodromu,1400.0,BUZLUBADEM,SERKAN YILDIZ,HASAN GÜNEY,57.0,12,0.0,50.0,50.0,50.0,50.0,88.0,0.0,0,0.0
2026-09-19-Ankara 75. Yıl Hipodromu-9,2026-09-19,9,Ankara 75. Yıl Hipodromu,1400.0,CAN ŞEHRİBAN,HIŞMAN ÇİZİK,VELİ ÇİZİK,59.0,1,0.0,50.0,50.0,50.0,50.0,96.0,0.0,0,0.0
2026-09-19-Ankara 75. Yıl Hipodromu-9,2026-09-19,9,Ankara 75. Yıl Hipodromu,1400.0,ESLİNA DEFNE,BURHAN KILINÇ,MUSTAFA ÖZYİĞİT,57.0,7,10.0,0.0,0.0,0.0,50.0,88.0,0.0,1,13.0
2026-09-19-Ankara 75. Yıl Hipodromu-9,2026-09-19,9,Ankara 75. Yıl Hipodromu,1400.0,GÜNEŞMİLA,SALİH ÇELİK,RAMAZAN KAYA,62.0,4,62.5,55.0,55.0,50.0,55.0,92.0,0.0,2,36.0
2026-09-19-Ankara 75. Yıl Hipodromu-9,2026-09-19,9,Ankara 75. Yıl Hipodromu,1400.0,GÜNŞİRAY,MAHSUN TURAN,SEVGİ BEKTAŞ,57.0,6,70.0,64.0,64.0,50.0,64.0,88.0,0.0,1,27.0
2026-09-19-Ankara 75. Yıl Hipodromu-9,2026-09-19,9,Ankara 75. Yıl Hipodromu,1400.0,GÜZEL ELAM,UĞUR TEMUR,MEHMET ALİ CANPOLATLI,57.0,2,55.0,46.0,46.0,46.0,50.0,88.0,0.0,1,24.0
2026-09-19-Ankara 75. Yıl Hipodromu-9,2026-09-19,9,Ankara 75. Yıl Hipodromu,1400.0,OBA GÜZELİ,MEHMET ALİ AKGÖBEK,MEHMET ALİ CANPOLATLI,57.0,9,0.0,0.0,0.0,50.0,50.0,88.0,0.0,1,0.0
2026-09-19-Ankara 75. Yıl Hipodromu-9,2026-09-19,9,Ankara 75. Yıl Hipodromu,1400.0,SERÇE KIZI,FATİH SULTAN MEHMET SANSAR,CASIM KATI,59.0,8,70.0,64.0,64.0,64.0,64.0,96.0,0.0,1,35.0
2026-09-19-Ankara 75. Yıl Hipodromu-9,2026-09-19,9,Ankara 75. Yıl Hipodromu,1400.0,TOPRAK ÇİÇEĞİ,NİZAMETTİN DEMİR,TAŞKIN AVCI,57.0,5,20.0,50.0,14.0,50.0,50.0,88.0,0.0,2,15.0
2026-09-19-Ankara 75. Yıl Hipodromu-9,2026-09-19,9,Ankara 75. Yıl Hipodromu,1400.0,ÇİLDUTAY,GÖKHAN KOCAKAYA,ALİ KARATOPRAK,62.0,3,0.0,50.0,50.0,50.0,50.0,92.0,0.0,0,34.0
2026-09-19-Ankara 75. Yıl Hipodromu-9,2026-09-19,9,Ankara 75. Yıl Hipodromu,1400.0,ŞEHLA,MEHMET TAHA COŞKUN,MEHMET ŞEFİK KILINÇ,53.0,11,0.0,50.0,50.0,50.0,50.0,72.0,0.0,0,0.0
2026-09-19-Ankara 75. Yıl Hipodromu-10,2026-09-19,10,Ankara 75. Yıl Hipodromu,1200.0,ASTRA LUMINA,ERHAN AKTUĞ,ERGÜN ÇETİNKURT,56.0,5,0.0,0.0,0.0,50.0,0.0,84.0,0.0,1,29.0
2026-09-19-Ankara 75. Yıl Hipodromu-10,2026-09-19,10,Ankara 75. Yıl Hipodromu,1200.0,BLOODSHOT,NİZAMETTİN DEMİR,TAŞKIN AVCI,56.0,1,0.0,50.0,50.0,50.0,50.0,84.0,0.0,0,6.0
2026-09-19-Ankara 75. Yıl Hipodromu-10,2026-09-19,10,Ankara 75. Yıl Hipodromu,1200.0,CASHOUT,MEHMET SALİH ÇELİK,ERTAN ACER,59.0,8,40.0,50.0,50.0,50.0,50.0,96.0,0.0,1,34.0
2026-09-19-Ankara 75. Yıl Hipodromu-10,2026-09-19,10,Ankara 75. Yıl Hipodromu,1200.0,GRAY SWORD,ENES ATLAMAZ,FERDİ KİP,52.0,3,0.0,0.0,0.0,50.0,0.0,68.0,0.0,1,28.0
2026-09-19-Ankara 75. Yıl Hipodromu-10,2026-09-19,10,Ankara 75. Yıl Hipodromu,1200.0,KHAN OF THE FOREST,ERTUĞRUL CANKILIÇ,YUSUF AKBULUT,55.0,7,17.5,50.0,5.0,50.0,5.0,80.0,0.0,2,15.0
2026-09-19-Ankara 75. Yıl Hipodromu-10,2026-09-19,10,Ankara 75. Yıl Hipodromu,1200.0,LAGARİ,ERAY ÇİZİK,KADİR BALTACI,58.0,10,25.0,10.0,10.0,50.0,10.0,92.0,0.0,1,28.0
2026-09-19-Ankara 75. Yıl Hipodromu-10,2026-09-19,10,Ankara 75. Yıl Hipodromu,1200.0,MY ROSECEM,FATİH SULTAN MEHMET SANSAR,YAKUP ÇAĞLAR,54.0,12,10.0,0.0,50.0,50.0,0.0,76.0,0.0,2,30.0
2026-09-19-Ankara 75. Yıl Hipodromu-10,2026-09-19,10,Ankara 75. Yıl Hipodromu,1200.0,PLIOSAUR,SERHAT ÇELİK,HAKKI TARIK DİKENCİK,54.0,11,0.0,50.0,0.0,50.0,50.0,76.0,0.0,2,15.0
2026-09-19-Ankara 75. Yıl Hipodromu-10,2026-09-19,10,Ankara 75. Yıl Hipodromu,1200.0,RACING PHANTOM,UĞUR TEMUR,NİHAT DÜNDAR,56.0,9,0.0,50.0,50.0,50.0,50.0,84.0,0.0,1,33.0
2026-09-19-Ankara 75. Yıl Hipodromu-10,2026-09-19,10,Ankara 75. Yıl Hipodromu,1200.0,RUNNER ON RIVER,VEDAT ABİŞ,HÜSEYİN TEKİNALP,58.0,2,0.0,50.0,50.0,50.0,50.0,92.0,0.0,0,34.0
2026-09-19-Ankara 75. Yıl Hipodromu-10,2026-09-19,10,Ankara 75. Yıl Hipodromu,1200.0,SON OF FEARLESS,SALİH ÇELİK,YELİZ BAYSAL,58.0,6,0.0,50.0,0.0,50.0,0.0,92.0,0.0,1,28.0
2026-09-19-Ankara 75. Yıl Hipodromu-10,2026-09-19,10,Ankara 75. Yıl Hipodromu,1200.0,UNDEFEATABLE,AYHAN KURŞUN,YASİN POLAT,56.0,4,0.0,50.0,50.0,50.0,50.0,84.0,0.0,0,0.0
2026-09-19-Diyarbakır Hipodromu-1,2026-09-19,1,Diyarbakır Hipodromu,2000.0,BLUE COMET,İSA KATAR,OSMAN DEMİR,54.5,1,55.0,46.0,50.0,50.0,50.0,78.0,15.5,1,26.0
2026-09-19-Diyarbakır Hipodromu-1,2026-09-19,1,Diyarbakır Hipodromu,2000.0,DOBRA KIZ,MEHMET DOĞAN,HAKAN ATAKAYA,62.5,11,47.5,50.0,10.0,64.0,50.0,90.0,6.93,2,34.0
2026-09-19-Diyarbakır Hipodromu-1,2026-09-19,1,Diyarbakır Hipodromu,2000.0,DREAM CHASER,REMZİ DOĞAN,SÜLEYMAN KARAKEÇİLİ,59.0,4,70.0,50.0,50.0,50.0,64.0,96.0,9.79,1,35.0
2026-09-19-Diyarbakır Hipodromu-1,2026-09-19,1,Diyarbakır Hipodromu,2000.0,ETERNAL STORM,ABDULLAH ÇANKAYA,MEHMET KAYA,54.0,13,0.0,50.0,50.0,50.0,50.0,76.0,1.77,0,25.0
2026-09-19-Diyarbakır Hipodromu-1,2026-09-19,1,Diyarbakır Hipodromu,2000.0,GOLDEN SOUL,YUSUF CENGİZ,BAHATTİN DEMİRKAPU,63.0,2,40.0,28.0,50.0,28.0,50.0,88.0,4.93,1,35.0
2026-09-19-Diyarbakır Hipodromu-1,2026-09-19,1,Diyarbakır Hipodromu,2000.0,LUXUARY,LEVENT TAPTIK,SÜLEYMAN KARAKEÇİLİ,56.0,5,42.5,82.0,0.0,50.0,41.0,84.0,2.71,2,33.0
2026-09-19-Diyarbakır Hipodromu-1,2026-09-19,1,Diyarbakır Hipodromu,2000.0,PROMISE ME DELIGHT,HAKİM YÖNDEN,ELİF AÇMAZ,57.0,8,25.0,10.0,50.0,10.0,10.0,88.0,3.46,1,29.0
2026-09-19-Diyarbakır Hipodromu-1,2026-09-19,1,Diyarbakır Hipodromu,2000.0,ROCKIN TIZWAY,SAMİ KAPLAN,ESER YILDIRIM,54.5,6,0.0,50.0,50.0,50.0,0.0,78.0,5.15,1,26.0
2026-09-19-Diyarbakır Hipodromu-1,2026-09-19,1,Diyarbakır Hipodromu,2000.0,SAKAMOTO,AHMET HASAN BAYAR,ERCAN ALTIN,54.5,3,0.0,50.0,0.0,0.0,0.0,78.0,2.06,1,18.0
2026-09-19-Diyarbakır Hipodromu-1,2026-09-19,1,Diyarbakır Hipodromu,2000.0,TALEBE,YUNUS ÇELİKBAŞ,ERCAN ALTIN,55.5,7,5.0,0.0,0.0,50.0,0.0,82.0,6.66,2,28.0
2026-09-19-Diyarbakır Hipodromu-1,2026-09-19,1,Diyarbakır Hipodromu,2000.0,TORUNUM DEVRİM,AZİZ AKDEMİR,HAKAN ATAKAYA,54.0,9,32.5,28.0,28.0,50.0,19.0,76.0,9.3,2,25.0
2026-09-19-Diyarbakır Hipodromu-1,2026-09-19,1,Diyarbakır Hipodromu,2000.0,VOICE OF REASON,MUSTAFA IŞIK,MEHMET KAYA,59.5,12,10.0,0.0,50.0,50.0,0.0,98.0,11.94,1,28.0
2026-09-19-Diyarbakır Hipodromu-1,2026-09-19,1,Diyarbakır Hipodromu,2000.0,ZAEDNO,İSA AKYAVUZ,SÜLEYMAN KARAKEÇİLİ,58.5,10,10.0,50.0,50.0,50.0,0.0,94.0,19.82,1,34.0
2026-09-19-Diyarbakır Hipodromu-2,2026-09-19,2,Diyarbakır Hipodromu,1200.0,ACCOUNTANT GIRL,LEVENT TAPTIK,ERCAN ALTIN,56.0,7,0.0,0.0,50.0,50.0,0.0,84.0,2.28,1,32.0
2026-09-19-Diyarbakır Hipodromu-2,2026-09-19,2,Diyarbakır Hipodromu,1200.0,AZİZ GEÇGELHAT,İSA KATAR,OSMAN DEMİR,58.0,3,0.0,50.0,50.0,50.0,50.0,92.0,8.97,0,41.0
2026-09-19-Diyarbakır Hipodromu-2,2026-09-19,2,Diyarbakır Hipodromu,1200.0,GOLDEN COOGER,İSA AKYAVUZ,ERCAN ALTIN,56.0,2,27.5,50.0,46.0,50.0,23.0,84.0,10.84,2,41.0
2026-09-19-Diyarbakır Hipodromu-2,2026-09-19,2,Diyarbakır Hipodromu,1200.0,LUCKY ANGEL,MEHMET ALİ AKTÜRK,OSMAN DEMİR,56.0,12,35.0,64.0,50.0,0.0,0.0,84.0,3.07,2,38.0
2026-09-19-Diyarbakır Hipodromu-2,2026-09-19,2,Diyarbakır Hipodromu,1200.0,OLOBOR,MEHMET EMİN DOĞAN,İBRAHİM ATMACA,55.0,13,0.0,50.0,50.0,50.0,50.0,80.0,1.68,0,0.0
2026-09-19-Diyarbakır Hipodromu-2,2026-09-19,2,Diyarbakır Hipodromu,1200.0,PİTON KIZ,YUNUS ÇELİKBAŞ,İBRAHİM ATMACA,56.0,4,0.0,50.0,50.0,50.0,0.0,84.0,2.08,2,34.0
2026-09-19-Diyarbakır Hipodromu-2,2026-09-19,2,Diyarbakır Hipodromu,1200.0,SLICE OF LIFE,AZİZ AKDEMİR,MUHAMMED BULUÇ,58.0,8,0.0,50.0,50.0,50.0,50.0,92.0,11.56,0,32.0
2026-09-19-Diyarbakır Hipodromu-2,2026-09-19,2,Diyarbakır Hipodromu,1200.0,SON OFF OZAN,FERİT YARDIMCI,MEHMET ALİ SUBAY,61.0,1,40.0,50.0,50.0,28.0,28.0,96.0,18.59,1,54.0
2026-09-19-Diyarbakır Hipodromu-2,2026-09-19,2,Diyarbakır Hipodromu,1200.0,SOSAN,AHMET HASAN BAYAR,HASAN TEKİNALP,60.0,9,70.0,50.0,64.0,50.0,50.0,100.0,5.36,1,33.0
2026-09-19-Diyarbakır Hipodromu-2,2026-09-19,2,Diyarbakır Hipodromu,1200.0,SUNFYRE,MUSTAFA IŞIK,MEHMET KAYA,55.0,5,85.0,82.0,50.0,50.0,82.0,80.0,16.3,1,0.0
2026-09-19-Diyarbakır Hipodromu-2,2026-09-19,2,Diyarbakır Hipodromu,1200.0,SUPER SHOW,REMZİ DOĞAN,MEHMET KAYA,60.0,11,25.0,10.0,10.0,50.0,10.0,100.0,4.42,1,32.0
2026-09-19-Diyarbakır Hipodromu-2,2026-09-19,2,Diyarbakır Hipodromu,1200.0,SWORD OF GOLD,MEHMET DOĞAN,MUHAMMED BULUÇ,56.0,6,0.0,50.0,0.0,50.0,0.0,84.0,1.38,2,23.0
2026-09-19-Diyarbakır Hipodromu-2,2026-09-19,2,Diyarbakır Hipodromu,1200.0,ÜNLÜSİMA,YUSUF CENGİZ,ZEKERİYA AKDEMİR,56.0,10,25.0,50.0,10.0,50.0,10.0,84.0,9.6,1,32.0
2026-09-19-Diyarbakır Hipodromu-3,2026-09-19,3,Diyarbakır Hipodromu,1700.0,ANADOLU KAPLANI,MEHMET DOĞAN,ESER YILDIRIM,60.0,11,62.5,64.0,46.0,50.0,55.0,100.0,8.81,2,78.0
2026-09-19-Diyarbakır Hipodromu-3,2026-09-19,3,Diyarbakır Hipodromu,1700.0,CAFER BEY,SAMİ KAPLAN,ELİF AÇMAZ,56.0,5,0.0,50.0,50.0,0.0,0.0,84.0,1.54,1,82.0
2026-09-19-Diyarbakır Hipodromu-3,2026-09-19,3,Diyarbakır Hipodromu,1700.0,CALIBRATION,FERİT YARDIMCI,MEHMET KAYA,60.0,7,85.0,82.0,82.0,82.0,82.0,100.0,55.75,1,81.0
2026-09-19-Diyarbakır Hipodromu-3,2026-09-19,3,Diyarbakır Hipodromu,1700.0,DESERT FEVER,HAKİM YÖNDEN,HAKAN ATAKAYA,54.0,6,40.0,50.0,28.0,28.0,28.0,76.0,1.65,1,57.0
2026-09-19-Diyarbakır Hipodromu-3,2026-09-19,3,Diyarbakır Hipodromu,1700.0,IRISH MILLIONS,ABDULLAH ÇANKAYA,ORHAN GÖRMEZ,60.0,9,0.0,0.0,0.0,50.0,0.0,100.0,3.37,2,57.0
2026-09-19-Diyarbakır Hipodromu-3,2026-09-19,3,Diyarbakır Hipodromu,1700.0,KUTUP KIZI,AHMET HASAN BAYAR,SÜLEYMAN KARAKEÇİLİ,61.0,3,27.5,23.0,50.0,50.0,23.0,96.0,3.11,2,75.0
2026-09-19-Diyarbakır Hipodromu-3,2026-09-19,3,Diyarbakır Hipodromu,1700.0,MOONFAIRY,İSA KATAR,ORHAN GÖRMEZ,56.0,1,10.0,0.0,0.0,50.0,0.0,84.0,11.45,1,82.0
2026-09-19-Diyarbakır Hipodromu-3,2026-09-19,3,Diyarbakır Hipodromu,1700.0,PIRATE OF THE SEA,YUSUF CENGİZ,OSMAN DEMİR,63.0,8,12.5,0.0,5.0,50.0,50.0,88.0,4.17,2,87.0
2026-09-19-Diyarbakır Hipodromu-3,2026-09-19,3,Diyarbakır Hipodromu,1700.0,SPEEDING BULLET,REMZİ DOĞAN,HASAN TEKİNALP,58.0,4,40.0,28.0,46.0,50.0,28.0,92.0,3.32,2,63.0
2026-09-19-Diyarbakır Hipodromu-3,2026-09-19,3,Diyarbakır Hipodromu,1700.0,TAHİRBEYLİ,MEHMET EMİN DOĞAN,MAHMUT DOĞAN,58.0,10,0.0,50.0,50.0,50.0,50.0,92.0,1.27,0,47.0
2026-09-19-Diyarbakır Hipodromu-3,2026-09-19,3,Diyarbakır Hipodromu,1700.0,VERMİTHRAX,AZİZ AKDEMİR,ERCAN ALTIN,56.0,2,10.0,50.0,0.0,50.0,0.0,84.0,2.12,2,60.0
2026-09-19-Diyarbakır Hipodromu-4,2026-09-19,4,Diyarbakır Hipodromu,1200.0,DÜZGÖRÜN OĞLU,AHMET HASAN BAYAR,MEHMET ALİ SUBAY,57.0,10,0.0,50.0,50.0,50.0,50.0,88.0,16.92,0,0.0
2026-09-19-Diyarbakır Hipodromu-4,2026-09-19,4,Diyarbakır Hipodromu,1200.0,EFSANE YILMAZ,İSA AKYAVUZ,HAKAN ATAKAYA,57.0,9,60.0,50.0,46.0,50.0,52.0,88.0,12.11,3,21.0
2026-09-19-Diyarbakır Hipodromu-4,2026-09-19,4,Diyarbakır Hipodromu,1200.0,FIRATHAN AĞASI,LEVENT TAPTIK,MEHMET KAYA,57.0,5,35.0,64.0,32.0,64.0,32.0,88.0,8.62,2,21.0
2026-09-19-Diyarbakır Hipodromu-4,2026-09-19,4,Diyarbakır Hipodromu,1200.0,KAHRAMAN,YUSUF CENGİZ,HAKAN ATAKAYA,56.0,7,12.5,50.0,5.0,10.0,5.0,84.0,8.82,2,10.0
2026-09-19-Diyarbakır Hipodromu-4,2026-09-19,4,Diyarbakır Hipodromu,1200.0,SEYYARETAY,MEHMET ALİ AKTÜRK,ESER YILDIRIM,56.0,6,70.0,50.0,64.0,64.0,64.0,84.0,18.28,2,26.0
2026-09-19-Diyarbakır Hipodromu-4,2026-09-19,4,Diyarbakır Hipodromu,1200.0,TİGRİS HANIM,YUNUS ÇELİKBAŞ,ELİF AÇMAZ,55.0,3,20.0,28.0,14.0,50.0,14.0,80.0,3.58,2,24.0
2026-09-19-Diyarbakır Hipodromu-4,2026-09-19,4,Diyarbakır Hipodromu,1200.0,URFA KAPLANI,REMZİ DOĞAN,RESUL KAYA,57.0,1,5.0,0.0,0.0,50.0,0.0,88.0,5.3,2,26.0
2026-09-19-Diyarbakır Hipodromu-4,2026-09-19,4,Diyarbakır Hipodromu,1200.0,ZOR AĞA,SAMİ KAPLAN,MEHMET KAYA,55.0,8,0.0,50.0,50.0,50.0,50.0,80.0,5.73,0,13.0
2026-09-19-Diyarbakır Hipodromu-4,2026-09-19,4,Diyarbakır Hipodromu,1200.0,ÖZGÜRAK,MEHMET DOĞAN,İBRAHİM ATMACA,59.0,4,62.5,50.0,82.0,82.0,55.0,96.0,17.49,2,26.0
2026-09-19-Diyarbakır Hipodromu-4,2026-09-19,4,Diyarbakır Hipodromu,1200.0,ŞAH TUNALI,İSA KATAR,HAKAN ATAKAYA,55.0,2,11.667,50.0,0.0,50.0,5.0,80.0,3.16,3,21.0
2026-09-19-Diyarbakır Hipodromu-5,2026-09-19,5,Diyarbakır Hipodromu,1200.0,ANGEL OF DONYA,MUSTAFA IŞIK,ELİF AÇMAZ,58.0,3,0.0,50.0,50.0,50.0,50.0,92.0,32.54,0,41.0
2026-09-19-Diyarbakır Hipodromu-5,2026-09-19,5,Diyarbakır Hipodromu,1200.0,BY SİNANLI,HAKİM YÖNDEN,MUHAMMED BULUÇ,54.0,6,25.0,28.0,14.0,50.0,14.0,76.0,2.66,2,12.0
2026-09-19-Diyarbakır Hipodromu-5,2026-09-19,5,Diyarbakır Hipodromu,1200.0,DAUGHTER OF VICTOR,YUNUS ÇELİKBAŞ,ZEKERİYA AKDEMİR,55.0,4,70.0,50.0,64.0,64.0,50.0,80.0,4.56,2,33.0
2026-09-19-Diyarbakır Hipodromu-5,2026-09-19,5,Diyarbakır Hipodromu,1200.0,EWER OF SWEET,İSA AKYAVUZ,ERCAN ALTIN,55.0,7,0.0,50.0,50.0,50.0,50.0,80.0,38.99,0,41.0
2026-09-19-Diyarbakır Hipodromu-5,2026-09-19,5,Diyarbakır Hipodromu,1200.0,KUMSAL STAR,AZİZ AKDEMİR,ELİF AÇMAZ,54.0,2,62.5,100.0,55.0,50.0,55.0,76.0,4.69,2,34.0
2026-09-19-Diyarbakır Hipodromu-5,2026-09-19,5,Diyarbakır Hipodromu,1200.0,ÇELİK STAR,YUSUF CENGİZ,SÜLEYMAN KARAKEÇİLİ,57.0,5,70.0,50.0,64.0,50.0,64.0,88.0,6.46,1,33.0
2026-09-19-Diyarbakır Hipodromu-5,2026-09-19,5,Diyarbakır Hipodromu,1200.0,ŞAHPERİ,REMZİ DOĞAN,HALİL TÜRKMAN,57.0,1,100.0,50.0,100.0,50.0,50.0,88.0,10.1,1,38.0
2026-09-19-Diyarbakır Hipodromu-6,2026-09-19,6,Diyarbakır Hipodromu,1200.0,AYSUNAR,MEHMET ALİ AKTÜRK,ESER YILDIRIM,56.0,11,0.0,50.0,50.0,50.0,50.0,84.0,1.59,0,31.0
2026-09-19-Diyarbakır Hipodromu-6,2026-09-19,6,Diyarbakır Hipodromu,1200.0,BİTİRİM SEDA,YUNUS ÇELİKBAŞ,İBRAHİM ATMACA,56.0,9,21.667,50.0,23.0,0.0,15.333,84.0,6.24,3,56.0
2026-09-19-Diyarbakır Hipodromu-6,2026-09-19,6,Diyarbakır Hipodromu,1200.0,DENGİZ EFSANESİ,AHMET HASAN BAYAR,İBRAHİM ATMACA,55.0,14,0.0,50.0,50.0,50.0,50.0,80.0,1.47,0,27.0
2026-09-19-Diyarbakır Hipodromu-6,2026-09-19,6,Diyarbakır Hipodromu,1200.0,FATMA HANIM,HAKİM YÖNDEN,MEHMET KAYA,57.0,4,77.5,73.0,64.0,64.0,73.0,88.0,7.65,2,46.0
2026-09-19-Diyarbakır Hipodromu-6,2026-09-19,6,Diyarbakır Hipodromu,1200.0,GAYECAN,SAMİ KAPLAN,BAHATTİN DEMİRKAPU,59.0,3,27.5,23.0,0.0,23.0,23.0,96.0,13.94,2,66.0
2026-09-19-Diyarbakır Hipodromu-6,2026-09-19,6,Diyarbakır Hipodromu,1200.0,PRENSES DİLARA,AZİZ AKDEMİR,MEHMET ASLAN,61.0,1,62.5,55.0,82.0,82.0,55.0,96.0,25.42,2,75.0
2026-09-19-Diyarbakır Hipodromu-6,2026-09-19,6,Diyarbakır Hipodromu,1200.0,PRINCESS GIRL,REMZİ DOĞAN,HASAN TEKİNALP,56.0,5,36.667,10.0,0.0,50.0,30.667,84.0,7.09,3,39.0
2026-09-19-Diyarbakır Hipodromu-6,2026-09-19,6,Diyarbakır Hipodromu,1200.0,SEYRANTAY,İSA AKYAVUZ,MAHMUT DOĞAN,61.0,10,25.0,50.0,50.0,50.0,10.0,96.0,10.88,1,56.0
2026-09-19-Diyarbakır Hipodromu-6,2026-09-19,6,Diyarbakır Hipodromu,1200.0,SHINE,ABDULLAH ÇANKAYA,HAKAN ATAKAYA,55.0,12,0.0,50.0,50.0,50.0,50.0,80.0,1.53,0,41.0
2026-09-19-Diyarbakır Hipodromu-6,2026-09-19,6,Diyarbakır Hipodromu,1200.0,SÜRATLİ KIZ,YUSUF CENGİZ,BAHATTİN DEMİRKAPU,56.0,2,0.0,50.0,50.0,50.0,50.0,84.0,4.24,0,73.0
2026-09-19-Diyarbakır Hipodromu-6,2026-09-19,6,Diyarbakır Hipodromu,1200.0,YETİMABLA,İSA KATAR,RESUL KAYA,55.0,8,0.0,50.0,50.0,50.0,50.0,80.0,3.38,0,30.0
2026-09-19-Diyarbakır Hipodromu-6,2026-09-19,6,Diyarbakır Hipodromu,1200.0,ZULEMA,LEVENT TAPTIK,ERCAN ALTIN,56.0,13,0.0,50.0,0.0,50.0,0.0,84.0,1.65,1,55.0
2026-09-19-Diyarbakır Hipodromu-6,2026-09-19,6,Diyarbakır Hipodromu,1200.0,ÇİÇEKMAST,MEHMET EMİN DOĞAN,MAHMUT DOĞAN,60.0,6,50.0,50.0,50.0,50.0,50.0,100.0,11.9,2,56.0
2026-09-19-Diyarbakır Hipodromu-6,2026-09-19,6,Diyarbakır Hipodromu,1200.0,ŞAL KIZI,MEHMET DOĞAN,OSMAN DEMİR,56.0,7,0.0,50.0,50.0,50.0,50.0,84.0,3.02,0,37.0
2026-09-20-Adana Yeşiloba Hipodromu-1,2026-09-20,1,Adana Yeşiloba Hipodromu,1300.0,ALMAS,MEHMET TİBET MURTOĞLU,AVNİ KARAKUŞ,50.0,9,0.0,0.0,0.0,50.0,0.0,60.0,0.5,2,26.0
2026-09-20-Adana Yeşiloba Hipodromu-1,2026-09-20,1,Adana Yeşiloba Hipodromu,1300.0,ALİMENDER,MEHMET SALİH ÇELİK,KADİR TAŞDEMİR,53.5,1,10.0,50.0,0.0,50.0,0.0,74.0,11.07,1,49.0
2026-09-20-Adana Yeşiloba Hipodromu-1,2026-09-20,1,Adana Yeşiloba Hipodromu,1300.0,ARSLAN OĞLU,MEHMET AKYAVUZ,SERHAT POLAT,63.0,2,70.0,82.0,64.0,82.0,82.0,88.0,16.79,2,68.0
2026-09-20-Adana Yeşiloba Hipodromu-1,2026-09-20,1,Adana Yeşiloba Hipodromu,1300.0,BALAK GAZİ,İSMAİL YILDIRIM,YUSUF CAN KARATOPRAK,54.0,11,0.0,0.0,50.0,50.0,50.0,76.0,3.39,1,48.0
2026-09-20-Adana Yeşiloba Hipodromu-1,2026-09-20,1,Adana Yeşiloba Hipodromu,1300.0,BUBUKAN,ENES ATLAMAZ,AVNİ KARAKUŞ,52.0,12,0.0,50.0,50.0,50.0,50.0,68.0,1.52,0,24.0
2026-09-20-Adana Yeşiloba Hipodromu-1,2026-09-20,1,Adana Yeşiloba Hipodromu,1300.0,CANMERT,MÜSLÜM ÇELİK,MEHMET DAŞ,55.0,3,10.0,0.0,50.0,50.0,50.0,80.0,13.57,1,52.0
2026-09-20-Adana Yeşiloba Hipodromu-1,2026-09-20,1,Adana Yeşiloba Hipodromu,1300.0,DEMİRDÖVEN KIZI,DOĞUKAN KONUK,ALİ GÜLLÜ,52.0,8,0.0,0.0,50.0,50.0,0.0,68.0,0.31,1,39.0
2026-09-20-Adana Yeşiloba Hipodromu-1,2026-09-20,1,Adana Yeşiloba Hipodromu,1300.0,RÜZGAR DELEN,NİZAMETTİN DEMİR,ERGÜN ÇETİNKURT,58.5,10,0.0,50.0,50.0,50.0,50.0,94.0,2.9,1,57.0
2026-09-20-Adana Yeşiloba Hipodromu-1,2026-09-20,1,Adana Yeşiloba Hipodromu,1300.0,SALAHİYET,MEHMET KIYAK,MEHMET DAŞ,60.0,5,40.0,46.0,10.0,50.0,28.0,100.0,12.72,2,66.0
2026-09-20-Adana Yeşiloba Hipodromu-1,2026-09-20,1,Adana Yeşiloba Hipodromu,1300.0,TEYAR,MEHMET TAHA COŞKUN,ADEM GÜVEN,59.0,4,0.0,50.0,0.0,50.0,0.0,96.0,33.42,1,66.0
2026-09-20-Adana Yeşiloba Hipodromu-1,2026-09-20,1,Adana Yeşiloba Hipodromu,1300.0,ÇİMENGÖZ,MERT UYAR,YUSUF CAN KARATOPRAK,51.0,7,0.0,0.0,0.0,50.0,50.0,64.0,0.53,3,34.0
2026-09-20-Adana Yeşiloba Hipodromu-1,2026-09-20,1,Adana Yeşiloba Hipodromu,1300.0,ÖZGÜNALP,ROJHAT KURT,HÜSEYİN SUNKAR,59.5,6,55.0,50.0,50.0,50.0,46.0,98.0,3.3,1,67.0
2026-09-20-Adana Yeşiloba Hipodromu-2,2026-09-20,2,Adana Yeşiloba Hipodromu,1300.0,BELLAFINA,HIŞMAN ÇİZİK,TEMÜR AYDIN,60.0,1,47.5,50.0,41.0,50.0,41.0,100.0,28.1,2,80.0
2026-09-20-Adana Yeşiloba Hipodromu-2,2026-09-20,2,Adana Yeşiloba Hipodromu,1300.0,BIG FORTUNA,MEHMET TAHA COŞKUN,MUSTAFA ÖZYİĞİT,56.0,5,0.0,50.0,50.0,50.0,50.0,84.0,5.16,0,71.0
2026-09-20-Adana Yeşiloba Hipodromu-2,2026-09-20,2,Adana Yeşiloba Hipodromu,1300.0,DİNEDA,ENES ATLAMAZ,YUNUS TUNCAY,52.5,10,0.0,0.0,50.0,50.0,0.0,70.0,0.54,1,41.0
2026-09-20-Adana Yeşiloba Hipodromu-2,2026-09-20,2,Adana Yeşiloba Hipodromu,1300.0,FORLORN,MEHMET SALİH ÇELİK,ALİ ÇIKMAN,56.0,9,85.0,82.0,82.0,82.0,82.0,84.0,20.32,1,85.0
2026-09-20-Adana Yeşiloba Hipodromu-2,2026-09-20,2,Adana Yeşiloba Hipodromu,1300.0,HIZLI GÖR,FESİH ÇETİNBAŞ,RAMAZAN TAŞDELEN,58.0,2,40.0,50.0,28.0,50.0,50.0,92.0,5.46,1,55.0
2026-09-20-Adana Yeşiloba Hipodromu-2,2026-09-20,2,Adana Yeşiloba Hipodromu,1300.0,PRINCESS BALA,FATİH RÜSTEM BEBEK,TAMER OĞUZHAN KARA,56.5,6,25.0,10.0,10.0,10.0,10.0,86.0,1.76,2,43.0
2026-09-20-Adana Yeşiloba Hipodromu-2,2026-09-20,2,Adana Yeşiloba Hipodromu,1300.0,SEHERİN YELİ,ERAY ÇİZİK,VELİ ÇİZİK,56.0,7,62.5,50.0,55.0,50.0,55.0,84.0,6.68,2,72.0
2026-09-20-Adana Yeşiloba Hipodromu-2,2026-09-20,2,Adana Yeşiloba Hipodromu,1300.0,SMART CHILDREN,İSMAİL YILDIRIM,ARZU KILIÇ,59.0,4,55.0,46.0,46.0,50.0,46.0,96.0,23.54,1,87.0
2026-09-20-Adana Yeşiloba Hipodromu-2,2026-09-20,2,Adana Yeşiloba Hipodromu,1300.0,STAR GATE,SALİH ÇELİK,RAMAZAN TAŞDELEN,57.0,8,10.0,0.0,0.0,50.0,0.0,88.0,5.84,1,59.0
2026-09-20-Adana Yeşiloba Hipodromu-2,2026-09-20,2,Adana Yeşiloba Hipodromu,1300.0,TEK NERGİZ,NİZAMETTİN DEMİR,YUNUS TUNCAY,56.0,3,25.0,10.0,10.0,50.0,10.0,84.0,2.61,2,51.0
2026-09-20-Adana Yeşiloba Hipodromu-3,2026-09-20,3,Adana Yeşiloba Hipodromu,1300.0,BOBİDİK,ERAY ÇİZİK,VEDAT YILDIRIM,57.0,3,0.0,50.0,50.0,50.0,50.0,88.0,7.51,0,0.0
2026-09-20-Adana Yeşiloba Hipodromu-3,2026-09-20,3,Adana Yeşiloba Hipodromu,1300.0,DISASTER GIRL,NİZAMETTİN DEMİR,MEHMET DAŞ,55.0,8,55.0,46.0,46.0,82.0,46.0,80.0,9.37,2,0.0
2026-09-20-Adana Yeşiloba Hipodromu-3,2026-09-20,3,Adana Yeşiloba Hipodromu,1300.0,DR NECO,MEHMET SALİH ÇELİK,ALİ ÇIKMAN,57.0,2,0.0,50.0,50.0,50.0,50.0,88.0,45.62,0,0.0
2026-09-20-Adana Yeşiloba Hipodromu-3,2026-09-20,3,Adana Yeşiloba Hipodromu,1300.0,IRRITABLE GIRL,MEHMET AKYAVUZ,MÜSLÜM YARDIMCI,59.0,6,85.0,82.0,82.0,50.0,50.0,96.0,12.81,1,30.0
2026-09-20-Adana Yeşiloba Hipodromu-3,2026-09-20,3,Adana Yeşiloba Hipodromu,1300.0,OTTANTOTTO,ENES ATLAMAZ,VEYSEL TEKİN,53.0,9,0.0,50.0,50.0,50.0,50.0,72.0,1.28,0,0.0
2026-09-20-Adana Yeşiloba Hipodromu-3,2026-09-20,3,Adana Yeşiloba Hipodromu,1300.0,PIPO DAYI,FATİH SULTAN MEHMET SANSAR,MEHMET GÜNEŞ,57.0,5,0.0,50.0,50.0,50.0,50.0,88.0,2.19,0,0.0
2026-09-20-Adana Yeşiloba Hipodromu-3,2026-09-20,3,Adana Yeşiloba Hipodromu,1300.0,POWER OF LIGHT,MEHMET TAHA COŞKUN,SERHAT ALTUNDAĞ,53.0,7,0.0,50.0,50.0,50.0,50.0,72.0,2.06,0,0.0
2026-09-20-Adana Yeşiloba Hipodromu-3,2026-09-20,3,Adana Yeşiloba Hipodromu,1300.0,SORKAN ASLANI,SALİH ÇELİK,ALİ GÜLLÜ,57.0,10,25.0,10.0,10.0,50.0,10.0,88.0,2.46,1,0.0
2026-09-20-Adana Yeşiloba Hipodromu-3,2026-09-20,3,Adana Yeşiloba Hipodromu,1300.0,TAHSİN ALP,FATİH RÜSTEM BEBEK,TAMER OĞUZHAN KARA,57.0,4,40.0,28.0,28.0,28.0,28.0,88.0,4.2,1,0.0
2026-09-20-Adana Yeşiloba Hipodromu-3,2026-09-20,3,Adana Yeşiloba Hipodromu,1300.0,VOOSEBHA,MERT UYAR,TAMER OĞUZHAN KARA,51.0,11,0.0,0.0,0.0,50.0,0.0,64.0,0.58,1,0.0
2026-09-20-Adana Yeşiloba Hipodromu-3,2026-09-20,3,Adana Yeşiloba Hipodromu,1300.0,YELLOW LION,MERT GÖKALP ARSLAN,YELİZ BAYSAL,60.0,1,70.0,50.0,64.0,64.0,50.0,100.0,11.92,1,33.0
2026-09-20-Adana Yeşiloba Hipodromu-4,2026-09-20,4,Adana Yeşiloba Hipodromu,1400.0,AFAMIA,SALİH ÇELİK,MUHAMMED AKYAVUZ,57.0,2,85.0,64.0,82.0,64.0,82.0,88.0,9.59,2,40.0
2026-09-20-Adana Yeşiloba Hipodromu-4,2026-09-20,4,Adana Yeşiloba Hipodromu,1400.0,CRIMSON POWER,MEHMET TAHA COŞKUN,YUNUS TUNCAY,56.0,5,47.5,10.0,37.0,50.0,10.0,84.0,4.55,2,49.0
2026-09-20-Adana Yeşiloba Hipodromu-4,2026-09-20,4,Adana Yeşiloba Hipodromu,1400.0,MYONEDAY,MEHMET AKYAVUZ,MUHAMMED AKYAVUZ,57.0,4,100.0,100.0,100.0,100.0,100.0,88.0,47.56,1,44.0
2026-09-20-Adana Yeşiloba Hipodromu-4,2026-09-20,4,Adana Yeşiloba Hipodromu,1400.0,NOBLE CREST,MEHMET SALİH ÇELİK,MUSTAFA ÖZYİĞİT,58.0,3,70.0,64.0,64.0,64.0,64.0,92.0,8.98,1,44.0
2026-09-20-Adana Yeşiloba Hipodromu-4,2026-09-20,4,Adana Yeşiloba Hipodromu,1400.0,ROSE WARRIOR,ERAY ÇİZİK,VEDAT YILDIRIM,57.0,1,85.0,50.0,82.0,50.0,50.0,88.0,29.32,1,48.0
2026-09-20-Adana Yeşiloba Hipodromu-5,2026-09-20,5,Adana Yeşiloba Hipodromu,1900.0,DOLCE MARE,ROJHAT KURT,ERSİN YEŞİL,57.5,11,85.0,50.0,50.0,50.0,50.0,90.0,24.02,1,58.0
2026-09-20-Adana Yeşiloba Hipodromu-5,2026-09-20,5,Adana Yeşiloba Hipodromu,1900.0,DOUBLE HEART,RÜZGAR YILDIZ,VEYSEL TEKİN,60.5,8,12.5,5.0,5.0,50.0,5.0,98.0,1.86,2,57.0
2026-09-20-Adana Yeşiloba Hipodromu-5,2026-09-20,5,Adana Yeşiloba Hipodromu,1900.0,EL INTOCABLE,MEHMET TİBET MURTOĞLU,YUNUS TUNCAY,58.5,4,42.5,0.0,41.0,50.0,41.0,94.0,3.93,2,53.0
2026-09-20-Adana Yeşiloba Hipodromu-5,2026-09-20,5,Adana Yeşiloba Hipodromu,1900.0,FAST FOTON,MURAT AKDAĞ,AVNİ KARAKUŞ,56.5,10,35.0,64.0,64.0,50.0,64.0,86.0,4.42,2,49.0
2026-09-20-Adana Yeşiloba Hipodromu-5,2026-09-20,5,Adana Yeşiloba Hipodromu,1900.0,LAMAZİ GOGO,MENNAN BAL,YAKUP MİSDİK,56.0,9,0.0,0.0,0.0,50.0,50.0,84.0,1.61,1,48.0
2026-09-20-Adana Yeşiloba Hipodromu-5,2026-09-20,5,Adana Yeşiloba Hipodromu,1900.0,LAST LEVEL,DOĞUKAN KONUK,MEHMET DAŞ,55.5,7,85.0,82.0,82.0,50.0,82.0,82.0,11.83,2,54.0
2026-09-20-Adana Yeşiloba Hipodromu-5,2026-09-20,5,Adana Yeşiloba Hipodromu,1900.0,MY SON NADİR,İLKER AKIN,RAMAZAN TAŞDELEN,56.0,12,40.0,28.0,50.0,50.0,28.0,84.0,4.71,1,48.0
2026-09-20-Adana Yeşiloba Hipodromu-5,2026-09-20,5,Adana Yeşiloba Hipodromu,1900.0,PALURİ MAN,TAMER BALİ,AYHAN DİNÇ,56.0,6,35.0,32.0,32.0,50.0,32.0,84.0,9.22,2,48.0
2026-09-20-Adana Yeşiloba Hipodromu-5,2026-09-20,5,Adana Yeşiloba Hipodromu,1900.0,SCHATZ,MERT UYAR,VEDAT YILDIRIM,57.0,3,70.0,50.0,50.0,50.0,50.0,88.0,18.0,1,57.0
2026-09-20-Adana Yeşiloba Hipodromu-5,2026-09-20,5,Adana Yeşiloba Hipodromu,1900.0,SIR AT,ENES ATLAMAZ,KEMAL SAVAŞ MUCUR,59.5,2,25.0,10.0,10.0,50.0,10.0,98.0,8.04,1,55.0
2026-09-20-Adana Yeşiloba Hipodromu-5,2026-09-20,5,Adana Yeşiloba Hipodromu,1900.0,SUN OF THE GÖKSU,MEHMET TAHA COŞKUN,MEVLÜT TEK,62.0,1,0.0,50.0,50.0,50.0,50.0,92.0,7.08,0,67.0
2026-09-20-Adana Yeşiloba Hipodromu-5,2026-09-20,5,Adana Yeşiloba Hipodromu,1900.0,SİAN,MEHMET ÇELİK,NİHAT DÜNDAR,63.0,5,0.0,50.0,50.0,50.0,50.0,88.0,5.26,0,62.0
2026-09-20-Adana Yeşiloba Hipodromu-6,2026-09-20,6,Adana Yeşiloba Hipodromu,1200.0,AZP STAR,MEHMET AKYAVUZ,YUSUF CAN KARATOPRAK,60.0,2,0.0,50.0,50.0,50.0,50.0,100.0,10.04,0,73.0
2026-09-20-Adana Yeşiloba Hipodromu-6,2026-09-20,6,Adana Yeşiloba Hipodromu,1200.0,BABA DOÇKA,SALİH ÇELİK,YAKUP ÇAĞLAR,58.0,11,92.5,91.0,100.0,100.0,91.0,92.0,6.46,2,54.0
2026-09-20-Adana Yeşiloba Hipodromu-6,2026-09-20,6,Adana Yeşiloba Hipodromu,1200.0,BİR KARA VEDAT,ERAY ÇİZİK,İLKER KÖROĞLU,55.0,13,0.0,50.0,50.0,50.0,50.0,80.0,8.75,0,41.0
2026-09-20-Adana Yeşiloba Hipodromu-6,2026-09-20,6,Adana Yeşiloba Hipodromu,1200.0,GREAT ANGEL,MURAT AKDAĞ,CELAL BURAK SERİNER,52.0,14,0.0,0.0,50.0,0.0,50.0,68.0,0.45,1,25.0
2026-09-20-Adana Yeşiloba Hipodromu-6,2026-09-20,6,Adana Yeşiloba Hipodromu,1200.0,IRONHOOF,TAMER BALİ,GÖZDE KÖSE,54.0,12,0.0,0.0,50.0,50.0,0.0,76.0,0.64,1,45.0
2026-09-20-Adana Yeşiloba Hipodromu-6,2026-09-20,6,Adana Yeşiloba Hipodromu,1200.0,KALİ STRATA,MEHMET SALİH ÇELİK,UĞUR KULAK,61.0,6,55.0,50.0,50.0,46.0,46.0,96.0,12.6,1,70.0
2026-09-20-Adana Yeşiloba Hipodromu-6,2026-09-20,6,Adana Yeşiloba Hipodromu,1200.0,KARACI,FATİH SULTAN MEHMET SANSAR,KADİR TAŞDEMİR,54.0,10,100.0,50.0,100.0,50.0,100.0,76.0,2.02,1,34.0
2026-09-20-Adana Yeşiloba Hipodromu-6,2026-09-20,6,Adana Yeşiloba Hipodromu,1200.0,KNOW WORTH,İSA KATAR,VELİ ÇİZİK,55.0,7,0.0,50.0,0.0,50.0,50.0,80.0,1.96,1,69.0
2026-09-20-Adana Yeşiloba Hipodromu-6,2026-09-20,6,Adana Yeşiloba Hipodromu,1200.0,MAXIMUS MAN,MERT GÖKALP ARSLAN,CELAL BURAK SERİNER,61.0,8,47.5,50.0,64.0,50.0,37.0,96.0,3.78,2,66.0
2026-09-20-Adana Yeşiloba Hipodromu-6,2026-09-20,6,Adana Yeşiloba Hipodromu,1200.0,RHINE FALLS,MERT UYAR,TAMER OĞUZHAN KARA,52.0,9,0.0,0.0,50.0,50.0,0.0,68.0,0.85,1,38.0
2026-09-20-Adana Yeşiloba Hipodromu-6,2026-09-20,6,Adana Yeşiloba Hipodromu,1200.0,SMALL BURGAZ,NİZAMETTİN DEMİR,ERCAN ALTIN,56.0,4,40.0,50.0,50.0,50.0,28.0,84.0,4.99,1,68.0
2026-09-20-Adana Yeşiloba Hipodromu-6,2026-09-20,6,Adana Yeşiloba Hipodromu,1200.0,SNOW LEOPARD,FESİH ÇETİNBAŞ,HÜSEYİN SUNKAR,61.0,3,0.0,50.0,50.0,50.0,50.0,96.0,13.48,0,76.0
2026-09-20-Adana Yeşiloba Hipodromu-6,2026-09-20,6,Adana Yeşiloba Hipodromu,1200.0,TELGRAF,HIŞMAN ÇİZİK,TEMÜR AYDIN,56.0,1,100.0,50.0,100.0,50.0,100.0,84.0,21.25,1,78.0
2026-09-20-Adana Yeşiloba Hipodromu-6,2026-09-20,6,Adana Yeşiloba Hipodromu,1200.0,TUVA,MÜSLÜM ÇELİK,UĞUR KULAK,61.0,5,85.0,50.0,50.0,50.0,82.0,96.0,12.73,1,61.0
2026-09-20-Adana Yeşiloba Hipodromu-7,2026-09-20,7,Adana Yeşiloba Hipodromu,1300.0,ASYANIN GÜNEŞİ,MERT UYAR,VEYSEL TEKİN,51.0,9,0.0,0.0,0.0,50.0,0.0,64.0,0.0,1,0.0
2026-09-20-Adana Yeşiloba Hipodromu-7,2026-09-20,7,Adana Yeşiloba Hipodromu,1300.0,BABA OCAĞI,MÜSLÜM ÇELİK,UĞUR KULAK,57.0,1,55.0,50.0,46.0,50.0,46.0,88.0,0.0,2,0.0
2026-09-20-Adana Yeşiloba Hipodromu-7,2026-09-20,7,Adana Yeşiloba Hipodromu,1300.0,DURABLE COLT,VELAT DEMİR,KADİR TAŞDEMİR,55.0,10,0.0,0.0,0.0,50.0,50.0,80.0,0.0,2,7.0
2026-09-20-Adana Yeşiloba Hipodromu-7,2026-09-20,7,Adana Yeşiloba Hipodromu,1300.0,FLASHING PEARL,İSMAİL YILDIRIM,YUSUF CAN KARATOPRAK,55.0,8,0.0,0.0,0.0,50.0,0.0,80.0,0.0,1,26.0
2026-09-20-Adana Yeşiloba Hipodromu-7,2026-09-20,7,Adana Yeşiloba Hipodromu,1300.0,KING SPECTER,ERAY ÇİZİK,VEDAT YILDIRIM,57.0,4,25.0,50.0,10.0,50.0,10.0,88.0,0.0,1,0.0
2026-09-20-Adana Yeşiloba Hipodromu-7,2026-09-20,7,Adana Yeşiloba Hipodromu,1300.0,LODBROK,NİZAMETTİN DEMİR,SENİHA ŞEN,57.0,5,0.0,50.0,50.0,50.0,50.0,88.0,0.0,0,0.0
2026-09-20-Adana Yeşiloba Hipodromu-7,2026-09-20,7,Adana Yeşiloba Hipodromu,1300.0,MİRANHAN,FATİH RÜSTEM BEBEK,TAMER OĞUZHAN KARA,57.0,6,0.0,50.0,50.0,50.0,50.0,88.0,0.0,0,0.0
2026-09-20-Adana Yeşiloba Hipodromu-7,2026-09-20,7,Adana Yeşiloba Hipodromu,1300.0,NORTH COMMAND,HIŞMAN ÇİZİK,MUSTAFA ÖZYİĞİT,57.0,2,0.0,50.0,50.0,50.0,50.0,88.0,0.0,0,0.0
2026-09-20-Adana Yeşiloba Hipodromu-7,2026-09-20,7,Adana Yeşiloba Hipodromu,1300.0,SHOT HILL,MEHMET KIYAK,VEYSEL TEKİN,53.0,7,0.0,0.0,0.0,50.0,0.0,72.0,0.0,1,0.0
2026-09-20-Adana Yeşiloba Hipodromu-7,2026-09-20,7,Adana Yeşiloba Hipodromu,1300.0,SING SCAT,SALİH ÇELİK,YAKUP MİSDİK,57.0,3,0.0,50.0,50.0,50.0,50.0,88.0,0.0,0,0.0
2026-09-20-Adana Yeşiloba Hipodromu-7,2026-09-20,7,Adana Yeşiloba Hipodromu,1300.0,ÇİMEN BERA,MEHMET AKYAVUZ,TAMER OĞUZHAN KARA,57.0,11,0.0,50.0,50.0,50.0,50.0,88.0,0.0,0,0.0
2026-09-20-Adana Yeşiloba Hipodromu-8,2026-09-20,8,Adana Yeşiloba Hipodromu,1900.0,ASLAN HATİP,HIŞMAN ÇİZİK,ELİF AÇMAZ,61.0,1,70.0,50.0,50.0,50.0,50.0,96.0,0.0,1,97.0
2026-09-20-Adana Yeşiloba Hipodromu-8,2026-09-20,8,Adana Yeşiloba Hipodromu,1900.0,BİNBİR FATİH,MÜSLÜM ÇELİK,ÇETİN ARSLAN,58.0,5,62.5,100.0,55.0,50.0,55.0,92.0,0.0,2,86.0
2026-09-20-Adana Yeşiloba Hipodromu-8,2026-09-20,8,Adana Yeşiloba Hipodromu,1900.0,CEVAHİRKAN,FESİH ÇETİNBAŞ,HÜSEYİN SUNKAR,58.0,2,47.5,50.0,46.0,46.0,50.0,92.0,0.0,2,94.0
2026-09-20-Adana Yeşiloba Hipodromu-8,2026-09-20,8,Adana Yeşiloba Hipodromu,1900.0,JÜLİDEKIZ,FATİH RÜSTEM BEBEK,İLKER KÖROĞLU,58.0,8,12.5,50.0,10.0,50.0,5.0,92.0,0.0,2,91.0
2026-09-20-Adana Yeşiloba Hipodromu-8,2026-09-20,8,Adana Yeşiloba Hipodromu,1900.0,KAYAFATİH,MEHMET SALİH ÇELİK,HÜSEYİN KAYA,61.0,4,62.5,50.0,82.0,50.0,55.0,96.0,0.0,2,101.0
2026-09-20-Adana Yeşiloba Hipodromu-8,2026-09-20,8,Adana Yeşiloba Hipodromu,1900.0,MUHAFIZ,SALİH ÇELİK,YAKUP MİSDİK,60.0,7,100.0,50.0,100.0,50.0,100.0,100.0,0.0,2,96.0
2026-09-20-Adana Yeşiloba Hipodromu-8,2026-09-20,8,Adana Yeşiloba Hipodromu,1900.0,NESİB,MEHMET AKYAVUZ,TUĞRUL TAHTA,62.0,6,0.0,50.0,0.0,50.0,50.0,92.0,0.0,1,89.0
2026-09-20-Adana Yeşiloba Hipodromu-8,2026-09-20,8,Adana Yeşiloba Hipodromu,1900.0,TORUNCALAS,FATİH SULTAN MEHMET SANSAR,MEHMET ALİ CANPOLATLI,58.0,3,70.0,50.0,50.0,64.0,64.0,92.0,0.0,1,99.0
2026-09-20-Adana Yeşiloba Hipodromu-9,2026-09-20,9,Adana Yeşiloba Hipodromu,1300.0,BABA İBO,MEHMET KIYAK,YUNUS TUNCAY,54.0,7,10.0,0.0,0.0,50.0,0.0,76.0,0.0,1,18.0
2026-09-20-Adana Yeşiloba Hipodromu-9,2026-09-20,9,Adana Yeşiloba Hipodromu,1300.0,BAYIR KHAN,MÜSLÜM ÇELİK,UĞUR KULAK,57.0,3,10.0,50.0,0.0,50.0,0.0,88.0,0.0,1,0.0
2026-09-20-Adana Yeşiloba Hipodromu-9,2026-09-20,9,Adana Yeşiloba Hipodromu,1300.0,DREAM POWER,FATİH SULTAN MEHMET SANSAR,MUSTAFA ATAL,55.0,9,0.0,50.0,50.0,50.0,50.0,80.0,0.0,0,0.0
2026-09-20-Adana Yeşiloba Hipodromu-9,2026-09-20,9,Adana Yeşiloba Hipodromu,1300.0,FALCON POWER,MEHMET AKYAVUZ,YUNUS TUNCAY,57.0,1,55.0,46.0,46.0,50.0,46.0,88.0,0.0,1,0.0
2026-09-20-Adana Yeşiloba Hipodromu-9,2026-09-20,9,Adana Yeşiloba Hipodromu,1300.0,FOREVER DALLAS,MEHMET SALİH ÇELİK,MUSTAFA GÜRCÜ,57.0,2,0.0,50.0,50.0,50.0,50.0,88.0,0.0,0,0.0
2026-09-20-Adana Yeşiloba Hipodromu-9,2026-09-20,9,Adana Yeşiloba Hipodromu,1300.0,HELL ANGEL,NİZAMETTİN DEMİR,YAKUP ÇAĞLAR,55.0,8,12.5,5.0,5.0,50.0,5.0,80.0,0.0,2,9.0
2026-09-20-Adana Yeşiloba Hipodromu-9,2026-09-20,9,Adana Yeşiloba Hipodromu,1300.0,KING SERGEN,SALİH ÇELİK,TAMER OĞUZHAN KARA,59.0,6,0.0,50.0,50.0,50.0,50.0,96.0,0.0,0,26.0
2026-09-20-Adana Yeşiloba Hipodromu-9,2026-09-20,9,Adana Yeşiloba Hipodromu,1300.0,SHA CARRI,VELAT DEMİR,HÜSEYİN SUNKAR,55.0,10,36.667,50.0,30.667,50.0,28.0,80.0,0.0,3,32.0
2026-09-20-Adana Yeşiloba Hipodromu-9,2026-09-20,9,Adana Yeşiloba Hipodromu,1300.0,SYDNEY WIZARD,FESİH ÇETİNBAŞ,SERHAT CEYLAN,55.0,4,62.5,55.0,55.0,55.0,50.0,80.0,0.0,2,0.0
2026-09-20-Adana Yeşiloba Hipodromu-9,2026-09-20,9,Adana Yeşiloba Hipodromu,1300.0,VEGVİSİR,FATİH RÜSTEM BEBEK,VEYSEL TEKİN,57.0,5,0.0,0.0,0.0,50.0,0.0,88.0,0.0,1,0.0
2026-09-20-Adana Yeşiloba Hipodromu-10,2026-09-20,10,Adana Yeşiloba Hipodromu,1200.0,ADİLE HANIM,MEHMET TAHA COŞKUN,YUSUF CAN KARATOPRAK,54.5,15,0.0,50.0,50.0,50.0,50.0,78.0,0.0,0,48.0
2026-09-20-Adana Yeşiloba Hipodromu-10,2026-09-20,10,Adana Yeşiloba Hipodromu,1200.0,BAŞ DAĞYUDAN,MEHMET AKYAVUZ,MEHMET KORKMAZ,61.0,2,10.0,50.0,50.0,0.0,0.0,96.0,0.0,1,55.0
2026-09-20-Adana Yeşiloba Hipodromu-10,2026-09-20,10,Adana Yeşiloba Hipodromu,1200.0,BELALI CİBEK,İSMAİL YILDIRIM,ERGÜN ÇETİNKURT,57.5,1,25.0,50.0,10.0,50.0,50.0,90.0,0.0,1,52.0
2026-09-20-Adana Yeşiloba Hipodromu-10,2026-09-20,10,Adana Yeşiloba Hipodromu,1200.0,DODOKAN,ERAY ÇİZİK,AVNİ KARAKUŞ,59.0,8,0.0,50.0,50.0,50.0,50.0,96.0,0.0,0,51.0
2026-09-20-Adana Yeşiloba Hipodromu-10,2026-09-20,10,Adana Yeşiloba Hipodromu,1200.0,GÜZELMİNE,VELAT DEMİR,SÜLEYMAN KARAKEÇİLİ,62.0,14,0.0,50.0,50.0,50.0,50.0,92.0,0.0,0,57.0
2026-09-20-Adana Yeşiloba Hipodromu-10,2026-09-20,10,Adana Yeşiloba Hipodromu,1200.0,KÜÇÜK KARTAL,MURAT AKDAĞ,TAMER OĞUZHAN KARA,52.0,11,0.0,0.0,50.0,50.0,50.0,68.0,0.0,2,28.0
2026-09-20-Adana Yeşiloba Hipodromu-10,2026-09-20,10,Adana Yeşiloba Hipodromu,1200.0,LUNA,SALİH ÇELİK,SENİHA ŞEN,57.0,12,10.0,50.0,50.0,50.0,0.0,88.0,0.0,1,47.0
2026-09-20-Adana Yeşiloba Hipodromu-10,2026-09-20,10,Adana Yeşiloba Hipodromu,1200.0,NEVALİ,MERT UYAR,MÜSLÜM YARDIMCI,51.0,13,0.0,50.0,50.0,50.0,50.0,64.0,0.0,0,9.0
2026-09-20-Adana Yeşiloba Hipodromu-10,2026-09-20,10,Adana Yeşiloba Hipodromu,1200.0,TAM BİR SAVAŞÇI,HIŞMAN ÇİZİK,VELİ ÇİZİK,57.5,10,10.0,50.0,0.0,50.0,0.0,90.0,0.0,1,48.0
2026-09-20-Adana Yeşiloba Hipodromu-10,2026-09-20,10,Adana Yeşiloba Hipodromu,1200.0,TAYYAR BEY,ENES ATLAMAZ,ÇETİN ARSLAN,52.0,5,0.0,50.0,50.0,50.0,50.0,68.0,0.0,0,43.0
2026-09-20-Adana Yeşiloba Hipodromu-10,2026-09-20,10,Adana Yeşiloba Hipodromu,1200.0,TOS FER,MEHMET KIYAK,YAKUP ÇAĞLAR,52.5,6,0.0,0.0,0.0,50.0,0.0,70.0,0.0,3,38.0
2026-09-20-Adana Yeşiloba Hipodromu-10,2026-09-20,10,Adana Yeşiloba Hipodromu,1200.0,VETCİHAN,FATİH SULTAN MEHMET SANSAR,MEHMET GÜNEŞ,52.5,9,62.5,55.0,50.0,55.0,55.0,70.0,0.0,2,38.0
2026-09-20-Adana Yeşiloba Hipodromu-10,2026-09-20,10,Adana Yeşiloba Hipodromu,1200.0,ÇELİK PARÇASI,NİZAMETTİN DEMİR,YUNUS TUNCAY,54.5,3,20.0,14.0,50.0,50.0,14.0,78.0,0.0,2,42.0
2026-09-20-Adana Yeşiloba Hipodromu-10,2026-09-20,10,Adana Yeşiloba Hipodromu,1200.0,ÇETİNYEL,ROJHAT KURT,YUNUS TUNCAY,52.0,4,25.0,50.0,10.0,50.0,50.0,68.0,0.0,1,32.0
2026-09-20-Adana Yeşiloba Hipodromu-10,2026-09-20,10,Adana Yeşiloba Hipodromu,1200.0,ÇEŞMEBAŞI,MÜSLÜM ÇELİK,YUNUS TUNCAY,56.5,7,25.0,10.0,50.0,50.0,10.0,86.0,0.0,1,46.0
